episode,reward_sum,bw_weighted_workload_delta_sum,bw_weighted_workload_level_sum,processed_ratio_eval,drop_ratio_eval,pre_backlog_steps_eval,D_sys_report,x_acc_mean,x_rel_mean,g_pre_mean,d_pre_mean,sat_overlap_eval,collision_episode_fraction,terminated_early,episode_length,gu_queue_mean,uav_queue_mean,sat_queue_mean,queue_total_mean,arrival_sum,outflow_sum,backhaul_sum,sat_processed_sum,drop_sum,outflow_arrival_ratio,sat_incoming_arrival_ratio,sat_processed_arrival_ratio,sat_processed_incoming_ratio,drop_ratio,step_count,processed_ratio_total,drop_ratio_total,pre_backlog_total,D_sys_total,x_acc_total,x_rel_total,g_pre_total,d_pre_total,sat_overlap_total,arrival_step_mean,outflow_step_mean,backhaul_step_mean,sat_processed_step_mean,drop_sum_active,gu_drop_sum,uav_drop_sum,sat_drop_sum,active_drop_ratio,gu_drop_ratio,uav_drop_ratio,sat_drop_ratio
0.0,73.67616085708141,3509.0484466552734,-6532.935932576656,0.9968673995733262,0.0010070900097489358,2.3771050131097438,2.7913923560604452,0.9987323689460754,0.9968673995733262,0.002124645134666935,0.0010070900097489358,0.6020000145435334,0.0,0.0,250.0,3267789.843,9909467.477333333,0.0,95084199.24,9999990968.0,9987323562.0,9968673879.0,9968673879.0,10070900.0,0.9987332582558789,0.9968682882714379,0.9968682882714379,1.0,0.0010070909096045095,250.0,249.21684989333153,0.2517725024372339,594.2762532774359,697.8480890151113,249.68309223651886,249.21684989333153,0.5311612836667337,0.2517725024372339,150.50000363588333,39999963.872,39949294.248,39874695.516,39874695.516,10070900.0,10070900.0,0.0,0.0,0.0010070909096045095,0.0010070909096045095,0.0,0.0
1.0,42.70927742123604,3567.6466784477234,-38338.65478801727,0.789941695868969,0.16195941099710762,8.36820504975319,12.513555898666382,0.789941757440567,0.789941695868969,0.04808844797904385,0.16195941099710762,0.48666667425632476,0.0,0.0,250.0,16112484.0566,4159505.749333333,0.0,334728198.416,9999896016.0,7899417474.0,7899416859.5,7899416859.5,1619594096.0,0.7899499616156809,0.7899499001650419,0.7899499001650419,1.0,0.1619610937362371,250.0,197.48542396724224,40.489852749276906,2092.0512624382973,3128.3889746665955,197.48543936014175,197.48542396724224,12.022111994760962,40.489852749276906,121.66666856408119,39999584.064,31597669.896,31597667.438,31597667.438,1619594096.0,1619594096.0,0.0,0.0,0.1619610937362371,0.1619610937362371,0.0,0.0
2.0,90.6433377712965,4070.3786573410034,-45086.97113223828,0.9053854829370975,0.09458941009457339,5.546607911194646,11.790901138487563,0.90538556599617,0.9053854829370975,3.518745818291791e-05,0.09458941009457339,0.6866666785478592,0.0,0.0,250.0,10259312.128800001,5559357.269333334,0.0,221864314.52,10000101612.0,9053855577.0,9053854750.0,9053854750.0,945894092.0,0.9053763579897512,0.9053762752905915,0.9053762752905915,1.0,0.0945884480678615,250.0,226.3463707342744,23.64735252364335,1386.6519777986614,2947.7252846218908,226.3463914990425,226.3463707342744,0.008796864545729477,23.64735252364335,171.6666696369648,40000406.448,36215422.308,36215419.0,36215419.0,945894092.0,945894092.0,0.0,0.0,0.0945884480678615,0.0945884480678615,0.0,0.0
3.0,42.04897165298462,3623.3380880355835,-47816.62747192383,0.8144306088089943,0.16672946119867266,8.891701106071473,12.78584370470047,0.8144306145906448,0.8144306088089943,0.018849756883884766,0.16672946119867266,0.6373333503007889,0.0,0.0,250.0,17105129.8312,4521814.1866666665,0.0,355668039.248,10000098248.0,8144306046.0,8144305957.0,8144305957.0,1667294584.0,0.8144226030608095,0.8144225941608969,0.8144225941608969,1.0,0.1667278203325108,250.0,203.60765220224857,41.68236529966816,2222.925276517868,3196.4609261751175,203.6076536476612,203.60765220224857,4.712439220971191,41.68236529966816,159.33333757519722,40000392.992,32577224.184,32577223.828,32577223.828,1667294584.0,1667294584.0,0.0,0.0,0.1667278203325108,0.1667278203325108,0.0,0.0
4.0,62.88466449081898,4013.9539461135864,-57053.70516264811,0.8405784056186676,0.15938227996230125,7.551392367849126,11.923588592099957,0.840578364610672,0.8405784056186676,4.7469780489336696e-05,0.15938227996230125,0.6626666851043701,0.0,0.0,250.0,14744511.405199999,2388486.8266666667,0.0,302055688.656,10000080900.0,8405783545.0,8405783969.0,8405783969.0,1593822772.0,0.840571554276126,0.8405715966757829,0.8405715966757829,1.0,0.15938098780780863,250.0,210.1446014046669,39.845569990575314,1887.8480919622816,2980.8971480249893,210.144591152668,210.1446014046669,0.011867445122334175,39.845569990575314,165.66667127609253,40000323.6,33623134.18,33623135.876,33623135.876,1593822772.0,1593822772.0,0.0,0.0,0.15938098780780863,0.15938098780780863,0.0,0.0
5.0,65.57108248770237,3495.8005514144897,-11497.495519042015,0.9136485158205032,0.05880469950288534,3.2820326512753963,4.315866117805243,0.9163934185504913,0.9136485158205032,0.027548845067532964,0.05880469950288534,0.5540000120997429,0.0,0.0,250.0,6060695.4974,3355798.0160000003,0.0,131281303.964,10000020684.0,9163934076.0,9136485065.0,9136485065.0,588046988.0,0.9163915121357963,0.913646616713338,0.913646616713338,1.0,0.058804577168612586,250.0,228.4121289551258,14.701174875721335,820.5081628188491,1078.9665294513106,229.09835463762283,228.4121289551258,6.8872112668832415,14.701174875721335,138.50000302493572,40000082.736,36655736.304,36545940.26,36545940.26,588046988.0,588046988.0,0.0,0.0,0.058804577168612586,0.058804577168612586,0.0,0.0
6.0,114.82288533449173,3263.339479446411,-3603.633946464892,0.9935315918922424,0.0026862732470035555,1.0522261316551158,1.1835272188647432,0.9954574677944183,0.9935315918922424,0.00378174510365352,0.0026862732470035555,0.6086666840314865,0.0,0.0,250.0,1542269.9354,3747881.9839999997,0.0,42089044.716,9999995620.0,9954574574.0,9935315797.0,9935315797.0,26862732.0,0.9954578934105573,0.9935320148670225,0.9935320148670225,1.0,0.002686274376588177,250.0,248.3828979730606,0.6715683117508888,263.05653291377894,295.8818047161858,248.86436694860458,248.3828979730606,0.9454362759133801,0.6715683117508888,152.16667100787163,39999982.48,39818298.296,39741263.188,39741263.188,26862732.0,26862732.0,0.0,0.0,0.002686274376588177,0.002686274376588177,0.0,0.0
7.0,52.43348443508148,3494.504680633545,-21778.423107925802,0.8789882897138596,0.09956014710571617,5.592368239075877,7.109915315082297,0.8802254780530929,0.8789882897138596,0.021452605184458663,0.09956014710571617,0.6053333438634872,0.0,0.0,250.0,10624041.6884,3737964.2026666664,0.0,223694726.504,10000010736.0,8802254680.0,8789882792.0,8789882792.0,995601456.0,0.8802245229909521,0.8789873355191966,0.8789873355191966,1.0,0.09956003871234244,250.0,219.7470724284649,24.890036776429042,1398.0920597689692,1777.4788287705742,220.05636951327324,219.7470724284649,5.3631512961146655,24.890036776429042,151.3333359658718,40000042.944,35209018.72,35159531.168,35159531.168,995601456.0,995601456.0,0.0,0.0,0.09956003871234244,0.09956003871234244,0.0,0.0
8.0,55.22927014529705,3603.6266860961914,-12340.333476543427,0.9837318497896195,0.008682658133562655,3.418163434743881,3.708767204582691,0.9837317988872528,0.9837318497896195,0.007598535148426891,0.008682658133562655,0.6153333496451378,0.0,0.0,250.0,6061105.115,5168144.554666667,0.0,136726536.06,10000129784.0,9837317866.0,9837318414.0,9837318414.0,86826580.0,0.9837190195010773,0.9837190743003661,0.9837190743003661,1.0,0.008682545314453892,250.0,245.93296244740486,2.1706645333906636,854.5408586859703,927.1918011456728,245.9329497218132,245.93296244740486,1.8996337871067226,2.1706645333906636,153.83333741128445,40000519.136,39349271.464,39349273.656,39349273.656,86826580.0,86826580.0,0.0,0.0,0.008682545314453892,0.008682545314453892,0.0,0.0
9.0,85.51293858885765,4168.94495677948,-52808.48534080386,0.8715260624885559,0.12502034994959832,5.647376381509006,13.430773717835546,0.8730588343739509,0.8715260624885559,0.003442682551976759,0.12502034994959832,0.6633333485126496,0.0,0.0,250.0,10942705.478,2346981.0346666668,0.0,225895052.676,9999891132.0,8730588236.0,8715260509.0,8715260509.0,1250203488.0,0.8730683285202789,0.8715355391331074,0.8715355391331074,1.0,0.1250217098863512,250.0,217.88151562213898,31.255087487399578,1411.8440953772515,3357.6934294588864,218.26470859348774,217.88151562213898,0.8606706379941897,31.255087487399578,165.83333712816238,39999564.528,34922352.944,34861042.036,34861042.036,1250203488.0,1250203488.0,0.0,0.0,0.1250217098863512,0.1250217098863512,0.0,0.0
10.0,46.34117175638676,3686.877345085144,-32135.86798763275,0.8969887689352035,0.09783113608555868,7.764368380904198,9.554844984531403,0.8979833047389985,0.8969887689352035,0.0051769291907548904,0.09783113608555868,0.5820000108480453,0.0,0.0,250.0,14338029.2222,7938049.024,0.0,310574731.632,9999968764.0,8979832950.0,8969887587.0,8969887587.0,978311348.0,0.8979860999493818,0.8969915605428385,0.8969915605428385,1.0,0.09783144038628719,250.0,224.2471922338009,24.45778402138967,1941.0920952260494,2388.7112461328506,224.4958261847496,224.2471922338009,1.2942322976887226,24.45778402138967,145.50000271201134,39999875.056,35919331.8,35879550.348,35879550.348,978311348.0,978311348.0,0.0,0.0,0.09783144038628719,0.09783144038628719,0.0,0.0
11.0,119.18731887638569,3621.793535232544,-12941.127939530823,0.9772516707181931,0.015996758557856084,2.0977755692846842,3.0442608305469623,0.9772518183588982,0.9772516707181931,0.006773699297264102,0.015996758557856084,0.6666666839718819,0.0,0.0,250.0,3585266.177,4068566.186666667,0.0,83911022.176,10000222560.0,9772518101.0,9772516617.0,9772516617.0,159967584.0,0.9772300608677653,0.977229912471068,0.977229912471068,1.0,0.01599640238406854,250.0,244.31291767954826,3.9991896394640207,524.443892321171,761.0652076367405,244.31295458972454,244.31291767954826,1.6934248243160255,3.9991896394640207,166.66667099297047,40000890.24,39090072.404,39090066.468,39090066.468,159967584.0,159967584.0,0.0,0.0,0.01599640238406854,0.01599640238406854,0.0,0.0
12.0,65.84543511271477,3441.0728964805603,-12981.175839535892,0.983629333794117,0.013503493336960673,3.027771218355745,4.211353129459545,0.98614039093256,0.983629333794117,0.0028652615622850137,0.013503493336960673,0.5500000039339066,0.0,0.0,250.0,5484310.8728,3808209.92,0.0,121110847.188,9999980912.0,9861403815.0,9836293233.0,9836293233.0,135034932.0,0.9861422638483532,0.9836312008552361,0.9836312008552361,1.0,0.01350351897551702,250.0,245.90733344852924,3.3758733342401683,756.9428045889363,1052.8382823648863,246.53509773314,245.90733344852924,0.7163153905712534,3.3758733342401683,137.50000098347664,39999923.648,39445615.26,39345172.932,39345172.932,135034932.0,135034932.0,0.0,0.0,0.01350351897551702,0.01350351897551702,0.0,0.0
13.0,93.48444965481758,3702.1543321609497,-12046.630748987198,0.9847594875097275,0.015177831530570984,2.2658495083265007,3.3297636446729304,0.9847594876885414,0.9847594875097275,6.613645108882338e-05,0.015177831530570984,0.6120000128746033,0.0,0.0,250.0,4100072.3372,2877510.656,0.0,90633978.792,10000034480.0,9847594771.0,9847594756.0,9847594756.0,151778312.0,0.9847560816610305,0.9847560801610356,0.9847560801610356,1.0,0.015177778867018467,250.0,246.18987187743187,3.794457882642746,566.4623770816252,832.4409111682326,246.18987192213535,246.18987187743187,0.016534112772205845,3.794457882642746,153.00000321865082,40000137.92,39390379.084,39390379.024,39390379.024,151778312.0,151778312.0,0.0,0.0,0.015177778867018467,0.015177778867018467,0.0,0.0
14.0,50.55332340300083,3485.4041152000427,-18720.026026248932,0.9188879270553589,0.037904276248067616,5.392931431770324,6.6366719102859495,0.9188879808187485,0.9188879270553589,0.043200000343844296,0.037904276248067616,0.572000010073185,0.0,0.0,250.0,8839735.762,12974179.669333333,0.0,215717254.376,9999922516.0,9188879700.0,9188879138.0,9188879138.0,379042760.0,0.9188950899667151,0.9188950337662797,0.9188950337662797,1.0,0.03790456969976786,250.0,229.72198176383972,9.476069062016904,1348.2328579425812,1659.1679775714874,229.72199520468712,229.72198176383972,10.800000085961074,9.476069062016904,143.00000251829624,39999690.064,36755518.8,36755516.552,36755516.552,379042760.0,379042760.0,0.0,0.0,0.03790456969976786,0.03790456969976786,0.0,0.0
15.0,44.15244913101196,3646.658347129822,-30526.082211494446,0.892852392911911,0.08660121794091538,6.879301149845123,8.545852466583252,0.8928523571491241,0.892852392911911,0.020525312315672638,0.08660121794091538,0.5520000080466271,0.0,0.0,250.0,13129055.7116,4196975.786666666,0.0,275172041.656,9999788840.0,8928523455.0,8928523826.0,8928523826.0,866012168.0,0.8928711993682459,0.8928712364690293,0.8928712364690293,1.0,0.086603045509909,250.0,223.21309822797775,21.650304485228844,1719.8252874612808,2136.463116645813,223.21308928728104,223.21309822797775,5.131328078918159,21.650304485228844,138.00000201165676,39999155.36,35714093.82,35714095.304,35714095.304,866012168.0,866012168.0,0.0,0.0,0.086603045509909,0.086603045509909,0.0,0.0
16.0,47.296325355768204,3667.438332557678,-32854.52810668945,0.8001554827690125,0.19261616771435366,7.418725763201714,10.860033516168594,0.8001554473638535,0.8001554827690125,0.007214642597362399,0.19261616771435366,0.6153333469033241,0.0,0.0,250.0,13695413.8352,7613583.189333334,0.0,296749026.128,9999862444.0,8001554378.0,8001554738.0,8001554738.0,1926161656.0,0.8001664445695449,0.8001664805700401,0.8001664805700401,1.0,0.1926188151873742,250.0,200.0388706922531,48.15404192858841,1854.6814408004284,2715.0083790421486,200.03886184096336,200.0388706922531,1.8036606493405998,48.15404192858841,153.83333672583103,39999449.776,32006217.512,32006218.952,32006218.952,1926161656.0,1926161656.0,0.0,0.0,0.1926188151873742,0.1926188151873742,0.0,0.0
17.0,87.82710434496403,3676.8403635025024,-14146.374627260491,0.9908020918369294,0.009111723294481636,3.948762361909845,4.429737685832544,0.9908020877838135,0.9908020918369294,8.157983480487018e-05,0.009111723294481636,0.6020000147819519,0.0,0.0,250.0,6604211.8278,8622085.290666668,0.0,157950492.412,9999953824.0,9908020778.0,9908020818.0,9908020818.0,91117232.0,0.9908066529488007,0.9908066569488191,0.9908066569488191,1.0,0.009111765274487331,250.0,247.70052295923233,2.2779308236204088,987.1905904774612,1107.434421458136,247.70052194595337,247.70052295923233,0.020394958701217547,2.2779308236204088,150.50000369548798,39999815.296,39632083.112,39632083.272,39632083.272,91117232.0,91117232.0,0.0,0.0,0.009111765274487331,0.009111765274487331,0.0,0.0
18.0,114.18582761287689,3684.453378677368,-35705.66982511396,0.8599516930580139,0.13543444472178817,4.997775988701964,8.36278424564784,0.8644939788579941,0.8599516930580139,0.00461067749914946,0.13543444472178817,0.6620000189542771,0.0,0.0,250.0,9528656.2042,3112637.6106666666,0.0,199911036.976,9999968248.0,8644939689.0,8599516832.0,8599516832.0,1354344428.0,0.8644967138499658,0.8599544137272545,0.8599544137272545,1.0,0.13543487283280822,250.0,214.98792326450348,33.85861118044704,1249.443997175491,2090.69606141196,216.12349471449852,214.98792326450348,1.152669374787365,33.85861118044704,165.50000473856926,39999872.992,34579758.756,34398067.328,34398067.328,1354344428.0,1354344428.0,0.0,0.0,0.13543487283280822,0.13543487283280822,0.0,0.0
19.0,58.56956233084202,3483.085259437561,-10630.860229492188,0.9788551889061928,0.017023642241954802,2.740474061489105,3.3140614547729492,0.9808316725492477,0.9788551889061928,0.004123342231468996,0.017023642241954802,0.6360000150203705,0.0,0.0,250.0,5158332.3356,2150771.541333333,0.0,109618961.328,10000021748.0,9808316590.0,9788551777.0,9788551777.0,170236420.0,0.980829525891947,0.9788530488903893,0.9788530488903893,1.0,0.017023604977063896,250.0,244.7137972265482,4.255910560488701,685.1185153722763,828.5153636932373,245.20791813731194,244.7137972265482,1.030835557867249,4.255910560488701,159.00000375509262,40000086.992,39233266.36,39154207.108,39154207.108,170236420.0,170236420.0,0.0,0.0,0.017023604977063896,0.017023604977063896,0.0,0.0
20.0,132.7462047189474,3462.6777200698853,-2952.154501528479,0.9999776004552842,0.0,1.1567226017431822,1.3067183826849795,0.9999775888919831,0.9999776004552842,1.282476274354849e-05,0.0,0.6193333477973938,0.0,0.0,250.0,1453213.3658,5734878.72,0.0,46268903.38,9999904052.0,9999775766.0,9999775896.0,9999775896.0,0.0,0.999987171276911,0.9999871842770357,0.9999871842770357,1.0,0.0,250.0,249.99440011382103,0.0,289.18065043579554,326.6795956712449,249.99439722299576,249.99440011382103,0.0032061906858871225,0.0,154.83333694934845,39999616.208,39999103.064,39999103.584,39999103.584,0.0,0.0,0.0,0.0,0.0,0.0,0.0,0.0
21.0,39.5308758020401,3982.3491649627686,-53941.50475692749,0.7516200835704804,0.20023989840690046,10.355493876457214,15.006311945438386,0.7516201214790345,0.7516200835704804,0.048137853205407734,0.20023989840690046,0.6266666798591614,0.0,0.0,250.0,19842339.7416,5790984.874666668,0.0,414219749.52,9999978544.0,7516201129.0,7516200729.0,7516200729.0,2002398960.0,0.7516217255795744,0.7516216855794886,0.7516216855794886,1.0,0.20024032563564267,250.0,187.9050208926201,50.059974601725116,2588.8734691143036,3751.5779863595963,187.9050303697586,187.9050208926201,12.034463301351934,50.059974601725116,156.66666996479034,39999914.176,30064804.516,30064802.916,30064802.916,2002398960.0,2002398960.0,0.0,0.0,0.20024032563564267,0.20024032563564267,0.0,0.0
22.0,76.61937189102173,3774.9813919067383,-9000.249184519053,0.9589359546899796,0.03866042082756758,2.3684997099656613,2.717792433453724,0.9589359791278839,0.9589359546899796,0.002397186978640093,0.03866042082756758,0.6040000132918358,0.0,0.0,250.0,4042477.5072,4630145.706666666,0.0,94739987.176,9999935712.0,9589359674.0,9589359428.0,9589359428.0,386604204.0,0.9589421322471798,0.9589421076470216,0.9589421076470216,1.0,0.03866066894170849,250.0,239.7339886724949,9.665105206891894,592.1249274914153,679.448108363431,239.73399478197098,239.7339886724949,0.5992967446600233,9.665105206891894,151.00000332295895,39999742.848,38357438.696,38357437.712,38357437.712,386604204.0,386604204.0,0.0,0.0,0.03866066894170849,0.03866066894170849,0.0,0.0
23.0,36.945376455783844,4899.056369781494,-86471.07332801819,0.7047369702458381,0.25637499675899744,12.168687907457352,20.067075467586516,0.7047369819879532,0.7047369702458381,0.03890776719257701,0.25637499675899744,0.6020000122189522,0.0,0.0,250.0,23138188.3752,7994580.650666666,0.0,486747509.744,10000197292.0,7047369755.0,7047369615.0,7047369615.0,2563749928.0,0.7047230718775703,0.7047230578778465,0.7047230578778465,1.0,0.25636993482628184,250.0,176.18424256145954,64.09374918974936,3042.171976864338,5016.768866896629,176.1842454969883,176.18424256145954,9.726941798144253,64.09374918974936,150.50000305473804,40000789.168,28189479.02,28189478.46,28189478.46,2563749928.0,2563749928.0,0.0,0.0,0.25636993482628184,0.25636993482628184,0.0,0.0
24.0,93.8147501051426,3618.8909740448,-14343.736625156831,0.9717072305679322,0.025086049232631923,3.7739949317406865,4.476816089362954,0.9717072213888168,0.9717072305679322,0.0032317137916834326,0.025086049232631923,0.633333349108696,0.0,0.0,250.0,6770019.464,5186468.693333333,0.0,150959795.184,10000249772.0,9717072096.0,9717072182.0,9717072182.0,250860488.0,0.971682939680879,0.9716829482806641,0.9716829482806641,1.0,0.02508542223639172,250.0,242.92680764198303,6.27151230815798,943.4987329351716,1119.2040223407384,242.9268053472042,242.92680764198303,0.8079284479208582,6.27151230815798,158.333337277174,40000999.088,38868288.384,38868288.728,38868288.728,250860488.0,250860488.0,0.0,0.0,0.02508542223639172,0.02508542223639172,0.0,0.0
25.0,76.89461617171764,3426.0527563095093,-23609.74193432182,0.897674952507019,0.10228667517006397,5.717369896549732,7.280688877938315,0.8976749467849732,0.897674952507019,5.099511873413576e-05,0.10228667517006397,0.5440000074505806,0.0,0.0,250.0,11228127.6202,1377413.4613333333,0.0,228694792.804,10000126092.0,8976749357.0,8976749407.0,8976749407.0,1022866740.0,0.897663616879922,0.897663621879859,0.897663621879859,1.0,0.10228538426313274,250.0,224.41873812675476,25.571668792515993,1429.3424741374329,1820.1722194845788,224.4187366962433,224.41873812675476,0.01274877968353394,25.571668792515993,136.00000186264515,40000504.368,35906997.428,35906997.628,35906997.628,1022866740.0,1022866740.0,0.0,0.0,0.10228538426313274,0.10228538426313274,0.0,0.0
26.0,55.18090000748634,4061.444037437439,-25083.70536184311,0.8396051752567292,0.1589007698521018,4.352267478108406,7.297830604434013,0.8396052232980729,0.8396051752567292,0.0015047577299410477,0.1589007698521018,0.5160000035762787,0.0,0.0,250.0,8290414.0936,2760804.6933333334,0.0,174090695.876,10000107456.0,8396052151.0,8396051667.0,8396051667.0,1589007680.0,0.839596193135147,0.8395961447356671,0.8395961447356671,1.0,0.15889906053425512,250.0,209.90129381418228,39.72519246302545,1088.0668695271015,1824.4576511085033,209.9013058245182,209.90129381418228,0.37618943248526193,39.72519246302545,129.00000089406967,40000429.824,33584208.604,33584206.668,33584206.668,1589007680.0,1589007680.0,0.0,0.0,0.15889906053425512,0.15889906053425512,0.0,0.0
27.0,49.17697498202324,3841.1436433792114,-19232.08535671234,0.971819976568222,0.01598355933558196,4.860329317092895,5.623641199111939,0.9718200101852417,0.971819976568222,0.012184860849753022,0.01598355933558196,0.5986666775941849,0.0,0.0,250.0,8909807.545200001,5405673.130666667,0.0,194413170.472,9999884224.0,9718199984.0,9718199642.0,9718199642.0,159835592.0,0.9718312498734786,0.9718312156730826,0.9718312156730826,1.0,0.015983744253397467,250.0,242.9549941420555,3.9958898338954896,1215.0823292732239,1405.9102997779846,242.95500254631042,242.9549941420555,3.0462152124382555,3.9958898338954896,149.66666939854622,39999536.896,38872799.936,38872798.568,38872798.568,159835592.0,159835592.0,0.0,0.0,0.015983744253397467,0.015983744253397467,0.0,0.0
28.0,117.77679647505283,3565.4470405578613,-6922.8360684691,0.9952437219023704,0.004358652867376804,2.1105148365485946,2.6892349602656904,0.9952437913417816,0.9952437219023704,0.0003882356128306128,0.004358652867376804,0.5866666812300682,0.0,0.0,250.0,3392004.3854,5526834.858666667,0.0,84420592.488,9999906684.0,9952437798.0,9952437115.0,9952437115.0,43586528.0,0.995253067103521,0.9952529988028836,0.9952529988028836,1.0,0.004358693473584018,250.0,248.8109304755926,1.089663216844201,527.6287091371487,672.3087400664226,248.8109478354454,248.8109304755926,0.0970589032076532,1.089663216844201,146.66667030751705,39999626.736,39809751.192,39809748.46,39809748.46,43586528.0,43586528.0,0.0,0.0,0.004358693473584018,0.004358693473584018,0.0,0.0
29.0,50.61291575431824,3646.9165892601013,-16222.484617233276,0.9536000679731369,0.029976472299546003,4.757632975101471,5.532770213603974,0.9536001180410385,0.9536000679731369,0.016422967126010917,0.029976472299546003,0.5896666822433472,0.0,0.0,250.0,8141311.3294,9159696.554666666,0.0,190305316.236,9999995452.0,9536001070.0,9536000555.0,9536000555.0,299764720.0,0.9536005406975259,0.9536004891975025,0.9536004891975025,1.0,0.029976485633305665,250.0,238.40001699328423,7.494118074886501,1189.4082437753677,1383.1925534009933,238.40002951025963,238.40001699328423,4.105741781502729,7.494118074886501,147.4166705608368,39999981.808,38144004.28,38144002.22,38144002.22,299764720.0,299764720.0,0.0,0.0,0.029976485633305665,0.029976485633305665,0.0,0.0
30.0,63.885318130254745,3980.8894233703613,-26042.90150828431,0.9332930544018745,0.05982975807599723,4.790458587841509,7.2008829691708165,0.9340331199169158,0.9332930544018745,0.006872871103505531,0.05982975807599723,0.6466666833162308,0.0,0.0,250.0,9302376.614,1856936.4479999999,0.0,191618341.572,9999956980.0,9340331078.0,9332930422.0,9332930422.0,598297576.0,0.9340371260277162,0.9332970572439403,0.9332970572439403,1.0,0.05983001498872448,250.0,233.32326360046864,14.957439518999308,1197.6146469603773,1800.220742292704,233.50827997922897,233.32326360046864,1.7182177758763828,14.957439518999308,161.6666708290577,39999827.92,37361324.312,37331721.688,37331721.688,598297576.0,598297576.0,0.0,0.0,0.05983001498872448,0.05983001498872448,0.0,0.0
31.0,98.94403190910816,3455.4760456085205,-6580.759900784236,0.9999995691776276,0.0,2.0923379999473983,2.2259167549828125,0.9999994823932647,0.9999995691776276,-4.710163921117783e-10,0.0,0.6120000122785568,0.0,0.0,250.0,3458846.9295999995,4838860.117333333,0.0,83693518.804,9999994740.0,9999994738.0,9999995598.0,9999995598.0,0.0,0.9999999997999999,1.000000085800045,1.000000085800045,1.0,0.0,250.0,249.9998922944069,0.0,523.0844999868496,556.4791887457031,249.9998705983162,249.9998922944069,-1.1775409802794456e-07,0.0,153.0000030696392,39999978.96,39999978.952,39999982.392,39999982.392,0.0,0.0,0.0,0.0,0.0,0.0,0.0,0.0
32.0,47.577679842710495,3441.651354789734,-19776.74442768097,0.8871255402565003,0.07923582784086466,5.152862724661827,6.213382130384445,0.8871255185604096,0.8871255402565003,0.03365096022607759,0.07923582784086466,0.5006666696071624,0.0,0.0,250.0,9872772.7192,2886350.3359999997,0.0,206114505.424,10000122912.0,8871255088.0,8871255308.0,8871255308.0,792358268.0,0.8871146050969658,0.8871146270966954,0.8871146270966954,1.0,0.07923485290857593,250.0,221.78138506412506,19.808956960216165,1288.2156811654568,1553.3455325961113,221.7813796401024,221.78138506412506,8.412740056519397,19.808956960216165,125.16666740179062,40000491.648,35485020.352,35485021.232,35485021.232,792358268.0,792358268.0,0.0,0.0,0.07923485290857593,0.07923485290857593,0.0,0.0
33.0,95.62243057787418,3565.337206840515,-8972.119518669846,0.9837047225236892,0.011250788554549217,2.3175293014452474,2.7197251933830557,0.9837944006919861,0.9837047225236892,0.005050289890961721,0.011250788554549217,0.644000017285347,0.0,0.0,250.0,4048591.6961999997,3909778.944,0.0,92701170.872,10000057952.0,9837943918.0,9837047136.0,9837047136.0,112507884.0,0.9837886905477805,0.9836990128674806,0.9836990128674806,1.0,0.011250723199808913,250.0,245.92618063092232,2.8126971386373043,579.3823253613118,679.9312983457639,245.94860017299652,245.92618063092232,1.2625724727404304,2.8126971386373043,161.00000432133675,40000231.808,39351775.672,39348188.544,39348188.544,112507884.0,112507884.0,0.0,0.0,0.011250723199808913,0.011250723199808913,0.0,0.0
34.0,52.20965079963207,3645.0550684928894,-31455.400694400072,0.8488636277914047,0.13193676387146117,6.199477770578116,9.767073503479361,0.8488636047840118,0.8488636277914047,0.019200000990440457,0.13193676387146117,0.611333346247673,0.0,0.0,250.0,11639237.9404,5064782.6773333335,0.0,247979106.96,10000003516.0,8488635960.0,8488636172.0,8488636172.0,1319367620.0,0.8488632975396646,0.8488633187396571,0.8488633187396571,1.0,0.1319367156110508,250.0,212.21590694785118,32.98419096786529,1549.869442644529,2441.7683758698404,212.21590119600296,212.21590694785118,4.8000002476101145,32.98419096786529,152.83333656191826,40000014.064,33954543.84,33954544.688,33954544.688,1319367620.0,1319367620.0,0.0,0.0,0.1319367156110508,0.1319367156110508,0.0,0.0
35.0,60.60305179655552,3607.9307584762573,-11040.345961332321,0.9649150092601776,0.017252870911732315,2.9973178675770757,3.551282762944698,0.9676251220703125,0.9649150092601776,0.01785379907442257,0.017252870911732315,0.6360000155568123,0.0,0.0,250.0,5456231.849,3589358.762666667,0.0,119892713.312,10000216400.0,9676251090.0,9649149968.0,9649149968.0,172528708.0,0.9676041700457602,0.9648941164913192,0.9648941164913192,1.0,0.017252497455955054,250.0,241.2287523150444,4.313217727933079,749.329466894269,887.8206907361746,241.90628051757812,241.2287523150444,4.463449768605642,4.313217727933079,159.00000388920307,40000865.6,38705004.36,38596599.872,38596599.872,172528708.0,172528708.0,0.0,0.0,0.017252497455955054,0.017252497455955054,0.0,0.0
36.0,122.76632888615131,3551.326711654663,-9096.219381907023,0.9914058139324188,0.008576183676719666,2.2574323688265867,2.571097512922133,0.9914058308601379,0.9914058139324188,1.6726993926567957e-05,0.008576183676719666,0.6153333473205567,0.0,0.0,250.0,3967753.4456,3647408.2986666667,0.0,90297293.808,9999987280.0,9914058180.0,9914058032.0,9914058032.0,85761836.0,0.9914070790698046,0.9914070642697858,0.9914070642697858,1.0,0.008576194508919416,250.0,247.8514534831047,2.1440459191799164,564.3580922066467,642.7743782305333,247.85145771503448,247.8514534831047,0.004181748481641989,2.1440459191799164,153.83333683013916,39999949.12,39656232.72,39656232.128,39656232.128,85761836.0,85761836.0,0.0,0.0,0.008576194508919416,0.008576194508919416,0.0,0.0
37.0,56.2451504021883,4094.2216796875,-23481.987740382552,0.9699778927564621,0.027885160744190216,4.82188150716573,5.613635780669749,0.9699778317213058,0.9699778927564621,0.0021334752002730964,0.027885160744190216,0.5840000134110451,0.0,0.0,250.0,9285171.2284,2390611.285333333,0.0,192875258.444,9999964572.0,9699778172.0,9699778799.0,9699778799.0,278851604.0,0.9699812536495854,0.9699813163498076,0.9699813163498076,1.0,0.027885259191896265,250.0,242.49447318911552,6.971290186047554,1205.4703767914325,1403.4089451674372,242.49445793032646,242.49447318911552,0.5333688000682741,6.971290186047554,146.00000335276127,39999858.288,38799112.688,38799115.196,38799115.196,278851604.0,278851604.0,0.0,0.0,0.027885259191896265,0.027885259191896265,0.0,0.0
38.0,50.26445007324219,3491.373607635498,-20526.60270357132,0.9786624564528466,0.019756427416577935,5.782153520226479,6.398006017804146,0.9797558234333992,0.9786624564528466,0.0015746280602179467,0.019756427416577935,0.5640000103712082,0.0,0.0,250.0,10285054.5124,8528349.354666667,0.0,231286138.08,9999935128.0,9797558126.0,9786624475.0,9786624475.0,197564272.0,0.9797621685131396,0.9786687963202155,0.9786687963202155,1.0,0.019756555364725963,250.0,244.66561411321163,4.939106854144484,1445.5383800566196,1599.5015044510365,244.9389558583498,244.66561411321163,0.3936570150544867,4.939106854144484,141.00000259280205,39999740.512,39190232.504,39146497.9,39146497.9,197564272.0,197564272.0,0.0,0.0,0.019756555364725963,0.019756555364725963,0.0,0.0
39.0,45.93490067124367,3806.053530693054,-25267.05724143982,0.941413592338562,0.020167004193179308,6.554958697676659,7.647609848737717,0.9414135842323303,0.941413592338562,0.03841489990055561,0.020167004193179308,0.5793333466053009,0.0,0.0,250.0,11447130.6712,11085243.733333332,0.0,262198344.832,9999954748.0,9414135748.0,9414135820.0,9414135820.0,201670040.0,0.9414178349039866,0.9414178421040191,0.9414178421040191,1.0,0.020167095260139472,250.0,235.3533980846405,5.041751048294827,1638.7396744191647,1911.9024621844292,235.35339605808258,235.3533980846405,9.603724975138903,5.041751048294827,144.83333665132523,39999818.992,37656542.992,37656543.28,37656543.28,201670040.0,201670040.0,0.0,0.0,0.020167095260139472,0.020167095260139472,0.0,0.0
40.0,65.92543160915375,3636.4074058532715,-22492.23911013169,0.9454016335010529,0.02296396816149354,6.346966653750103,7.5984419653399815,0.9454015936851502,0.9454016335010529,0.031616931818483865,0.02296396816149354,0.5960000136494636,0.0,0.0,250.0,10360566.1596,15555779.925333334,0.0,253878662.88,9999824804.0,9454015842.0,9454016204.0,9454016204.0,229639680.0,0.9454181475477778,0.945418183748412,0.945418183748412,1.0,0.022964370326582374,250.0,236.3504083752632,5.740992040373385,1586.7416634375259,1899.6104913349955,236.35039842128754,236.3504083752632,7.904232954620966,5.740992040373385,149.0000034123659,39999299.216,37816063.368,37816064.816,37816064.816,229639680.0,229639680.0,0.0,0.0,0.022964370326582374,0.022964370326582374,0.0,0.0
41.0,45.34763218462467,3956.9519329071045,-28647.217690467834,0.9118369684219361,0.05252857462503016,6.758652887105942,8.411295702934265,0.9118369946479797,0.9118369684219361,0.03563596180110471,0.05252857462503016,0.5746666761636734,0.0,0.0,250.0,12563382.1712,6359489.535999999,0.0,270346112.0,10000015280.0,9118369859.0,9118369555.0,9118369555.0,525285740.0,0.9118355926152145,0.911835562215261,0.911835562215261,1.0,0.05252849373646157,250.0,227.959242105484,13.13214365625754,1689.6632217764854,2102.8239257335663,227.95924866199493,227.959242105484,8.908990450276178,13.13214365625754,143.66666904091835,40000061.12,36473479.436,36473478.22,36473478.22,525285740.0,525285740.0,0.0,0.0,0.05252849373646157,0.05252849373646157,0.0,0.0
42.0,134.77498824894428,3444.1176471710205,-3670.8457336205756,0.9995509035587311,0.0,1.1640467399309564,1.4119773880821012,0.9999429287910462,0.9995509035587311,0.00044816162635106594,0.0,0.7453333459496498,0.0,0.0,250.0,1191378.7710000002,7578097.834666667,0.0,46561868.908,9999991048.0,9999429177.0,9995508908.0,9995508908.0,0.0,0.9999438128497012,0.9995517855987585,0.9995517855987585,1.0,0.0,250.0,249.88772588968277,0.0,291.0116849827391,352.9943470205253,249.98573219776154,249.88772588968277,0.11204040658776648,0.0,186.33333648741245,39999964.192,39997716.708,39982035.632,39982035.632,0.0,0.0,0.0,0.0,0.0,0.0,0.0,0.0
43.0,46.57275742292404,3645.4427738189697,-21746.448333740234,0.9450110623836517,0.02151878335978836,6.681806727528572,7.402256596326828,0.946094396829605,0.9450110623836517,0.03347178580332547,0.02151878335978836,0.5686666783690453,0.0,0.0,250.0,10472553.496,19273732.266666666,0.0,267272266.632,10000015464.0,9460943864.0,9450110522.0,9450110522.0,215187832.0,0.9460929233619033,0.9450095908371687,0.9450095908371687,1.0,0.02151874992340512,250.0,236.25276559591293,5.3796958399470896,1670.451681882143,1850.564149081707,236.52359920740128,236.25276559591293,8.367946450831369,5.3796958399470896,142.16666959226131,40000061.856,37843775.456,37800442.088,37800442.088,215187832.0,215187832.0,0.0,0.0,0.02151874992340512,0.02151874992340512,0.0,0.0
44.0,49.462444707751274,3531.54478263855,-19362.059848308563,0.9520129406452179,0.0372537078903988,5.314009836912155,6.279325588703156,0.9520129354000092,0.9520129406452179,0.01074605312012136,0.0372537078903988,0.5040000141859055,0.0,0.0,250.0,9852382.456,5170913.792,0.0,212560390.464,10000126876.0,9520129228.0,9520129271.0,9520129271.0,372537076.0,0.9520008441940893,0.9520008484940347,0.9520008484940347,1.0,0.0372532349458563,250.0,238.00323516130447,9.3134269725997,1328.5024592280388,1569.8313971757889,238.0032338500023,238.00323516130447,2.68651328003034,9.3134269725997,126.00000354647636,40000507.504,38080516.912,38080517.084,38080517.084,372537076.0,372537076.0,0.0,0.0,0.0372532349458563,0.0372532349458563,0.0,0.0
45.0,51.065263509750366,3867.8443908691406,-24259.211275100708,0.9462527381181717,0.028738070618361235,5.7058662683963774,6.8392772783041,0.9462837448716164,0.9462527381181717,0.025002349195070564,0.028738070618361235,0.5760000103712082,0.0,0.0,250.0,10400221.151800001,6743408.469333333,0.0,228234648.296,9999929692.0,9462837338.0,9462527269.0,9462527269.0,287380704.0,0.9462903869784528,0.946259379860448,0.946259379860448,1.0,0.028738272453045964,250.0,236.56318452954292,7.184517654590309,1426.4665670990944,1709.819319576025,236.5709362179041,236.56318452954292,6.250587298767641,7.184517654590309,144.00000259280205,39999718.768,37851349.352,37850109.076,37850109.076,287380704.0,287380704.0,0.0,0.0,0.028738272453045964,0.028738272453045964,0.0,0.0
46.0,88.0763488560915,3446.9146842956543,-14717.324254042469,0.9582204183340073,0.04063296770956367,3.676055537296459,4.510050583022647,0.9593608512878418,0.9582204183340073,0.0011404533826862462,0.04063296770956367,0.6253333506584168,0.0,0.0,250.0,6791765.965600001,3735633.5786666665,0.0,147042219.872,9999938100.0,9593608422.0,9582204081.0,9582204081.0,406329672.0,0.9593667806803724,0.9582263395210416,0.9582263395210416,1.0,0.04063321871962387,250.0,239.55510458350182,10.158241927390918,919.0138843241148,1127.5126457556617,239.84021282196045,239.55510458350182,0.28511334567156155,10.158241927390918,156.3333376646042,39999752.4,38374433.688,38328816.324,38328816.324,406329672.0,406329672.0,0.0,0.0,0.04063321871962387,0.04063321871962387,0.0,0.0
47.0,53.309391021728516,3513.3271379470825,-14320.671858787537,0.9087255588769912,0.06240666908398271,3.963844929933548,4.661301062345505,0.9110714769363404,0.9087255588769912,0.02887147269953857,0.06240666908398271,0.5413333432674408,0.0,0.0,250.0,7474457.3056,3021549.9093333334,0.0,158553795.64,10000037396.0,9110714678.0,9087255483.0,9087255483.0,624066684.0,0.9110680607698799,0.9087221500426477,0.9087221500426477,1.0,0.06240643502489558,250.0,227.18138971924782,15.601667270995677,990.961232483387,1165.3252655863762,227.76786923408508,227.18138971924782,7.217868174884643,15.601667270995677,135.3333358168602,40000149.584,36442858.712,36349021.932,36349021.932,624066684.0,624066684.0,0.0,0.0,0.06240643502489558,0.06240643502489558,0.0,0.0
48.0,66.73702146112919,3565.313440322876,-13470.740643555298,0.9182688884735107,0.08157520822621882,4.033305987004191,4.912660986320116,0.9183945631980897,0.9182688884735107,0.00015953742506098932,0.08157520822621882,0.6206666818857193,0.0,0.0,250.0,7256708.2556,5399357.098666667,0.0,161332236.444,10000036672.0,9183945518.0,9182688768.0,9182688768.0,815752076.0,0.9183911838758505,0.9182655093367241,0.9182655093367241,1.0,0.08157490844849574,250.0,229.56722211837769,20.393802056554705,1008.3264967510477,1228.165246580029,229.5986407995224,229.56722211837769,0.039884356265247334,20.393802056554705,155.16667047142982,40000146.688,36735782.072,36730755.072,36730755.072,815752076.0,815752076.0,0.0,0.0,0.08157490844849574,0.08157490844849574,0.0,0.0
49.0,48.42612445354462,3392.5304079055786,-18353.67827129364,0.9249478826522827,0.06291378581384197,5.8671011233329775,6.765918862342835,0.9249477648735046,0.9249478826522827,0.012140176139539108,0.06291378581384197,0.5833333449959754,0.0,0.0,250.0,9629482.6776,14031462.741333334,0.0,234684041.776,10000017136.0,9249477551.0,9249478707.0,9249478707.0,629137848.0,0.9249461701122429,0.9249462857120448,0.9249462857120448,1.0,0.0629136769911231,250.0,231.23697066307068,15.728446453460492,1466.7752808332443,1691.4797155857086,231.23694121837616,231.23697066307068,3.035044034884777,15.728446453460492,145.83333624899387,40000068.544,36997910.204,36997914.828,36997914.828,629137848.0,629137848.0,0.0,0.0,0.0629136769911231,0.0629136769911231,0.0,0.0
50.0,51.76944701373577,3659.0055589675903,-19015.107772111893,0.9751805340051651,0.019381253369152546,5.050195316672325,5.627121939718723,0.9757713298797608,0.9751805340051651,0.005460234068857972,0.019381253369152546,0.617333346247673,0.0,0.0,250.0,8785666.9126,8764824.234666666,0.0,202007810.844,10000219332.0,9757713198.0,9751805252.0,9751805252.0,193812532.0,0.975749918481888,0.9751591368396199,0.9751591368396199,1.0,0.019380828116420758,250.0,243.79513350129128,4.8453133422881365,1262.5488291680813,1406.7804849296808,243.94283246994019,243.79513350129128,1.365058517214493,4.8453133422881365,154.33333656191826,40000877.328,39030852.792,39007221.008,39007221.008,193812532.0,193812532.0,0.0,0.0,0.019380828116420758,0.019380828116420758,0.0,0.0
51.0,40.952325597405434,3564.2799673080444,-43064.295848846436,0.8165721056461335,0.14025698076188564,9.674828315496445,12.542446835279465,0.8165721147060394,0.8165721056461335,0.043159571265801784,0.14025698076188564,0.5200000042915345,0.0,0.0,250.0,18405760.7856,6292637.525333334,0.0,386993128.288,9999886564.0,8165721035.0,8165720952.0,8165720952.0,1402569788.0,0.8165813664723888,0.8165813581722946,0.8165813581722946,1.0,0.1402585698371128,250.0,204.14302641153336,35.06424519047141,2418.707078874111,3135.611708819866,204.14302867650986,204.14302641153336,10.789892816450447,35.06424519047141,130.0000010728836,39999546.256,32662884.14,32662883.808,32662883.808,1402569788.0,1402569788.0,0.0,0.0,0.1402585698371128,0.1402585698371128,0.0,0.0
52.0,61.38621596992016,3781.6023025512695,-11517.398183226585,0.9842355607748031,0.010949876992031931,3.0468567544966936,3.4131481582671404,0.9842354927062988,0.9842355607748031,0.004825889462605119,0.010949876992031931,0.5760000112056732,0.0,0.0,250.0,5583866.1186,3398982.144,0.0,121874268.764,10000112488.0,9842354824.0,9842355498.0,9842355498.0,109498768.0,0.9842244110564449,0.9842244784556867,0.9842244784556867,1.0,0.010949753628411385,250.0,246.0588901937008,2.737469248007983,761.7141886241734,853.2870395667851,246.0588731765747,246.0588901937008,1.2064723656512797,2.737469248007983,144.0000028014183,40000449.952,39369419.296,39369421.992,39369421.992,109498768.0,109498768.0,0.0,0.0,0.010949753628411385,0.010949753628411385,0.0,0.0
53.0,85.72627748548985,3555.8892278671265,-14829.97695391532,0.9427957105636596,0.03410105246864259,3.696603419490624,4.577742617412005,0.9427956508398057,0.9427957105636596,0.02309972644483787,0.03410105246864259,0.5180000146627426,0.0,0.0,250.0,6667871.7508000005,4835566.592,0.0,147864134.836,9999964204.0,9427956400.0,9427956961.0,9427956961.0,341010520.0,0.9427990148433535,0.9427990709435543,0.9427990709435543,1.0,0.034101174068562695,250.0,235.69892764091492,8.525263117160648,924.150854872656,1144.4356543530012,235.6989127099514,235.69892764091492,5.7749316112094675,8.525263117160648,129.50000366568565,39999856.816,37711825.6,37711827.844,37711827.844,341010520.0,341010520.0,0.0,0.0,0.034101174068562695,0.034101174068562695,0.0,0.0
54.0,44.226050063967705,4005.1110095977783,-30520.070574760437,0.9428661450743675,0.03723571453720797,6.960588393688202,8.74065973854065,0.942866159915924,0.9428661450743675,0.019892313784454017,0.03723571453720797,0.5640000095963478,0.0,0.0,250.0,12999962.326000001,6141428.906666666,0.0,278423533.128,9999941672.0,9428661468.0,9428661330.5,9428661330.5,372357140.0,0.942871646381739,0.9428716326316589,0.9428716326316589,1.0,0.037235931189739446,250.0,235.71653626859188,9.308928634301992,1740.1470984220505,2185.1649346351624,235.71653997898102,235.71653626859188,4.9730784461135045,9.308928634301992,141.00000239908695,39999766.688,37714645.872,37714645.322,37714645.322,372357140.0,372357140.0,0.0,0.0,0.037235931189739446,0.037235931189739446,0.0,0.0
55.0,51.13198798894882,3636.477321624756,-17087.195390224457,0.9143094574213028,0.07791163320466876,4.4088516745567325,5.513025338411331,0.9143095073699952,0.9143094574213028,0.007769451353582554,0.07791163320466876,0.5460000083446502,0.0,0.0,250.0,8106175.908400001,4743515.477333333,0.0,176354064.52,9999905712.0,9143094969.0,9143094458.0,9143094458.0,779116320.0,0.9143181178226694,0.9143180667221875,0.9143180667221875,1.0,0.0779123666201224,250.0,228.5773643553257,19.47790830116719,1102.212918639183,1378.2563346028328,228.57737684249878,228.5773643553257,1.9423628383956384,19.47790830116719,136.50000208616257,39999622.848,36572379.876,36572377.832,36572377.832,779116320.0,779116320.0,0.0,0.0,0.0779123666201224,0.0779123666201224,0.0,0.0
56.0,60.342263743281364,3597.201476097107,-19805.101556241512,0.9587931110858917,0.039835298486053945,4.134918080560863,5.133238147571683,0.9589550412893295,0.9587931110858917,0.0013793295742361806,0.039835298486053945,0.6580000160336494,0.0,0.0,250.0,7472865.3838,5313138.005333333,0.0,165396721.648,10000076560.0,9589550325.0,9587930979.0,9587930979.0,398352980.0,0.9589476907964792,0.9587857574362411,0.9587857574362411,1.0,0.039834993023293415,250.0,239.69827777147293,9.958824621513486,1033.7295201402158,1283.3095368929207,239.73876032233238,239.69827777147293,0.34483239355904516,9.958824621513486,164.50000400841236,40000306.24,38358201.3,38351723.916,38351723.916,398352980.0,398352980.0,0.0,0.0,0.039834993023293415,0.039834993023293415,0.0,0.0
57.0,49.15565609931946,3723.2612648010254,-23068.86081457138,0.9396385532617569,0.040913322976790366,5.661988565325737,6.564456064999104,0.9396385179758072,0.9396385532617569,0.019456198377534747,0.040913322976790366,0.5880000118017197,0.0,0.0,250.0,10697343.9254,4177553.92,0.0,226479540.204,10000080308.0,9396385054.0,9396385428.0,9396385428.0,409133224.0,0.9396309594116912,0.9396309968113908,0.9396309968113908,1.0,0.040912993835929105,250.0,234.90963831543922,10.228330744197592,1415.4971413314342,1641.114016249776,234.9096294939518,234.90963831543922,4.864049594383687,10.228330744197592,147.00000295042992,40000321.232,37585540.216,37585541.712,37585541.712,409133224.0,409133224.0,0.0,0.0,0.040912993835929105,0.040912993835929105,0.0,0.0
58.0,93.26089203357697,3497.1496152877808,-11727.905913457274,0.9398374963402748,0.0600151307079941,3.3270182882621886,4.234227759350091,0.939837505698204,0.9398374963402748,0.00015894042537547648,0.0600151307079941,0.5673333477377892,0.0,0.0,250.0,6172103.5908,3212884.8213333334,0.0,133080726.324,10000115600.0,9398374976.0,9398374877.0,9398374877.0,600151304.0,0.9398266332041202,0.9398266233042346,0.9398266233042346,1.0,0.06001443663311252,250.0,234.9593740850687,15.003782676998526,831.7545720655471,1058.5569398375228,234.959376424551,234.9593740850687,0.03973510634386912,15.003782676998526,141.8333369344473,40000462.4,37593499.904,37593499.508,37593499.508,600151304.0,600151304.0,0.0,0.0,0.06001443663311252,0.06001443663311252,0.0,0.0
59.0,108.23942801356316,3959.9781827926636,-35001.8879591251,0.9337077613770962,0.0660871995408088,4.466465108009521,7.66860236422965,0.9337077797949314,0.9337077613770962,0.00019516590068815277,0.0660871995408088,0.6440000166296959,0.0,0.0,250.0,8523249.3864,2731204.608,0.0,178658601.584,9999901336.0,9337077708.0,9337077501.0,9337077501.0,660871984.0,0.9337169832252433,0.9337169625250391,0.9337169625250391,1.0,0.06608785044916766,250.0,233.42694034427404,16.5217998852022,1116.6162770023802,1917.1505910574124,233.42694494873285,233.42694034427404,0.04879147517203819,16.5217998852022,161.00000415742397,39999605.344,37348310.832,37348310.004,37348310.004,660871984.0,660871984.0,0.0,0.0,0.06608785044916766,0.06608785044916766,0.0,0.0
60.0,78.07958030700684,3600.391459465027,-14466.854409240186,0.9839503599405288,0.01521908994205296,3.207739388733171,3.7508238775990903,0.9839503186941146,0.9839503599405288,0.000839769733545836,0.01521908994205296,0.5553333448767662,0.0,0.0,250.0,5938574.8218,3179359.2320000003,0.0,128309574.088,10000091628.0,9839503067.0,9839503494.0,9839503494.0,152190896.0,0.9839412910427384,0.9839413337423472,0.9839413337423472,1.0,0.015218950151803549,250.0,245.98758998513222,3.80477248551324,801.9348471832927,937.7059693997726,245.98757967352867,245.98758998513222,0.20994243338645902,3.80477248551324,138.83333621919155,40000366.512,39358012.268,39358013.976,39358013.976,152190896.0,152190896.0,0.0,0.0,0.015218950151803549,0.015218950151803549,0.0,0.0
61.0,45.10724760591984,3474.5823183059692,-33673.218212127686,0.8687681198716164,0.116496003895998,7.717577382445335,10.02369364142418,0.8687680757045746,0.8687681198716164,0.01473988142888993,0.116496003895998,0.636000016450882,0.0,0.0,250.0,15009291.8384,2839084.885333333,0.0,308703091.512,10000039472.0,8687680648.0,8687681094.0,8687681094.0,1164960024.0,0.8687646356122303,0.8687646802120542,0.8687646802120542,1.0,0.11649554256879437,250.0,217.1920299679041,29.1240009739995,1929.3943456113338,2505.9234103560448,217.19201892614365,217.1920299679041,3.6849703572224826,29.1240009739995,159.0000041127205,40000157.888,34750722.592,34750724.376,34750724.376,1164960024.0,1164960024.0,0.0,0.0,0.11649554256879437,0.11649554256879437,0.0,0.0
62.0,68.74239671230316,4059.216049194336,-23686.669988005422,0.912149258196354,0.039967940358445045,4.8849521984965545,6.4821546017013025,0.9121491776704789,0.912149258196354,0.04787810943296063,0.039967940358445045,0.6913333430290222,0.0,0.0,250.0,8611556.657,7722317.653333333,0.0,195398086.02,9999952116.0,9121491686.0,9121492493.0,9121492493.0,399679400.0,0.9121535363559935,0.9121536170563799,0.9121536170563799,1.0,0.039968131383400315,250.0,228.03731454908848,9.991985089611262,1221.2380496241385,1620.5386504253256,228.0372944176197,228.03731454908848,11.969527358240157,9.991985089611262,172.83333575725555,39999808.464,36485966.744,36485969.972,36485969.972,399679400.0,399679400.0,0.0,0.0,0.039968131383400315,0.039968131383400315,0.0,0.0
63.0,42.5855777412653,3932.364926338196,-41408.023599624634,0.8251003012657165,0.12795028321444987,9.529879754304886,12.482901464223861,0.8251003737449646,0.8251003012657165,0.04695570002123713,0.12795028321444987,0.5333333390951157,0.0,0.0,250.0,17159062.9104,12671309.141333334,0.0,381195185.92,10000063408.0,8251003638.0,8251002918.0,8251002918.0,1279502816.0,0.8250951320367867,0.8250950600372433,0.8250950600372433,1.0,0.12794947029799875,250.0,206.27507531642914,31.98757080361247,2382.4699385762215,3120.7253660559654,206.27509343624115,206.27507531642914,11.738925005309284,31.98757080361247,133.33333477377892,40000253.632,33004014.552,33004011.672,33004011.672,1279502816.0,1279502816.0,0.0,0.0,0.12794947029799875,0.12794947029799875,0.0,0.0
