update,checkpoint_suffix,episodes,reward_sum,bw_weighted_workload_delta_sum,bw_weighted_workload_level_sum,processed_ratio_eval,drop_ratio_eval,pre_backlog_steps_eval,D_sys_report,x_acc_mean,x_rel_mean,g_pre_mean,d_pre_mean,sat_overlap_eval,collision_episode_fraction,fixed_reward_sum,fixed_bw_weighted_workload_delta_sum,fixed_bw_weighted_workload_level_sum,fixed_processed_ratio_eval,fixed_drop_ratio_eval,fixed_pre_backlog_steps_eval,fixed_D_sys_report,fixed_x_acc_mean,fixed_x_rel_mean,fixed_g_pre_mean,fixed_d_pre_mean,fixed_sat_overlap_eval,fixed_collision_episode_fraction,processed_improved,drop_improved,pre_backlog_improved,model_improved,quality_worsened,quality_worse_streak,reward_improved,reward_plateau_streak,collision_gate_passed,quality_early_stop_triggered,reward_early_stop_triggered,early_stop_triggered,method,training_seed,run_label
25,u0025,32.0,32.77783245570026,4079.931380428374,-200726.26020395756,0.4571065006663814,0.4729347782039944,13.751547689476237,38.68059893167011,0.4571064967792844,0.4571065006663814,0.0699600578385866,0.4729347782039944,0.9660920509203108,0.0625,32.28481280198321,4519.661455526948,-536593.7463573217,0.4382092664586379,0.4818575640312129,16.5631901928708,42.87186867591738,0.4609209599024616,0.4382092664586379,0.0799353992464774,0.4818575640312129,1.0,0.0,1.0,1.0,1.0,1.0,0.0,0.0,1.0,0.0,1.0,0.0,0.0,0.0,STARS-GC,10331,seed10331_20260714_121929_bootstrapgae_nocompile
50,u0050,32.0,33.49802487320267,4086.948745071888,-156341.3329885304,0.4906941675684197,0.4424692374183667,13.174436310133125,31.906904447730987,0.4906941654978054,0.4906941675684197,0.0668395750664113,0.4424692374183667,0.8673643743028238,0.0625,32.28481280198321,4519.661455526948,-536593.7463573217,0.4382092664586379,0.4818575640312129,16.5631901928708,42.87186867591738,0.4609209599024616,0.4382092664586379,0.0799353992464774,0.4818575640312129,1.0,0.0,1.0,1.0,0.0,1.0,0.0,0.0,1.0,0.0,1.0,0.0,0.0,0.0,STARS-GC,10331,seed10331_20260714_121929_bootstrapgae_nocompile
75,u0075,32.0,34.78743548039347,4110.10036611557,-127334.65205942094,0.541472308977507,0.3996361649330698,12.318382454263316,26.83822966374351,0.5415108971973615,0.541472308977507,0.058893684341423,0.3996361649330698,0.8266168489722268,0.03125,32.28481280198321,4519.661455526948,-536593.7463573217,0.4382092664586379,0.4818575640312129,16.5631901928708,42.87186867591738,0.4609209599024616,0.4382092664586379,0.0799353992464774,0.4818575640312129,1.0,0.0,1.0,1.0,1.0,1.0,0.0,0.0,1.0,0.0,1.0,0.0,0.0,0.0,STARS-GC,10331,seed10331_20260714_121929_bootstrapgae_nocompile
100,u0100,32.0,36.422604308696464,4184.834972515702,-106577.3588694185,0.5781667279489339,0.3704233986259678,11.746494244292377,23.17129439343512,0.5781848850920794,0.5781667279489339,0.0514121062921584,0.3704233986259678,0.7337187668457629,0.0,32.28481280198321,4519.661455526948,-536593.7463573217,0.4382092664586379,0.4818575640312129,16.5631901928708,42.87186867591738,0.4609209599024616,0.4382092664586379,0.0799353992464774,0.4818575640312129,1.0,0.0,1.0,1.0,0.0,1.0,0.0,0.0,1.0,0.0,1.0,0.0,0.0,0.0,STARS-GC,10331,seed10331_20260714_121929_bootstrapgae_nocompile
125,u0125,32.0,36.860436477465555,4291.243063360453,-100604.10004524888,0.6120484728678132,0.3391914455932993,11.165873053424058,21.376246809534727,0.6120572496368549,0.6120484728678132,0.0487623150405202,0.3391914455932993,0.8722604370899498,0.0,32.28481280198321,4519.661455526948,-536593.7463573217,0.4382092664586379,0.4818575640312129,16.5631901928708,42.87186867591738,0.4609209599024616,0.4382092664586379,0.0799353992464774,0.4818575640312129,1.0,0.0,1.0,1.0,0.0,1.0,0.0,0.0,1.0,0.0,1.0,0.0,0.0,0.0,STARS-GC,10331,seed10331_20260714_121929_bootstrapgae_nocompile
150,u0150,32.0,31.80600787838921,3915.321839943528,-1696647.1583452225,0.6083450475544668,0.3418710352587477,9.899929831013084,20.386751580186186,0.6083450444652696,0.6083450475544668,0.0497861495921165,0.3418710352587477,0.8912916850857439,0.0,32.28481280198321,4519.661455526948,-536593.7463573217,0.4382092664586379,0.4818575640312129,16.5631901928708,42.87186867591738,0.4609209599024616,0.4382092664586379,0.0799353992464774,0.4818575640312129,1.0,0.0,0.0,0.0,1.0,1.0,0.0,0.0,0.0,0.0,1.0,0.0,0.0,0.0,STARS-GC,10331,seed10331_20260714_121929_bootstrapgae_nocompile
175,u0175,32.0,28.55747172818519,3734.516625709832,-3537336.545252785,0.3924424338280224,0.5433984097438879,13.603274949584154,44.166131490979346,0.3924424311020411,0.3924424338280224,0.0641613881513166,0.5433984097438879,0.7958021025583147,0.0,32.28481280198321,4519.661455526948,-536593.7463573217,0.4382092664586379,0.4818575640312129,16.5631901928708,42.87186867591738,0.4609209599024616,0.4382092664586379,0.0799353992464774,0.4818575640312129,1.0,0.0,0.0,0.0,0.0,0.0,1.0,0.0,0.0,0.0,1.0,0.0,0.0,0.0,STARS-GC,10331,seed10331_20260714_121929_bootstrapgae_nocompile
200,u0200,32.0,26.045613152673468,3279.0189895629883,-50190981.53470619,0.3387388560770778,0.5940921142515,14.283426004115492,56.5713130042255,0.3387388532705372,0.3387388560770778,0.0671712644826203,0.5940921142515,0.7265520978868009,0.0,32.28481280198321,4519.661455526948,-536593.7463573217,0.4382092664586379,0.4818575640312129,16.5631901928708,42.87186867591738,0.4609209599024616,0.4382092664586379,0.0799353992464774,0.4818575640312129,1.0,0.0,0.0,0.0,0.0,0.0,0.0,0.0,0.0,0.0,1.0,0.0,0.0,0.0,STARS-GC,10331,seed10331_20260714_121929_bootstrapgae_nocompile
225,u0225,32.0,24.65752143529244,2993.209853887558,-68505609.76282221,0.2871361501215668,0.6382130561379727,15.149948990371684,72.40334990857946,0.2875745133924541,0.2871361501215668,0.0746534636894121,0.6382130561379727,0.6114803488208606,0.09375,32.28481280198321,4519.661455526948,-536593.7463573217,0.4382092664586379,0.4818575640312129,16.5631901928708,42.87186867591738,0.4609209599024616,0.4382092664586379,0.0799353992464774,0.4818575640312129,1.0,0.0,0.0,0.0,0.0,0.0,1.0,0.0,0.0,0.0,1.0,0.0,0.0,0.0,STARS-GC,10331,seed10331_20260714_121929_bootstrapgae_nocompile
250,u0250,32.0,24.96676949854009,3089.640634380281,-71209170.64259568,0.2598750249683507,0.6692236331079474,15.8923300027512,94.50941107296944,0.261744902067061,0.2598750249683507,0.0709035667040832,0.6692236331079474,0.5041041830107569,0.0,32.28481280198321,4519.661455526948,-536593.7463573217,0.4382092664586379,0.4818575640312129,16.5631901928708,42.87186867591738,0.4609209599024616,0.4382092664586379,0.0799353992464774,0.4818575640312129,1.0,0.0,0.0,0.0,0.0,0.0,0.0,0.0,0.0,0.0,1.0,0.0,0.0,0.0,STARS-GC,10331,seed10331_20260714_121929_bootstrapgae_nocompile
275,u0275,32.0,23.99091931094881,2891.80622876063,-58282732.813123345,0.2582865223624103,0.6634268420412361,15.978345235298155,101.70945579113716,0.2611192973829165,0.2582865223624103,0.0782891031312703,0.6634268420412361,0.5720608948161827,0.03125,32.28481280198321,4519.661455526948,-536593.7463573217,0.4382092664586379,0.4818575640312129,16.5631901928708,42.87186867591738,0.4609209599024616,0.4382092664586379,0.0799353992464774,0.4818575640312129,1.0,0.0,0.0,0.0,0.0,0.0,0.0,0.0,0.0,0.0,1.0,0.0,0.0,0.0,STARS-GC,10331,seed10331_20260714_121929_bootstrapgae_nocompile
300,u0300,32.0,24.8603808170883,2889.1847675964236,-50609263.990611225,0.2356921606702963,0.6886895590856873,16.364958517435937,112.53925783797352,0.2379866958623752,0.2356921606702963,0.0756205057026529,0.6886895590856873,0.5542708539515734,0.0,32.28481280198321,4519.661455526948,-536593.7463573217,0.4382092664586379,0.4818575640312129,16.5631901928708,42.87186867591738,0.4609209599024616,0.4382092664586379,0.0799353992464774,0.4818575640312129,1.0,0.0,0.0,0.0,0.0,0.0,0.0,0.0,0.0,1.0,1.0,0.0,0.0,0.0,STARS-GC,10331,seed10331_20260714_121929_bootstrapgae_nocompile
325,u0325,32.0,24.415081400074996,3005.295489624142,-22846306.266371787,0.2414592204458174,0.6767812567360083,16.11706924581685,121.15950003019948,0.2437417116827647,0.2414592204458174,0.0817622511006327,0.6767812567360083,0.5647538960077467,0.0625,32.28481280198321,4519.661455526948,-536593.7463573217,0.4382092664586379,0.4818575640312129,16.5631901928708,42.87186867591738,0.4609209599024616,0.4382092664586379,0.0799353992464774,0.4818575640312129,1.0,0.0,0.0,0.0,0.0,0.0,0.0,0.0,0.0,2.0,1.0,0.0,0.0,0.0,STARS-GC,10331,seed10331_20260714_121929_bootstrapgae_nocompile
350,u0350,32.0,24.1447138027288,3009.993337489665,-13363428.760915846,0.2421214323457417,0.6629097340604457,16.606845167639015,120.97859588085112,0.2461925117974081,0.2421214323457417,0.0949707050078771,0.6629097340604457,0.6169465590632467,0.125,32.28481280198321,4519.661455526948,-536593.7463573217,0.4382092664586379,0.4818575640312129,16.5631901928708,42.87186867591738,0.4609209599024616,0.4382092664586379,0.0799353992464774,0.4818575640312129,1.0,0.0,0.0,0.0,0.0,0.0,0.0,0.0,0.0,3.0,1.0,0.0,0.0,0.0,STARS-GC,10331,seed10331_20260714_121929_bootstrapgae_nocompile
375,u0375,32.0,25.919834091095257,3389.745450027287,-6642853.21221748,0.2318784318891687,0.6923774393309581,17.544158371568866,142.54836759948475,0.2330724344878433,0.2318784318891687,0.0757464339259413,0.6923774393309581,0.680811493479051,0.03125,32.28481280198321,4519.661455526948,-536593.7463573217,0.4382092664586379,0.4818575640312129,16.5631901928708,42.87186867591738,0.4609209599024616,0.4382092664586379,0.0799353992464774,0.4818575640312129,1.0,0.0,0.0,0.0,0.0,0.0,1.0,1.0,0.0,4.0,1.0,0.0,1.0,1.0,STARS-GC,10331,seed10331_20260714_121929_bootstrapgae_nocompile
25,u0025,32.0,25.86950824293308,3273.863872617483,-4056326.8896996975,0.3777802995463783,0.5281489101769157,15.446540987086664,64.68518047423424,0.37990843959006,0.3777802995463783,0.0940723130951171,0.5281489101769157,0.9090343550423357,0.15625,32.28481280198321,4519.661455526948,-536593.7463573217,0.4382092664586379,0.4818575640312129,16.5631901928708,42.87186867591738,0.4609209599024616,0.4382092664586379,0.0799353992464774,0.4818575640312129,1.0,0.0,1.0,1.0,1.0,1.0,0.0,0.0,1.0,0.0,1.0,0.0,0.0,0.0,STARS-GC,21893,seed21893_20260714_125530_bootstrapgae_nocompile
50,u0050,32.0,26.732844426762313,3209.7721618562937,-4423528.6648682505,0.3418071607431556,0.5837128160035846,15.21603140927351,74.15811749924747,0.342450182459667,0.3418071607431556,0.07448163800946,0.5837128160035846,0.8677032725326664,0.0625,32.28481280198321,4519.661455526948,-536593.7463573217,0.4382092664586379,0.4818575640312129,16.5631901928708,42.87186867591738,0.4609209599024616,0.4382092664586379,0.0799353992464774,0.4818575640312129,1.0,0.0,0.0,0.0,0.0,1.0,0.0,0.0,1.0,0.0,1.0,0.0,0.0,0.0,STARS-GC,21893,seed21893_20260714_125530_bootstrapgae_nocompile
75,u0075,32.0,26.82295819511637,3212.862474016845,-2549654.3585172,0.2691653267645742,0.6562671925089308,15.857908586408945,106.93513671774792,0.2693123950699809,0.2691653267645742,0.0745703997534524,0.6562671925089308,0.7546979387775066,0.03125,32.28481280198321,4519.661455526948,-536593.7463573217,0.4382092664586379,0.4818575640312129,16.5631901928708,42.87186867591738,0.4609209599024616,0.4382092664586379,0.0799353992464774,0.4818575640312129,1.0,0.0,0.0,0.0,0.0,1.0,0.0,0.0,0.0,0.0,1.0,0.0,0.0,0.0,STARS-GC,21893,seed21893_20260714_125530_bootstrapgae_nocompile
100,u0100,32.0,26.217050291132185,3156.739666517824,-2173352.345760435,0.2614186657672704,0.6565056596485476,16.105418958407338,113.4947060296604,0.2614386691861191,0.2614186657672704,0.0820773529265409,0.6565056596485476,0.7165851226961697,0.09375,32.28481280198321,4519.661455526948,-536593.7463573217,0.4382092664586379,0.4818575640312129,16.5631901928708,42.87186867591738,0.4609209599024616,0.4382092664586379,0.0799353992464774,0.4818575640312129,1.0,0.0,0.0,0.0,0.0,0.0,0.0,0.0,0.0,0.0,1.0,0.0,0.0,0.0,STARS-GC,21893,seed21893_20260714_125530_bootstrapgae_nocompile
125,u0125,32.0,25.377488166326657,2728.1973600685596,-6638299.9818017185,0.247292219366816,0.6652411516994119,16.019455010963156,124.50249484590852,0.2472922167632596,0.247292219366816,0.0874697224338424,0.6652411516994119,0.7548261710427832,0.03125,32.28481280198321,4519.661455526948,-536593.7463573217,0.4382092664586379,0.4818575640312129,16.5631901928708,42.87186867591738,0.4609209599024616,0.4382092664586379,0.0799353992464774,0.4818575640312129,1.0,0.0,0.0,0.0,0.0,0.0,0.0,0.0,0.0,0.0,1.0,0.0,0.0,0.0,STARS-GC,21893,seed21893_20260714_125530_bootstrapgae_nocompile
150,u0150,32.0,23.38318059593439,2378.315284062177,-11544116.50246404,0.248298424686638,0.6512545212003481,15.94824260266042,127.72725341613514,0.2485304835386779,0.248298424686638,0.1004509627762961,0.6512545212003481,0.8038007250840953,0.125,32.28481280198321,4519.661455526948,-536593.7463573217,0.4382092664586379,0.4818575640312129,16.5631901928708,42.87186867591738,0.4609209599024616,0.4382092664586379,0.0799353992464774,0.4818575640312129,1.0,0.0,0.0,1.0,0.0,0.0,0.0,0.0,0.0,0.0,1.0,0.0,0.0,0.0,STARS-GC,21893,seed21893_20260714_125530_bootstrapgae_nocompile
175,u0175,32.0,25.40917990054004,2593.5340312495828,-12480533.41510208,0.2342983293042052,0.6852877530914848,16.7452584079504,148.07552002651428,0.2342983308919938,0.2342983293042052,0.0804161460910005,0.6852877530914848,0.7218020999617873,0.0,32.28481280198321,4519.661455526948,-536593.7463573217,0.4382092664586379,0.4818575640312129,16.5631901928708,42.87186867591738,0.4609209599024616,0.4382092664586379,0.0799353992464774,0.4818575640312129,1.0,0.0,0.0,0.0,0.0,1.0,0.0,0.0,0.0,0.0,1.0,0.0,0.0,0.0,STARS-GC,21893,seed21893_20260714_125530_bootstrapgae_nocompile
200,u0200,32.0,24.443853365257382,2479.0311567373574,-16236349.234488994,0.2296237352277507,0.6843065033553827,16.578564352489273,161.68824187463224,0.2296237323923742,0.2296237352277507,0.086072377881687,0.6843065033553827,0.8303071852641312,0.03125,32.28481280198321,4519.661455526948,-536593.7463573217,0.4382092664586379,0.4818575640312129,16.5631901928708,42.87186867591738,0.4609209599024616,0.4382092664586379,0.0799353992464774,0.4818575640312129,1.0,0.0,0.0,1.0,0.0,0.0,0.0,0.0,0.0,0.0,1.0,0.0,0.0,0.0,STARS-GC,21893,seed21893_20260714_125530_bootstrapgae_nocompile
225,u0225,32.0,24.59073400357738,2295.697871543467,-30789966.107847244,0.2166498865330358,0.7048706331211724,16.870208297431468,171.71099159516768,0.2168173129380448,0.2166498865330358,0.0784817100296552,0.7048706331211724,0.8491041860561819,0.0,32.28481280198321,4519.661455526948,-536593.7463573217,0.4382092664586379,0.4818575640312129,16.5631901928708,42.87186867591738,0.4609209599024616,0.4382092664586379,0.0799353992464774,0.4818575640312129,1.0,0.0,0.0,0.0,0.0,0.0,0.0,0.0,0.0,0.0,1.0,0.0,0.0,0.0,STARS-GC,21893,seed21893_20260714_125530_bootstrapgae_nocompile
250,u0250,32.0,23.460077017662115,2135.005538992584,-60195888.60826646,0.2421543476235905,0.6697377950282439,16.45166132119175,128.90786702275545,0.2422881520955769,0.2421543476235905,0.0881096658604651,0.6697377950282439,0.8743791742068894,0.09375,32.28481280198321,4519.661455526948,-536593.7463573217,0.4382092664586379,0.4818575640312129,16.5631901928708,42.87186867591738,0.4609209599024616,0.4382092664586379,0.0799353992464774,0.4818575640312129,1.0,0.0,1.0,1.0,0.0,0.0,0.0,0.0,0.0,0.0,1.0,0.0,0.0,0.0,STARS-GC,21893,seed21893_20260714_125530_bootstrapgae_nocompile
275,u0275,32.0,22.892890304792672,2027.358749061823,-68129003.77798557,0.2424158465631951,0.6662163089349991,16.40933223791471,133.8781828102546,0.242545171367268,0.2424158465631951,0.0913712210804503,0.6662163089349991,0.7982952514092265,0.125,32.28481280198321,4519.661455526948,-536593.7463573217,0.4382092664586379,0.4818575640312129,16.5631901928708,42.87186867591738,0.4609209599024616,0.4382092664586379,0.0799353992464774,0.4818575640312129,1.0,0.0,1.0,1.0,0.0,0.0,0.0,0.0,0.0,0.0,1.0,0.0,0.0,0.0,STARS-GC,21893,seed21893_20260714_125530_bootstrapgae_nocompile
300,u0300,32.0,23.74026273423806,2168.6318715140224,-62251474.60600212,0.2438244140305838,0.6675312429148584,16.379994380827892,142.61969371913804,0.2439196193760807,0.2438244140305838,0.0886472867863927,0.6675312429148584,0.7536408394717719,0.0625,32.28481280198321,4519.661455526948,-536593.7463573217,0.4382092664586379,0.4818575640312129,16.5631901928708,42.87186867591738,0.4609209599024616,0.4382092664586379,0.0799353992464774,0.4818575640312129,1.0,0.0,1.0,1.0,0.0,0.0,0.0,0.0,0.0,1.0,1.0,0.0,0.0,0.0,STARS-GC,21893,seed21893_20260714_125530_bootstrapgae_nocompile
325,u0325,32.0,22.9150298233144,1967.6113322637975,-93843759.46035352,0.2475361353715529,0.6647352071896309,16.067989877251133,127.29277548448236,0.2489260864985689,0.2475361353715529,0.0877304110340324,0.6647352071896309,0.7017644325130445,0.125,32.28481280198321,4519.661455526948,-536593.7463573217,0.4382092664586379,0.4818575640312129,16.5631901928708,42.87186867591738,0.4609209599024616,0.4382092664586379,0.0799353992464774,0.4818575640312129,1.0,0.0,1.0,1.0,0.0,0.0,0.0,0.0,0.0,2.0,1.0,0.0,0.0,0.0,STARS-GC,21893,seed21893_20260714_125530_bootstrapgae_nocompile
350,u0350,32.0,23.726282742223702,2059.307369876653,-129669350.4848094,0.2525553703049651,0.6637337243207001,16.556779279216205,125.01153778835148,0.2563209089983743,0.2525553703049651,0.083712810626304,0.6637337243207001,0.6148859566538925,0.03125,32.28481280198321,4519.661455526948,-536593.7463573217,0.4382092664586379,0.4818575640312129,16.5631901928708,42.87186867591738,0.4609209599024616,0.4382092664586379,0.0799353992464774,0.4818575640312129,1.0,0.0,1.0,1.0,0.0,0.0,0.0,0.0,0.0,3.0,1.0,0.0,0.0,0.0,STARS-GC,21893,seed21893_20260714_125530_bootstrapgae_nocompile
375,u0375,32.0,24.022746343398467,2184.3061190247536,-99169688.93620688,0.2666027687207521,0.6560866268214723,16.00378184282924,119.46858003686228,0.2675198800283154,0.2666027687207521,0.0773135590201634,0.6560866268214723,0.709894584218771,0.0625,32.28481280198321,4519.661455526948,-536593.7463573217,0.4382092664586379,0.4818575640312129,16.5631901928708,42.87186867591738,0.4609209599024616,0.4382092664586379,0.0799353992464774,0.4818575640312129,1.0,0.0,1.0,1.0,0.0,0.0,0.0,0.0,0.0,4.0,1.0,0.0,1.0,1.0,STARS-GC,21893,seed21893_20260714_125530_bootstrapgae_nocompile
25,u0025,32.0,32.59115854580887,4174.395079135895,-196425.3957195878,0.4599206927428518,0.4739998942945057,14.19800206816401,37.35084243877887,0.460847779403739,0.4599206927428518,0.0660812189182906,0.4739998942945057,0.934646848330437,0.0625,32.28481280198321,4519.661455526948,-536593.7463573217,0.4382092664586379,0.4818575640312129,16.5631901928708,42.87186867591738,0.4609209599024616,0.4382092664586379,0.0799353992464774,0.4818575640312129,1.0,0.0,1.0,1.0,1.0,1.0,0.0,0.0,1.0,0.0,1.0,0.0,0.0,0.0,STARS-GC,36467,seed36467_retry2_20260714_142500_bootstrapgae_nocompile
50,u0050,32.0,34.126361516537145,4217.054733134806,-185668.01624715328,0.4670341251292266,0.4772361064131,13.308996142700314,34.427188272897155,0.4674625764545053,0.4670341251292266,0.0557320072860966,0.4772361064131,0.9231250052116812,0.0,32.28481280198321,4519.661455526948,-536593.7463573217,0.4382092664586379,0.4818575640312129,16.5631901928708,42.87186867591738,0.4609209599024616,0.4382092664586379,0.0799353992464774,0.4818575640312129,1.0,0.0,1.0,0.0,1.0,1.0,0.0,0.0,1.0,0.0,1.0,0.0,0.0,0.0,STARS-GC,36467,seed36467_retry2_20260714_142500_bootstrapgae_nocompile
75,u0075,32.0,33.32590948138386,4008.251941591501,-145549.3284253627,0.491231998417423,0.4447156949227946,12.792186750342031,29.70542988163916,0.4915232781038309,0.491231998417423,0.0640545443623694,0.4447156949227946,0.8536238522393007,0.0625,32.28481280198321,4519.661455526948,-536593.7463573217,0.4382092664586379,0.4818575640312129,16.5631901928708,42.87186867591738,0.4609209599024616,0.4382092664586379,0.0799353992464774,0.4818575640312129,1.0,0.0,1.0,1.0,0.0,0.0,0.0,0.0,0.0,0.0,1.0,0.0,0.0,0.0,STARS-GC,36467,seed36467_retry2_20260714_142500_bootstrapgae_nocompile
100,u0100,32.0,35.09097934514284,4114.683360829949,-131867.6055700034,0.5237892286783236,0.4186625217284183,12.58609956093089,28.40314155980715,0.5243024275143587,0.5237892286783236,0.0575505789252138,0.4186625217284183,0.7901768489879405,0.03125,32.28481280198321,4519.661455526948,-536593.7463573217,0.4382092664586379,0.4818575640312129,16.5631901928708,42.87186867591738,0.4609209599024616,0.4382092664586379,0.0799353992464774,0.4818575640312129,1.0,0.0,1.0,1.0,1.0,0.0,0.0,0.0,1.0,0.0,1.0,0.0,0.0,0.0,STARS-GC,36467,seed36467_retry2_20260714_142500_bootstrapgae_nocompile
125,u0125,32.0,37.085585882654414,4230.2940347492695,-93878.45158180594,0.6108623158214612,0.337397148115113,11.405777315821496,21.30919336165115,0.6111741210473702,0.6108623158214612,0.0517427734520598,0.337397148115113,0.8400000063627959,0.0,32.28481280198321,4519.661455526948,-536593.7463573217,0.4382092664586379,0.4818575640312129,16.5631901928708,42.87186867591738,0.4609209599024616,0.4382092664586379,0.0799353992464774,0.4818575640312129,1.0,0.0,1.0,1.0,1.0,1.0,0.0,0.0,1.0,0.0,1.0,0.0,0.0,0.0,STARS-GC,36467,seed36467_retry2_20260714_142500_bootstrapgae_nocompile
150,u0150,32.0,39.78471305570565,4151.682715013623,-63991.127586722374,0.7428974979463964,0.2182516091241659,9.349410040229555,14.26133313059248,0.7433551255315544,0.7428974979463964,0.0388531387435219,0.2182516091241659,0.6469375093914568,0.0,32.28481280198321,4519.661455526948,-536593.7463573217,0.4382092664586379,0.4818575640312129,16.5631901928708,42.87186867591738,0.4609209599024616,0.4382092664586379,0.0799353992464774,0.4818575640312129,1.0,0.0,1.0,1.0,1.0,1.0,0.0,0.0,1.0,0.0,1.0,0.0,0.0,0.0,STARS-GC,36467,seed36467_retry2_20260714_142500_bootstrapgae_nocompile
175,u0175,32.0,39.17496702959761,4191.336437925696,-317328.0293831802,0.7346185349792116,0.2219043778898715,9.115200631423814,15.883744763620369,0.7351484097112913,0.7346185349792116,0.0434796942965985,0.2219043778898715,0.6545386334556372,0.03125,32.28481280198321,4519.661455526948,-536593.7463573217,0.4382092664586379,0.4818575640312129,16.5631901928708,42.87186867591738,0.4609209599024616,0.4382092664586379,0.0799353992464774,0.4818575640312129,1.0,0.0,0.0,0.0,0.0,0.0,0.0,0.0,0.0,0.0,1.0,0.0,0.0,0.0,STARS-GC,36467,seed36467_retry2_20260714_142500_bootstrapgae_nocompile
200,u0200,32.0,40.23999267118052,4109.735625326633,-1899392.8405381157,0.7705945892179741,0.198957170148201,8.036272671174611,14.658943296955131,0.7713486784090218,0.7705945892179741,0.0304504900669824,0.198957170148201,0.5025635446245389,0.03125,32.28481280198321,4519.661455526948,-536593.7463573217,0.4382092664586379,0.4818575640312129,16.5631901928708,42.87186867591738,0.4609209599024616,0.4382092664586379,0.0799353992464774,0.4818575640312129,1.0,0.0,1.0,1.0,1.0,0.0,0.0,0.0,1.0,0.0,1.0,0.0,0.0,0.0,STARS-GC,36467,seed36467_retry2_20260714_142500_bootstrapgae_nocompile
225,u0225,32.0,35.3969480979722,4255.689647942781,-550206.1411013901,0.6897979385145006,0.2799936258338089,9.408457332845778,17.50212591646798,0.6917441720962525,0.6897979385145006,0.0302106614660784,0.2799936258338089,0.5689583455007523,0.0,32.28481280198321,4519.661455526948,-536593.7463573217,0.4382092664586379,0.4818575640312129,16.5631901928708,42.87186867591738,0.4609209599024616,0.4382092664586379,0.0799353992464774,0.4818575640312129,1.0,0.0,0.0,0.0,0.0,0.0,1.0,0.0,0.0,0.0,1.0,0.0,0.0,0.0,STARS-GC,36467,seed36467_retry2_20260714_142500_bootstrapgae_nocompile
250,u0250,32.0,30.256975919473916,4174.40892585367,-1938960.7604274005,0.4780485541480593,0.4735566087013503,12.59015373970568,34.29315130479634,0.4788133712033741,0.4780485541480593,0.0483970668544125,0.4735566087013503,0.6713333443887534,0.0,32.28481280198321,4519.661455526948,-536593.7463573217,0.4382092664586379,0.4818575640312129,16.5631901928708,42.87186867591738,0.4609209599024616,0.4382092664586379,0.0799353992464774,0.4818575640312129,1.0,0.0,0.0,0.0,0.0,0.0,1.0,0.0,0.0,0.0,1.0,0.0,0.0,0.0,STARS-GC,36467,seed36467_retry2_20260714_142500_bootstrapgae_nocompile
275,u0275,32.0,28.362000570865348,3750.968870550394,-1405968.986947447,0.3397068310574264,0.598731756410402,14.363613178007627,55.815014960013606,0.3397147283730309,0.3397068310574264,0.0615638930307684,0.598731756410402,0.6215931200429016,0.03125,32.28481280198321,4519.661455526948,-536593.7463573217,0.4382092664586379,0.4818575640312129,16.5631901928708,42.87186867591738,0.4609209599024616,0.4382092664586379,0.0799353992464774,0.4818575640312129,1.0,0.0,0.0,0.0,0.0,0.0,1.0,0.0,0.0,0.0,1.0,0.0,0.0,0.0,STARS-GC,36467,seed36467_retry2_20260714_142500_bootstrapgae_nocompile
300,u0300,32.0,27.523767353966832,3657.4343800395727,-4768268.544203311,0.3624165363276843,0.5759177928600875,13.94201047205925,52.22471687211841,0.3624839429841374,0.3624165363276843,0.0616679009503916,0.5759177928600875,0.6800625136904418,0.0,32.28481280198321,4519.661455526948,-536593.7463573217,0.4382092664586379,0.4818575640312129,16.5631901928708,42.87186867591738,0.4609209599024616,0.4382092664586379,0.0799353992464774,0.4818575640312129,1.0,0.0,0.0,0.0,0.0,0.0,0.0,0.0,0.0,1.0,1.0,0.0,0.0,0.0,STARS-GC,36467,seed36467_retry2_20260714_142500_bootstrapgae_nocompile
325,u0325,32.0,27.492879880592227,3526.402314916253,-3296422.193780273,0.3744383232029504,0.5639490351164057,13.58161132176174,47.924144231284046,0.374464567350282,0.3744383232029504,0.0616151668749971,0.5639490351164057,0.6794075652966276,0.03125,32.28481280198321,4519.661455526948,-536593.7463573217,0.4382092664586379,0.4818575640312129,16.5631901928708,42.87186867591738,0.4609209599024616,0.4382092664586379,0.0799353992464774,0.4818575640312129,1.0,0.0,0.0,0.0,0.0,0.0,0.0,0.0,0.0,2.0,1.0,0.0,0.0,0.0,STARS-GC,36467,seed36467_retry2_20260714_142500_bootstrapgae_nocompile
350,u0350,32.0,27.614111594157293,3578.442159511149,-5497592.789180249,0.3353719553611008,0.6028571447358991,14.444287157449873,59.27728616385905,0.3354057945035165,0.3353719553611008,0.0617731287263778,0.6028571447358991,0.6882187625635413,0.0,32.28481280198321,4519.661455526948,-536593.7463573217,0.4382092664586379,0.4818575640312129,16.5631901928708,42.87186867591738,0.4609209599024616,0.4382092664586379,0.0799353992464774,0.4818575640312129,1.0,0.0,0.0,0.0,0.0,0.0,1.0,1.0,0.0,3.0,1.0,0.0,0.0,0.0,STARS-GC,36467,seed36467_retry2_20260714_142500_bootstrapgae_nocompile
375,u0375,32.0,26.933136714156717,3491.749171361327,-3159655.463612407,0.3314998528182504,0.6028846510838782,14.316969906364443,58.59654551592958,0.3315691967203248,0.3314998528182504,0.0656174852666982,0.6028846510838782,0.6790363275346658,0.0625,32.28481280198321,4519.661455526948,-536593.7463573217,0.4382092664586379,0.4818575640312129,16.5631901928708,42.87186867591738,0.4609209599024616,0.4382092664586379,0.0799353992464774,0.4818575640312129,1.0,0.0,0.0,0.0,0.0,0.0,0.0,0.0,0.0,4.0,1.0,0.0,1.0,1.0,STARS-GC,36467,seed36467_retry2_20260714_142500_bootstrapgae_nocompile
25,u0025,32.0,31.102896243100982,3750.3040929809217,-158755.17789922655,0.4748743542562595,0.4344027040808,13.008466672219551,34.31514731829665,0.4748743533346453,0.4748743542562595,0.0907255163670772,0.4344027040808,0.9236360963720146,0.15625,32.28481280198321,4519.661455526948,-536593.7463573217,0.4382092664586379,0.4818575640312129,16.5631901928708,42.87186867591738,0.4609209599024616,0.4382092664586379,0.0799353992464774,0.4818575640312129,1.0,0.0,1.0,1.0,1.0,1.0,0.0,0.0,1.0,0.0,1.0,0.0,0.0,0.0,STARS-GC,45211,seed45211_20260712_124615_bootstrapgae_nocompile
50,u0050,32.0,34.372288265265524,4175.562010556459,-175462.54978267848,0.4916565069487388,0.4482637984029686,13.496515761859184,35.255840096391296,0.4928250628704752,0.4916565069487388,0.0600819849318056,0.4482637984029686,0.9256221501194236,0.0625,32.28481280198321,4519.661455526948,-536593.7463573217,0.4382092664586379,0.4818575640312129,16.5631901928708,42.87186867591738,0.4609209599024616,0.4382092664586379,0.0799353992464774,0.4818575640312129,1.0,0.0,1.0,0.0,0.0,1.0,0.0,0.0,1.0,0.0,1.0,0.0,0.0,0.0,STARS-GC,45211,seed45211_20260712_124615_bootstrapgae_nocompile
75,u0075,32.0,34.53609388880432,4213.649542555213,-165868.01500318944,0.4923565212959089,0.4477231233227089,13.171289274165655,33.26952820283457,0.4926225376247873,0.4923565212959089,0.059922657917627,0.4477231233227089,0.8033032986778699,0.03125,32.28481280198321,4519.661455526948,-536593.7463573217,0.4382092664586379,0.4818575640312129,16.5631901928708,42.87186867591738,0.4609209599024616,0.4382092664586379,0.0799353992464774,0.4818575640312129,1.0,0.0,1.0,1.0,0.0,1.0,0.0,0.0,0.0,0.0,1.0,0.0,0.0,0.0,STARS-GC,45211,seed45211_20260712_124615_bootstrapgae_nocompile
100,u0100,32.0,36.37528788577765,4126.951835408807,-112033.66573038696,0.5635563013241628,0.3828245447980735,11.3860177457165,23.949833364343277,0.5635563012151978,0.5635563013241628,0.0536213851175752,0.3828245447980735,0.7241979397200048,0.0,32.28481280198321,4519.661455526948,-536593.7463573217,0.4382092664586379,0.4818575640312129,16.5631901928708,42.87186867591738,0.4609209599024616,0.4382092664586379,0.0799353992464774,0.4818575640312129,1.0,0.0,1.0,1.0,1.0,1.0,0.0,0.0,1.0,0.0,1.0,0.0,0.0,0.0,STARS-GC,45211,seed45211_20260712_124615_bootstrapgae_nocompile
125,u0125,32.0,37.3728075157851,4196.1586541980505,-89403.68104632199,0.628338861825876,0.3260383416182533,10.704518291153017,19.6368805299364,0.6283682786663997,0.628338861825876,0.0456250252267411,0.3260383416182533,0.6049062688052653,0.0,32.28481280198321,4519.661455526948,-536593.7463573217,0.4382092664586379,0.4818575640312129,16.5631901928708,42.87186867591738,0.4609209599024616,0.4382092664586379,0.0799353992464774,0.4818575640312129,1.0,0.0,1.0,1.0,1.0,1.0,0.0,0.0,1.0,0.0,1.0,0.0,0.0,0.0,STARS-GC,45211,seed45211_20260712_124615_bootstrapgae_nocompile
150,u0150,32.0,40.4968022252433,4014.651155292988,-56305.43561157584,0.781354325229302,0.1806160044256212,8.296910272371022,12.492528919065371,0.7821995794847606,0.781354325229302,0.0380314267605672,0.1806160044256212,0.5674271005522459,0.03125,32.28481280198321,4519.661455526948,-536593.7463573217,0.4382092664586379,0.4818575640312129,16.5631901928708,42.87186867591738,0.4609209599024616,0.4382092664586379,0.0799353992464774,0.4818575640312129,1.0,0.0,1.0,1.0,1.0,0.0,0.0,0.0,1.0,0.0,1.0,0.0,0.0,0.0,STARS-GC,45211,seed45211_20260712_124615_bootstrapgae_nocompile
175,u0175,32.0,60.30270658666268,3650.9420698583126,-26953.907595525085,0.897217233641073,0.0854151173314353,4.82642353558168,6.333095937219702,0.8975723505783825,0.897217233641073,0.0173698893809424,0.0854151173314353,0.5701041808463633,0.0,32.28481280198321,4519.661455526948,-536593.7463573217,0.4382092664586379,0.4818575640312129,16.5631901928708,42.87186867591738,0.4609209599024616,0.4382092664586379,0.0799353992464774,0.4818575640312129,1.0,0.0,1.0,1.0,1.0,1.0,0.0,0.0,1.0,0.0,1.0,0.0,0.0,0.0,STARS-GC,45211,seed45211_20260712_124615_bootstrapgae_nocompile
200,u0200,32.0,65.22241768520325,3597.1111433655024,-24245.77918733658,0.9100458763446656,0.0728690606766504,4.344409205003926,5.515080687898522,0.9132949777916076,0.9100458763446656,0.0170872965818926,0.0728690606766504,0.6924166855923831,0.0,32.28481280198321,4519.661455526948,-536593.7463573217,0.4382092664586379,0.4818575640312129,16.5631901928708,42.87186867591738,0.4609209599024616,0.4382092664586379,0.0799353992464774,0.4818575640312129,1.0,0.0,1.0,1.0,1.0,1.0,0.0,0.0,1.0,0.0,1.0,0.0,0.0,0.0,STARS-GC,45211,seed45211_20260712_124615_bootstrapgae_nocompile
225,u0225,32.0,64.94716968620196,3627.513382285834,-28612.86453502161,0.8927005340550096,0.0914021362820994,4.689662414996712,6.293968732561212,0.8932129014711826,0.8927005340550096,0.0158995659377028,0.0914021362820994,0.7161875180322678,0.0,32.28481280198321,4519.661455526948,-536593.7463573217,0.4382092664586379,0.4818575640312129,16.5631901928708,42.87186867591738,0.4609209599024616,0.4382092664586379,0.0799353992464774,0.4818575640312129,1.0,0.0,0.0,0.0,0.0,0.0,1.0,0.0,0.0,0.0,1.0,0.0,0.0,0.0,STARS-GC,45211,seed45211_20260712_124615_bootstrapgae_nocompile
250,u0250,32.0,66.59770894609392,3610.3855224847794,-24242.116218058873,0.912213217722252,0.0728514018943242,4.5499265399539635,5.797131479107183,0.912396727848798,0.912213217722252,0.0149376140827823,0.0728514018943242,0.7270521016921847,0.0,32.28481280198321,4519.661455526948,-536593.7463573217,0.4382092664586379,0.4818575640312129,16.5631901928708,42.87186867591738,0.4609209599024616,0.4382092664586379,0.0799353992464774,0.4818575640312129,1.0,0.0,1.0,0.0,0.0,1.0,0.0,0.0,1.0,0.0,1.0,0.0,0.0,0.0,STARS-GC,45211,seed45211_20260712_124615_bootstrapgae_nocompile
275,u0275,32.0,64.21795678231865,3631.47235827148,-24572.377242097948,0.9031914975028486,0.08189806909873,4.413210860125082,5.727409880145472,0.9034169562663884,0.9031914975028486,0.0149126735634978,0.08189806909873,0.7315104343891146,0.0,32.28481280198321,4519.661455526948,-536593.7463573217,0.4382092664586379,0.4818575640312129,16.5631901928708,42.87186867591738,0.4609209599024616,0.4382092664586379,0.0799353992464774,0.4818575640312129,1.0,0.0,0.0,0.0,0.0,0.0,0.0,0.0,0.0,0.0,1.0,0.0,0.0,0.0,STARS-GC,45211,seed45211_20260712_124615_bootstrapgae_nocompile
300,u0300,32.0,64.10384772904217,3694.6834687441583,-27761.384090517968,0.9006821448821575,0.0821101109695919,4.836493957387423,6.289353228669768,0.9008682179152966,0.9006821448821575,0.0172099862172428,0.0821101109695919,0.7430521026533099,0.0,32.28481280198321,4519.661455526948,-536593.7463573217,0.4382092664586379,0.4818575640312129,16.5631901928708,42.87186867591738,0.4609209599024616,0.4382092664586379,0.0799353992464774,0.4818575640312129,1.0,0.0,0.0,0.0,0.0,0.0,0.0,0.0,0.0,1.0,1.0,0.0,0.0,0.0,STARS-GC,45211,seed45211_20260712_124615_bootstrapgae_nocompile
325,u0325,32.0,56.66239165747538,3856.022762030363,-32983.827811247815,0.8899523387532683,0.0883780895679064,5.756013138589236,7.615763276814982,0.8900688352547586,0.8899523387532683,0.0216718028515588,0.0883780895679064,0.7745521028395744,0.0,32.28481280198321,4519.661455526948,-536593.7463573217,0.4382092664586379,0.4818575640312129,16.5631901928708,42.87186867591738,0.4609209599024616,0.4382092664586379,0.0799353992464774,0.4818575640312129,1.0,0.0,0.0,0.0,0.0,0.0,1.0,1.0,0.0,2.0,1.0,0.0,0.0,0.0,STARS-GC,45211,seed45211_20260712_124615_bootstrapgae_nocompile
350,u0350,32.0,61.84556475933641,3690.908886328339,-27657.89359014655,0.9045236958283932,0.0765539627164025,5.372240857794373,6.971617241001003,0.904709044713527,0.9045236958283932,0.018924575715009,0.0765539627164025,0.7660208523180336,0.0,32.28481280198321,4519.661455526948,-536593.7463573217,0.4382092664586379,0.4818575640312129,16.5631901928708,42.87186867591738,0.4609209599024616,0.4382092664586379,0.0799353992464774,0.4818575640312129,1.0,0.0,0.0,0.0,0.0,0.0,0.0,0.0,0.0,3.0,1.0,0.0,0.0,0.0,STARS-GC,45211,seed45211_20260712_124615_bootstrapgae_nocompile
375,u0375,32.0,61.11678313463926,3741.976413697004,-29272.364309449928,0.9018500817641616,0.0774409712724209,5.545053531292547,7.231997734100326,0.9021435144692658,0.9018500817641616,0.0207111735971317,0.0774409712724209,0.7387812688332052,0.0,32.28481280198321,4519.661455526948,-536593.7463573217,0.4382092664586379,0.4818575640312129,16.5631901928708,42.87186867591738,0.4609209599024616,0.4382092664586379,0.0799353992464774,0.4818575640312129,1.0,0.0,0.0,0.0,0.0,0.0,0.0,0.0,0.0,4.0,1.0,0.0,1.0,1.0,STARS-GC,45211,seed45211_20260712_124615_bootstrapgae_nocompile
25,u0025,32.0,33.022908869665116,4141.00812792778,-217597.1567120552,0.4357286747332352,0.5014431816231005,14.080835208180057,41.41021402411909,0.4367809672306758,0.4357286747332352,0.0628303960034318,0.5014431816231005,0.9909513894282282,0.03125,32.28481280198321,4519.661455526948,-536593.7463573217,0.4382092664586379,0.4818575640312129,16.5631901928708,42.87186867591738,0.4609209599024616,0.4382092664586379,0.0799353992464774,0.4818575640312129,1.0,0.0,1.0,1.0,1.0,1.0,0.0,0.0,1.0,0.0,1.0,0.0,0.0,0.0,STARS-GC,48761,seed48761_20260714_114609_bootstrapgae_nocompile
50,u0050,32.0,33.94162606121972,4328.204114295542,-186189.6343820691,0.4660595678812824,0.4736570935579074,14.113361810501663,36.42693476629258,0.4675726248277351,0.4660595678812824,0.0602855773640573,0.4736570935579074,0.8473125088885425,0.0,32.28481280198321,4519.661455526948,-536593.7463573217,0.4382092664586379,0.4818575640312129,16.5631901928708,42.87186867591738,0.4609209599024616,0.4382092664586379,0.0799353992464774,0.4818575640312129,1.0,0.0,1.0,1.0,0.0,1.0,0.0,0.0,1.0,0.0,1.0,0.0,0.0,0.0,STARS-GC,48761,seed48761_20260714_114609_bootstrapgae_nocompile
75,u0075,32.0,33.49396643671207,3996.289665013552,-168139.07890991867,0.4662915943780496,0.4542262567000266,13.106486586885428,36.23628128580131,0.4667947308796974,0.4662915943780496,0.0794852101869067,0.4542262567000266,0.9962850879407238,0.03125,32.28481280198321,4519.661455526948,-536593.7463573217,0.4382092664586379,0.4818575640312129,16.5631901928708,42.87186867591738,0.4609209599024616,0.4382092664586379,0.0799353992464774,0.4818575640312129,1.0,0.0,0.0,1.0,1.0,0.0,0.0,0.0,0.0,0.0,1.0,0.0,0.0,0.0,STARS-GC,48761,seed48761_20260714_114609_bootstrapgae_nocompile
100,u0100,32.0,34.281461387174204,4135.323185868561,-172352.3279517144,0.4641042674132623,0.4767441772410256,13.549420143321155,37.31634882636742,0.4643097411072814,0.4641042674132623,0.0591537926603393,0.4767441772410256,0.9969583335146304,0.0,32.28481280198321,4519.661455526948,-536593.7463573217,0.4382092664586379,0.4818575640312129,16.5631901928708,42.87186867591738,0.4609209599024616,0.4382092664586379,0.0799353992464774,0.4818575640312129,1.0,0.0,0.0,0.0,0.0,1.0,0.0,0.0,1.0,0.0,1.0,0.0,0.0,0.0,STARS-GC,48761,seed48761_20260714_114609_bootstrapgae_nocompile
125,u0125,32.0,34.754749233601615,4276.515248999,-155252.31426107883,0.5054657410527581,0.438455878220815,13.261807541482153,31.65589876489713,0.5055418736776338,0.5054657410527581,0.0560806168894877,0.438455878220815,0.9947083336487408,0.0,32.28481280198321,4519.661455526948,-536593.7463573217,0.4382092664586379,0.4818575640312129,16.5631901928708,42.87186867591738,0.4609209599024616,0.4382092664586379,0.0799353992464774,0.4818575640312129,1.0,0.0,1.0,1.0,0.0,1.0,0.0,0.0,1.0,0.0,1.0,0.0,0.0,0.0,STARS-GC,48761,seed48761_20260714_114609_bootstrapgae_nocompile
150,u0150,32.0,35.85701136151329,4325.184085518122,-118695.27073787151,0.5537484465586022,0.3892943579361926,12.60701159851998,25.97223184142262,0.5595072949165477,0.5537484465586022,0.0569594271742295,0.3892943579361926,0.9969583335146304,0.0,32.28481280198321,4519.661455526948,-536593.7463573217,0.4382092664586379,0.4818575640312129,16.5631901928708,42.87186867591738,0.4609209599024616,0.4382092664586379,0.0799353992464774,0.4818575640312129,1.0,0.0,1.0,1.0,0.0,1.0,0.0,0.0,1.0,0.0,1.0,0.0,0.0,0.0,STARS-GC,48761,seed48761_20260714_114609_bootstrapgae_nocompile
175,u0175,32.0,38.367147385375574,4162.672854498029,-75444.04357165098,0.68219702807907,0.2655262573124982,10.92941458670236,17.963512132203206,0.6904495866773649,0.68219702807907,0.0522789539312348,0.2655262573124982,0.9949583336338396,0.0,32.28481280198321,4519.661455526948,-536593.7463573217,0.4382092664586379,0.4818575640312129,16.5631901928708,42.87186867591738,0.4609209599024616,0.4382092664586379,0.0799353992464774,0.4818575640312129,1.0,0.0,1.0,1.0,1.0,1.0,0.0,0.0,1.0,0.0,1.0,0.0,0.0,0.0,STARS-GC,48761,seed48761_20260714_114609_bootstrapgae_nocompile
200,u0200,32.0,37.42988264118321,3797.340658247471,-1024029.4789800048,0.7848000112064184,0.1832564139057322,7.478803812205792,11.409505774736406,0.7862662037461997,0.7848000112064184,0.0319457948321589,0.1832564139057322,0.898750005751848,0.0,32.28481280198321,4519.661455526948,-536593.7463573217,0.4382092664586379,0.4818575640312129,16.5631901928708,42.87186867591738,0.4609209599024616,0.4382092664586379,0.0799353992464774,0.4818575640312129,1.0,0.0,1.0,1.0,1.0,1.0,0.0,0.0,0.0,0.0,1.0,0.0,0.0,0.0,STARS-GC,48761,seed48761_20260714_114609_bootstrapgae_nocompile
225,u0225,32.0,28.412264427402988,3757.656249955297,-2282831.4421274066,0.462435077406466,0.4828954791251452,12.648544745199386,35.22048101574554,0.4625299167288467,0.462435077406466,0.054671678400128,0.4828954791251452,0.9280833374485372,0.0,32.28481280198321,4519.661455526948,-536593.7463573217,0.4382092664586379,0.4818575640312129,16.5631901928708,42.87186867591738,0.4609209599024616,0.4382092664586379,0.0799353992464774,0.4818575640312129,1.0,0.0,0.0,0.0,0.0,0.0,1.0,0.0,0.0,0.0,1.0,0.0,0.0,0.0,STARS-GC,48761,seed48761_20260714_114609_bootstrapgae_nocompile
250,u0250,32.0,27.03722913749516,3559.412756457925,-8142583.183952838,0.3804085651487112,0.5578613226298111,14.183915788371117,49.20461886397003,0.3804085606317967,0.3804085651487112,0.0617323467275695,0.5578613226298111,0.8902083395905792,0.0,32.28481280198321,4519.661455526948,-536593.7463573217,0.4382092664586379,0.4818575640312129,16.5631901928708,42.87186867591738,0.4609209599024616,0.4382092664586379,0.0799353992464774,0.4818575640312129,1.0,0.0,0.0,0.0,0.0,0.0,1.0,0.0,0.0,0.0,1.0,0.0,0.0,0.0,STARS-GC,48761,seed48761_20260714_114609_bootstrapgae_nocompile
275,u0275,32.0,26.30433447379619,3468.390408806503,-5341876.575668424,0.3331454978584079,0.6010316564222594,14.95745239522308,60.7882202960765,0.3331454978917026,0.3331454978584079,0.0658255826918414,0.6010316564222594,0.953234377779998,0.03125,32.28481280198321,4519.661455526948,-536593.7463573217,0.4382092664586379,0.4818575640312129,16.5631901928708,42.87186867591738,0.4609209599024616,0.4382092664586379,0.0799353992464774,0.4818575640312129,1.0,0.0,0.0,0.0,0.0,0.0,1.0,0.0,0.0,0.0,1.0,0.0,0.0,0.0,STARS-GC,48761,seed48761_20260714_114609_bootstrapgae_nocompile
300,u0300,32.0,26.615979042835537,3604.324837759137,-3144979.712100655,0.2677047778133901,0.6625672679228471,15.970647936072975,99.7986675214488,0.2678496761807694,0.2677047778133901,0.0697299980642293,0.6625672679228471,0.9707773007562962,0.03125,32.28481280198321,4519.661455526948,-536593.7463573217,0.4382092664586379,0.4818575640312129,16.5631901928708,42.87186867591738,0.4609209599024616,0.4382092664586379,0.0799353992464774,0.4818575640312129,1.0,0.0,0.0,0.0,0.0,0.0,1.0,1.0,0.0,1.0,1.0,0.0,0.0,0.0,STARS-GC,48761,seed48761_20260714_114609_bootstrapgae_nocompile
325,u0325,32.0,26.050197595963255,3592.2461545206606,-3318741.59393242,0.3066011704605771,0.6197156895530886,15.486619214722682,74.75484049506235,0.3069624147171206,0.3066011704605771,0.0736862862522789,0.6197156895530886,0.916605339412474,0.03125,32.28481280198321,4519.661455526948,-536593.7463573217,0.4382092664586379,0.4818575640312129,16.5631901928708,42.87186867591738,0.4609209599024616,0.4382092664586379,0.0799353992464774,0.4818575640312129,1.0,0.0,0.0,0.0,0.0,0.0,0.0,0.0,0.0,2.0,1.0,0.0,0.0,0.0,STARS-GC,48761,seed48761_20260714_114609_bootstrapgae_nocompile
350,u0350,32.0,26.997874999651685,3670.634634777904,-1877411.350469619,0.3200366479428485,0.6108169637755638,15.268805353783073,65.65912544116378,0.3201950406347169,0.3200366479428485,0.069149181661408,0.6108169637755638,0.8915937695764007,0.03125,32.28481280198321,4519.661455526948,-536593.7463573217,0.4382092664586379,0.4818575640312129,16.5631901928708,42.87186867591738,0.4609209599024616,0.4382092664586379,0.0799353992464774,0.4818575640312129,1.0,0.0,0.0,0.0,0.0,0.0,0.0,0.0,0.0,3.0,1.0,0.0,0.0,0.0,STARS-GC,48761,seed48761_20260714_114609_bootstrapgae_nocompile
375,u0375,32.0,26.989395427983258,3654.122887436301,-1958809.104699761,0.2912766589742538,0.6402403986457669,15.813054914606628,75.41400398998809,0.2915948110103009,0.2912766589742538,0.0684854488587137,0.6402403986457669,0.8795016914574969,0.0625,32.28481280198321,4519.661455526948,-536593.7463573217,0.4382092664586379,0.4818575640312129,16.5631901928708,42.87186867591738,0.4609209599024616,0.4382092664586379,0.0799353992464774,0.4818575640312129,1.0,0.0,0.0,0.0,0.0,0.0,0.0,0.0,0.0,4.0,1.0,0.0,1.0,1.0,STARS-GC,48761,seed48761_20260714_114609_bootstrapgae_nocompile
25,u0025,32.0,31.934932108270004,3885.544347479939,-228544.30072528124,0.4201430394492872,0.5051883634802523,13.730131877690145,45.0748999203217,0.4211044337350438,0.4201430394492872,0.0746710354208986,0.5051883634802523,0.9541066451590268,0.09375,32.28481280198321,4519.661455526948,-536593.7463573217,0.4382092664586379,0.4818575640312129,16.5631901928708,42.87186867591738,0.4609209599024616,0.4382092664586379,0.0799353992464774,0.4818575640312129,1.0,0.0,1.0,1.0,1.0,1.0,0.0,0.0,1.0,0.0,1.0,0.0,0.0,0.0,STARS-GC,59023,seed59023_20260714_122343_bootstrapgae_nocompile
50,u0050,32.0,34.26521777547896,4196.306294858456,-176714.85653738678,0.4711946713831275,0.4720304398535154,13.448090346366165,36.74584630464018,0.4715330745577812,0.4711946713831275,0.056777125174925,0.4720304398535154,0.6373958432320505,0.0,32.28481280198321,4519.661455526948,-536593.7463573217,0.4382092664586379,0.4818575640312129,16.5631901928708,42.87186867591738,0.4609209599024616,0.4382092664586379,0.0799353992464774,0.4818575640312129,1.0,0.0,1.0,1.0,0.0,1.0,0.0,0.0,1.0,0.0,1.0,0.0,0.0,0.0,STARS-GC,59023,seed59023_20260714_122343_bootstrapgae_nocompile
75,u0075,32.0,34.78041987377219,4165.092056065798,-141143.44568155706,0.5089832400510371,0.4334047628851887,12.79598582477125,30.891332072951332,0.5095749102129805,0.5089832400510371,0.0576138552976292,0.4334047628851887,0.7612164592903797,0.0625,32.28481280198321,4519.661455526948,-536593.7463573217,0.4382092664586379,0.4818575640312129,16.5631901928708,42.87186867591738,0.4609209599024616,0.4382092664586379,0.0799353992464774,0.4818575640312129,1.0,0.0,1.0,1.0,0.0,0.0,0.0,0.0,1.0,0.0,1.0,0.0,0.0,0.0,STARS-GC,59023,seed59023_20260714_122343_bootstrapgae_nocompile
100,u0100,32.0,35.09454406821169,4091.271495886147,-116224.79413042964,0.5503030934189397,0.3905673862280179,11.716849569787726,25.62466651974372,0.5514257301613243,0.5503030934189397,0.0591329612558516,0.3905673862280179,0.8433663724616487,0.03125,32.28481280198321,4519.661455526948,-536593.7463573217,0.4382092664586379,0.4818575640312129,16.5631901928708,42.87186867591738,0.4609209599024616,0.4382092664586379,0.0799353992464774,0.4818575640312129,1.0,0.0,1.0,1.0,1.0,0.0,0.0,0.0,1.0,0.0,1.0,0.0,0.0,0.0,STARS-GC,59023,seed59023_20260714_122343_bootstrapgae_nocompile
125,u0125,32.0,37.69815859012306,4109.941539481282,-86015.57634676993,0.6399001885717733,0.3124785089015194,10.607466249428692,19.296516119677573,0.6401911793742329,0.6399001885717733,0.0476235311800362,0.3124785089015194,0.615114595377818,0.0,32.28481280198321,4519.661455526948,-536593.7463573217,0.4382092664586379,0.4818575640312129,16.5631901928708,42.87186867591738,0.4609209599024616,0.4382092664586379,0.0799353992464774,0.4818575640312129,1.0,0.0,1.0,1.0,1.0,1.0,0.0,0.0,1.0,0.0,1.0,0.0,0.0,0.0,STARS-GC,59023,seed59023_20260714_122343_bootstrapgae_nocompile
150,u0150,32.0,41.02673732745461,3851.7386971116066,-89384.58722130954,0.7425853296434507,0.2313655737657623,6.872331618644297,12.259697026224805,0.7428568258192388,0.7425853296434507,0.0260513368971264,0.2313655737657623,0.7635416748449206,0.0,32.28481280198321,4519.661455526948,-536593.7463573217,0.4382092664586379,0.4818575640312129,16.5631901928708,42.87186867591738,0.4609209599024616,0.4382092664586379,0.0799353992464774,0.4818575640312129,1.0,0.0,1.0,1.0,1.0,1.0,0.0,0.0,1.0,0.0,1.0,0.0,0.0,0.0,STARS-GC,59023,seed59023_20260714_122343_bootstrapgae_nocompile
175,u0175,32.0,37.33402773691341,3545.0601002573967,-173512.38524651527,0.6465547267496586,0.3229574361058894,7.533697408400477,17.468775427285582,0.6471458933791147,0.6465547267496586,0.0304900770885069,0.3229574361058894,0.5920833471529185,0.03125,32.28481280198321,4519.661455526948,-536593.7463573217,0.4382092664586379,0.4818575640312129,16.5631901928708,42.87186867591738,0.4609209599024616,0.4382092664586379,0.0799353992464774,0.4818575640312129,1.0,0.0,0.0,0.0,0.0,0.0,1.0,0.0,0.0,0.0,1.0,0.0,0.0,0.0,STARS-GC,59023,seed59023_20260714_122343_bootstrapgae_nocompile
200,u0200,32.0,33.574070279020816,3555.214185193181,-843709.8983999789,0.5215079554330581,0.4350243169683848,9.518496944424726,36.007478902997235,0.5220368198041779,0.5215079554330581,0.0434705751379709,0.4350243169683848,0.6525198764612979,0.0625,32.28481280198321,4519.661455526948,-536593.7463573217,0.4382092664586379,0.4818575640312129,16.5631901928708,42.87186867591738,0.4609209599024616,0.4382092664586379,0.0799353992464774,0.4818575640312129,1.0,0.0,0.0,0.0,0.0,0.0,1.0,0.0,0.0,0.0,1.0,0.0,0.0,0.0,STARS-GC,59023,seed59023_20260714_122343_bootstrapgae_nocompile
225,u0225,32.0,34.61539450031705,3478.722943775356,-481658.1477209627,0.5677343964244937,0.4019251318053922,8.548975686348975,31.83290201853215,0.5682056226312414,0.5677343964244937,0.0303427034199849,0.4019251318053922,0.6582604311220348,0.0,32.28481280198321,4519.661455526948,-536593.7463573217,0.4382092664586379,0.4818575640312129,16.5631901928708,42.87186867591738,0.4609209599024616,0.4382092664586379,0.0799353992464774,0.4818575640312129,1.0,0.0,0.0,0.0,0.0,0.0,0.0,0.0,0.0,0.0,1.0,0.0,0.0,0.0,STARS-GC,59023,seed59023_20260714_122343_bootstrapgae_nocompile
250,u0250,32.0,33.488318716175854,3447.8623224645853,-2265111.5592619777,0.5367219967625569,0.4313212298083963,9.18288297344744,26.540108227595677,0.5372540815880057,0.5367219967625569,0.0319590076997565,0.4313212298083963,0.6334583500288427,0.0,32.28481280198321,4519.661455526948,-536593.7463573217,0.4382092664586379,0.4818575640312129,16.5631901928708,42.87186867591738,0.4609209599024616,0.4382092664586379,0.0799353992464774,0.4818575640312129,1.0,0.0,0.0,0.0,0.0,0.0,1.0,0.0,0.0,0.0,1.0,0.0,0.0,0.0,STARS-GC,59023,seed59023_20260714_122343_bootstrapgae_nocompile
275,u0275,32.0,32.102247102186084,3502.726455256343,-2280478.3507220745,0.4524047101822797,0.5056405587835051,11.155859493531286,56.12529267153144,0.4527548619559384,0.4524047101822797,0.0419569584933462,0.5056405587835051,0.6476979359667749,0.0,32.28481280198321,4519.661455526948,-536593.7463573217,0.4382092664586379,0.4818575640312129,16.5631901928708,42.87186867591738,0.4609209599024616,0.4382092664586379,0.0799353992464774,0.4818575640312129,1.0,0.0,0.0,0.0,0.0,0.0,1.0,0.0,0.0,0.0,1.0,0.0,0.0,0.0,STARS-GC,59023,seed59023_20260714_122343_bootstrapgae_nocompile
300,u0300,32.0,32.15350575069897,3776.0335284546018,-580037.509218216,0.4334936781970317,0.5227771344378971,11.77447043824941,42.23176345925033,0.4336793362195604,0.4334936781970317,0.0437314187153275,0.5227771344378971,0.6948333543725312,0.0,32.28481280198321,4519.661455526948,-536593.7463573217,0.4382092664586379,0.4818575640312129,16.5631901928708,42.87186867591738,0.4609209599024616,0.4382092664586379,0.0799353992464774,0.4818575640312129,1.0,0.0,0.0,0.0,0.0,0.0,1.0,1.0,0.0,1.0,1.0,0.0,0.0,0.0,STARS-GC,59023,seed59023_20260714_122343_bootstrapgae_nocompile
325,u0325,32.0,31.746344363084063,4191.714147865772,-393494.983101964,0.3751169454182964,0.5682370399498395,14.475882102981208,57.44412971983849,0.3751433589041699,0.3751169454182964,0.0566482473777256,0.5682370399498395,0.7648333521652966,0.0,32.28481280198321,4519.661455526948,-536593.7463573217,0.4382092664586379,0.4818575640312129,16.5631901928708,42.87186867591738,0.4609209599024616,0.4382092664586379,0.0799353992464774,0.4818575640312129,1.0,0.0,0.0,0.0,0.0,0.0,1.0,2.0,0.0,2.0,1.0,0.0,0.0,0.0,STARS-GC,59023,seed59023_20260714_122343_bootstrapgae_nocompile
350,u0350,32.0,31.183377517270856,4196.691108614206,-3848682.4345852737,0.3465729050426743,0.5895864140784978,15.271702952153982,78.75564933343233,0.3466530692928936,0.3465729050426743,0.0638429089164092,0.5895864140784978,0.8021771001406015,0.0,32.28481280198321,4519.661455526948,-536593.7463573217,0.4382092664586379,0.4818575640312129,16.5631901928708,42.87186867591738,0.4609209599024616,0.4382092664586379,0.0799353992464774,0.4818575640312129,1.0,0.0,0.0,0.0,0.0,0.0,1.0,3.0,0.0,3.0,1.0,0.0,0.0,0.0,STARS-GC,59023,seed59023_20260714_122343_bootstrapgae_nocompile
375,u0375,32.0,31.035628283396363,4271.904625192285,-472275.5740066767,0.3393358227970312,0.5934735287130551,15.880716849572956,71.11579393973948,0.3393983873903053,0.3393358227970312,0.0671928804935657,0.5934735287130551,0.8828020932506773,0.0,32.28481280198321,4519.661455526948,-536593.7463573217,0.4382092664586379,0.4818575640312129,16.5631901928708,42.87186867591738,0.4609209599024616,0.4382092664586379,0.0799353992464774,0.4818575640312129,1.0,0.0,0.0,0.0,0.0,0.0,0.0,0.0,0.0,4.0,1.0,0.0,1.0,1.0,STARS-GC,59023,seed59023_20260714_122343_bootstrapgae_nocompile
25,u0025,32.0,31.49028482218273,4057.1486453190446,-197652.0235493332,0.4449263231372982,0.4792900478035597,15.465937351136956,46.93515408599585,0.449496562269099,0.4449263231372982,0.0757851405808719,0.4792900478035597,0.9658217261614844,0.15625,32.28481280198321,4519.661455526948,-536593.7463573217,0.4382092664586379,0.4818575640312129,16.5631901928708,42.87186867591738,0.4609209599024616,0.4382092664586379,0.0799353992464774,0.4818575640312129,1.0,0.0,1.0,1.0,1.0,1.0,0.0,0.0,1.0,0.0,1.0,0.0,0.0,0.0,STARS-GC,64217,seed64217_20260714_130007_bootstrapgae_nocompile
50,u0050,32.0,34.2410973967053,4145.540108636022,-178571.24652838707,0.4674444005470723,0.4737627285326689,13.449114882256836,36.47370117761381,0.4676221352922728,0.4674444005470723,0.0587951050460706,0.4737627285326689,0.9361875036209824,0.0,32.28481280198321,4519.661455526948,-536593.7463573217,0.4382092664586379,0.4818575640312129,16.5631901928708,42.87186867591738,0.4609209599024616,0.4382092664586379,0.0799353992464774,0.4818575640312129,1.0,0.0,1.0,1.0,1.0,1.0,0.0,0.0,1.0,0.0,1.0,0.0,0.0,0.0,STARS-GC,64217,seed64217_20260714_130007_bootstrapgae_nocompile
75,u0075,32.0,34.77619059244171,4223.4930518865585,-152048.03523226082,0.5004317465452478,0.4426352257415819,13.253365324050186,31.62564776411653,0.5005751598947682,0.5004317465452478,0.0569352551886581,0.4426352257415819,0.7023333428092301,0.0,32.28481280198321,4519.661455526948,-536593.7463573217,0.4382092664586379,0.4818575640312129,16.5631901928708,42.87186867591738,0.4609209599024616,0.4382092664586379,0.0799353992464774,0.4818575640312129,1.0,0.0,1.0,1.0,0.0,1.0,0.0,0.0,1.0,0.0,1.0,0.0,0.0,0.0,STARS-GC,64217,seed64217_20260714_130007_bootstrapgae_nocompile
100,u0100,32.0,36.07581355981529,4177.7338213175535,-114968.5636149794,0.56149996860791,0.3828087659239413,12.270976638302203,25.81375121387839,0.5619926168238745,0.56149996860791,0.0556935026453884,0.3828087659239413,0.7470833400730045,0.0,32.28481280198321,4519.661455526948,-536593.7463573217,0.4382092664586379,0.4818575640312129,16.5631901928708,42.87186867591738,0.4609209599024616,0.4382092664586379,0.0799353992464774,0.4818575640312129,1.0,0.0,1.0,1.0,1.0,1.0,0.0,0.0,1.0,0.0,1.0,0.0,0.0,0.0,STARS-GC,64217,seed64217_20260714_130007_bootstrapgae_nocompile
125,u0125,32.0,35.67614814732224,4217.067193731666,-123460.3050351739,0.5547756263195587,0.3903721460349062,12.09693438444378,26.736796770117387,0.5548384844267806,0.5547756263195587,0.0548543407964598,0.3903721460349062,0.7075204745249397,0.03125,32.28481280198321,4519.661455526948,-536593.7463573217,0.4382092664586379,0.4818575640312129,16.5631901928708,42.87186867591738,0.4609209599024616,0.4382092664586379,0.0799353992464774,0.4818575640312129,1.0,0.0,0.0,0.0,0.0,0.0,0.0,0.0,0.0,0.0,1.0,0.0,0.0,0.0,STARS-GC,64217,seed64217_20260714_130007_bootstrapgae_nocompile
150,u0150,32.0,37.91738440725021,4111.658722385764,-80548.34743228555,0.6742520612083552,0.2811130025421443,9.77816527713055,16.646928074544384,0.6742522155234056,0.6742520612083552,0.0446371973180347,0.2811130025421443,0.7574940530209846,0.03125,32.28481280198321,4519.661455526948,-536593.7463573217,0.4382092664586379,0.4818575640312129,16.5631901928708,42.87186867591738,0.4609209599024616,0.4382092664586379,0.0799353992464774,0.4818575640312129,1.0,0.0,1.0,1.0,1.0,0.0,0.0,0.0,1.0,0.0,1.0,0.0,0.0,0.0,STARS-GC,64217,seed64217_20260714_130007_bootstrapgae_nocompile
175,u0175,32.0,42.34864286426455,3806.7049041986465,-72927.29660636932,0.8136139183286577,0.1623174340386913,6.2501805629172,8.830051795796667,0.8136636737249793,0.8136139183286577,0.0240708738277861,0.1623174340386913,0.854208337960765,0.0,32.28481280198321,4519.661455526948,-536593.7463573217,0.4382092664586379,0.4818575640312129,16.5631901928708,42.87186867591738,0.4609209599024616,0.4382092664586379,0.0799353992464774,0.4818575640312129,1.0,0.0,1.0,1.0,1.0,1.0,0.0,0.0,1.0,0.0,1.0,0.0,0.0,0.0,STARS-GC,64217,seed64217_20260714_130007_bootstrapgae_nocompile
200,u0200,32.0,47.85499918740243,3551.375176936388,-6248748.943074087,0.8419776273937896,0.1414461746712386,4.93934733458294,7.923121221433336,0.8420235686926173,0.8419776273937896,0.0165784375187059,0.1414461746712386,0.8747500049918889,0.0,32.28481280198321,4519.661455526948,-536593.7463573217,0.4382092664586379,0.4818575640312129,16.5631901928708,42.87186867591738,0.4609209599024616,0.4382092664586379,0.0799353992464774,0.4818575640312129,1.0,0.0,1.0,1.0,1.0,1.0,0.0,0.0,1.0,0.0,1.0,0.0,0.0,0.0,STARS-GC,64217,seed64217_20260714_130007_bootstrapgae_nocompile
225,u0225,32.0,53.10381521249656,3441.43289527297,-2598381.4951924765,0.8609539252445102,0.1238604250018252,4.268799700756127,6.208580626921357,0.8610390995563938,0.8609539252445102,0.01518788635314,0.1238604250018252,0.840125003695488,0.0,32.28481280198321,4519.661455526948,-536593.7463573217,0.4382092664586379,0.4818575640312129,16.5631901928708,42.87186867591738,0.4609209599024616,0.4382092664586379,0.0799353992464774,0.4818575640312129,1.0,0.0,1.0,1.0,1.0,1.0,0.0,0.0,1.0,0.0,1.0,0.0,0.0,0.0,STARS-GC,64217,seed64217_20260714_130007_bootstrapgae_nocompile
250,u0250,32.0,47.718128577806056,3462.3473147898912,-398457.46725182526,0.8269393746862188,0.1563251537445558,4.724145812839094,7.966891901864932,0.8269732832917943,0.8269393746862188,0.01673770570545,0.1563251537445558,0.8376666703745722,0.0,32.28481280198321,4519.661455526948,-536593.7463573217,0.4382092664586379,0.4818575640312129,16.5631901928708,42.87186867591738,0.4609209599024616,0.4382092664586379,0.0799353992464774,0.4818575640312129,1.0,0.0,0.0,0.0,0.0,0.0,1.0,0.0,0.0,0.0,1.0,0.0,0.0,0.0,STARS-GC,64217,seed64217_20260714_130007_bootstrapgae_nocompile
275,u0275,32.0,48.97790234000422,3416.1763592660427,-120246.71005159896,0.8304766648784282,0.1527944129864213,4.773342321898846,7.918019741206937,0.8305368254119533,0.8304766648784282,0.016731151970522,0.1527944129864213,0.8142291703820228,0.0,32.28481280198321,4519.661455526948,-536593.7463573217,0.4382092664586379,0.4818575640312129,16.5631901928708,42.87186867591738,0.4609209599024616,0.4382092664586379,0.0799353992464774,0.4818575640312129,1.0,0.0,0.0,0.0,0.0,0.0,0.0,0.0,0.0,0.0,1.0,0.0,0.0,0.0,STARS-GC,64217,seed64217_20260714_130007_bootstrapgae_nocompile
300,u0300,32.0,48.827781887492165,3441.825897693634,-70940.60120425068,0.840660041145049,0.143879031564711,4.77273346180802,7.034409450890092,0.8406721863588318,0.840660041145049,0.0154631606978945,0.143879031564711,0.8548333385810255,0.0,32.28481280198321,4519.661455526948,-536593.7463573217,0.4382092664586379,0.4818575640312129,16.5631901928708,42.87186867591738,0.4609209599024616,0.4382092664586379,0.0799353992464774,0.4818575640312129,1.0,0.0,0.0,0.0,0.0,0.0,0.0,0.0,0.0,1.0,1.0,0.0,0.0,0.0,STARS-GC,64217,seed64217_20260714_130007_bootstrapgae_nocompile
325,u0325,32.0,46.83061357564293,3382.1200989708304,-172927.55043369846,0.8207226504969877,0.1631802725879642,4.936232380052813,8.411852957006015,0.8207285788774026,0.8207226504969877,0.016099313273402,0.1631802725879642,0.8437083378881215,0.0,32.28481280198321,4519.661455526948,-536593.7463573217,0.4382092664586379,0.4818575640312129,16.5631901928708,42.87186867591738,0.4609209599024616,0.4382092664586379,0.0799353992464774,0.4818575640312129,1.0,0.0,0.0,0.0,0.0,0.0,0.0,0.0,0.0,2.0,1.0,0.0,0.0,0.0,STARS-GC,64217,seed64217_20260714_130007_bootstrapgae_nocompile
350,u0350,32.0,44.578190375468694,3396.574109636247,-9974824.502214637,0.7834865875700489,0.1944524000801684,5.8391142874943665,11.40018456527942,0.7834896722249686,0.7834865875700489,0.022063243765682,0.1944524000801684,0.8636666718497872,0.0,32.28481280198321,4519.661455526948,-536593.7463573217,0.4382092664586379,0.4818575640312129,16.5631901928708,42.87186867591738,0.4609209599024616,0.4382092664586379,0.0799353992464774,0.4818575640312129,1.0,0.0,0.0,0.0,0.0,0.0,1.0,1.0,0.0,3.0,1.0,0.0,0.0,0.0,STARS-GC,64217,seed64217_20260714_130007_bootstrapgae_nocompile
375,u0375,32.0,44.41762333211955,3313.7057907804847,-22088947.056636855,0.7779734555194154,0.2026199662487024,5.886836374465492,11.686787258500727,0.7779933097166939,0.7779734555194154,0.0194088164061013,0.2026199662487024,0.8318125042505565,0.0,32.28481280198321,4519.661455526948,-536593.7463573217,0.4382092664586379,0.4818575640312129,16.5631901928708,42.87186867591738,0.4609209599024616,0.4382092664586379,0.0799353992464774,0.4818575640312129,1.0,0.0,0.0,0.0,0.0,0.0,0.0,0.0,0.0,4.0,1.0,0.0,1.0,1.0,STARS-GC,64217,seed64217_20260714_130007_bootstrapgae_nocompile
25,u0025,32.0,32.329432767117396,4190.280946865678,-238230.1566072255,0.4145521961141769,0.5145766183614211,15.109251863246683,47.78675006203824,0.4170125419286105,0.4145521961141769,0.0708736348367248,0.5145766183614211,0.9749089927049844,0.03125,32.28481280198321,4519.661455526948,-536593.7463573217,0.4382092664586379,0.4818575640312129,16.5631901928708,42.87186867591738,0.4609209599024616,0.4382092664586379,0.0799353992464774,0.4818575640312129,1.0,0.0,1.0,1.0,1.0,1.0,0.0,0.0,1.0,0.0,1.0,0.0,0.0,0.0,STARS-GC,73129,seed73129_20260712_124615_bootstrapgae_nocompile
50,u0050,32.0,33.70671454165131,4204.750344932079,-192776.87775605917,0.4570234627731357,0.482885035189557,14.033622624441618,39.7583307100031,0.45711172456191,0.4570234627731357,0.0600936492829278,0.482885035189557,0.9413996797102028,0.03125,32.28481280198321,4519.661455526948,-536593.7463573217,0.4382092664586379,0.4818575640312129,16.5631901928708,42.87186867591738,0.4609209599024616,0.4382092664586379,0.0799353992464774,0.4818575640312129,1.0,0.0,1.0,1.0,1.0,1.0,0.0,0.0,1.0,0.0,1.0,0.0,0.0,0.0,STARS-GC,73129,seed73129_20260712_124615_bootstrapgae_nocompile
75,u0075,32.0,33.75611753948033,4030.326591029763,-156860.61873151362,0.4779767313265419,0.4600256510664939,12.898741119711705,33.4898082896809,0.4779767289574568,0.4779767313265419,0.0620014675655942,0.4600256510664939,0.9925000004470343,0.03125,32.28481280198321,4519.661455526948,-536593.7463573217,0.4382092664586379,0.4818575640312129,16.5631901928708,42.87186867591738,0.4609209599024616,0.4382092664586379,0.0799353992464774,0.4818575640312129,1.0,0.0,1.0,1.0,1.0,1.0,0.0,0.0,0.0,0.0,1.0,0.0,0.0,0.0,STARS-GC,73129,seed73129_20260712_124615_bootstrapgae_nocompile
100,u0100,32.0,35.58743975730613,4145.159640409052,-126371.9269990027,0.53305421670744,0.4130632585390695,12.43322280567554,27.681798418063707,0.533090928521431,0.53305421670744,0.0538848799458977,0.4130632585390695,0.9963280782894908,0.03125,32.28481280198321,4519.661455526948,-536593.7463573217,0.4382092664586379,0.4818575640312129,16.5631901928708,42.87186867591738,0.4609209599024616,0.4382092664586379,0.0799353992464774,0.4818575640312129,1.0,0.0,1.0,1.0,0.0,1.0,0.0,0.0,1.0,0.0,1.0,0.0,0.0,0.0,STARS-GC,73129,seed73129_20260712_124615_bootstrapgae_nocompile
125,u0125,32.0,36.33558949548751,4197.443513378501,-106735.74176502228,0.586821051010862,0.3575901020050953,11.98333894677088,23.021996080771093,0.5892457864228636,0.586821051010862,0.0555910797875117,0.3575901020050953,0.9800416678115728,0.0,32.28481280198321,4519.661455526948,-536593.7463573217,0.4382092664586379,0.4818575640312129,16.5631901928708,42.87186867591738,0.4609209599024616,0.4382092664586379,0.0799353992464774,0.4818575640312129,1.0,0.0,1.0,1.0,0.0,1.0,0.0,0.0,1.0,0.0,1.0,0.0,0.0,0.0,STARS-GC,73129,seed73129_20260712_124615_bootstrapgae_nocompile
150,u0150,32.0,36.104092923691496,4099.239961609244,-623135.9670513272,0.6267003852017224,0.3255201071771371,10.60359920931235,20.344023388475176,0.6270759264612571,0.6267003852017224,0.0477817425518903,0.3255201071771371,0.8649791702404617,0.0,32.28481280198321,4519.661455526948,-536593.7463573217,0.4382092664586379,0.4818575640312129,16.5631901928708,42.87186867591738,0.4609209599024616,0.4382092664586379,0.0799353992464774,0.4818575640312129,1.0,0.0,1.0,1.0,1.0,1.0,0.0,0.0,0.0,0.0,1.0,0.0,0.0,0.0,STARS-GC,73129,seed73129_20260712_124615_bootstrapgae_nocompile
175,u0175,32.0,33.50256867648568,4031.153189778328,-4770568.000030816,0.6134051322601737,0.3402148547751913,10.55953188039735,21.08243280802667,0.6157177775208837,0.6134051322601737,0.0463822523425095,0.3402148547751913,0.9933750003948806,0.0,32.28481280198321,4519.661455526948,-536593.7463573217,0.4382092664586379,0.4818575640312129,16.5631901928708,42.87186867591738,0.4609209599024616,0.4382092664586379,0.0799353992464774,0.4818575640312129,1.0,0.0,0.0,0.0,0.0,0.0,0.0,0.0,0.0,0.0,1.0,0.0,0.0,0.0,STARS-GC,73129,seed73129_20260712_124615_bootstrapgae_nocompile
200,u0200,32.0,32.45770873874426,4026.071448586881,-19603020.16425842,0.5202493307793048,0.4263581943772133,11.46061356558278,28.49729427848385,0.5205777116296814,0.5202493307793048,0.0533947063037518,0.4263581943772133,0.9852916675284504,0.0,32.28481280198321,4519.661455526948,-536593.7463573217,0.4382092664586379,0.4818575640312129,16.5631901928708,42.87186867591738,0.4609209599024616,0.4382092664586379,0.0799353992464774,0.4818575640312129,1.0,0.0,0.0,0.0,0.0,0.0,1.0,0.0,0.0,0.0,1.0,0.0,0.0,0.0,STARS-GC,73129,seed73129_20260712_124615_bootstrapgae_nocompile
225,u0225,32.0,33.35386143496726,4012.344477057457,-3119488.9604454637,0.5596533369655842,0.3901473990975812,11.114530109757116,27.208545075033392,0.5597846130115214,0.5596533369655842,0.0502013157066687,0.3901473990975812,0.995000000298023,0.03125,32.28481280198321,4519.661455526948,-536593.7463573217,0.4382092664586379,0.4818575640312129,16.5631901928708,42.87186867591738,0.4609209599024616,0.4382092664586379,0.0799353992464774,0.4818575640312129,1.0,0.0,0.0,0.0,0.0,0.0,0.0,0.0,0.0,0.0,1.0,0.0,0.0,0.0,STARS-GC,73129,seed73129_20260712_124615_bootstrapgae_nocompile
250,u0250,32.0,35.18391657806933,3990.6552297472954,-487684.34862339497,0.6119528926766942,0.343293053591362,10.084591782137752,21.347601431921127,0.6126837435034104,0.6119528926766942,0.0447562865904694,0.343293053591362,0.974958334825933,0.0,32.28481280198321,4519.661455526948,-536593.7463573217,0.4382092664586379,0.4818575640312129,16.5631901928708,42.87186867591738,0.4609209599024616,0.4382092664586379,0.0799353992464774,0.4818575640312129,1.0,0.0,0.0,0.0,0.0,0.0,0.0,0.0,0.0,0.0,1.0,0.0,0.0,0.0,STARS-GC,73129,seed73129_20260712_124615_bootstrapgae_nocompile
275,u0275,32.0,36.613825710257515,3859.2756291925903,-1466890.264974594,0.6673298311829566,0.2928410506925324,8.792746351033449,18.11552817133069,0.668781148825772,0.6673298311829566,0.0398313490013638,0.2928410506925324,0.9840833342447876,0.0,32.28481280198321,4519.661455526948,-536593.7463573217,0.4382092664586379,0.4818575640312129,16.5631901928708,42.87186867591738,0.4609209599024616,0.4382092664586379,0.0799353992464774,0.4818575640312129,1.0,0.0,1.0,1.0,1.0,1.0,0.0,0.0,1.0,0.0,1.0,0.0,0.0,0.0,STARS-GC,73129,seed73129_20260712_124615_bootstrapgae_nocompile
300,u0300,32.0,34.9451156987343,3978.567336216569,-887698.5751705766,0.6317795958530623,0.3272344365086064,9.466074643842877,20.585799408555033,0.6330142205108423,0.6317795958530623,0.040988198038538,0.3272344365086064,0.9832083343341944,0.0,32.28481280198321,4519.661455526948,-536593.7463573217,0.4382092664586379,0.4818575640312129,16.5631901928708,42.87186867591738,0.4609209599024616,0.4382092664586379,0.0799353992464774,0.4818575640312129,1.0,0.0,0.0,0.0,0.0,0.0,1.0,1.0,0.0,1.0,1.0,0.0,0.0,0.0,STARS-GC,73129,seed73129_20260712_124615_bootstrapgae_nocompile
325,u0325,32.0,37.19436391466297,3811.199507258833,-456987.7983270287,0.6963899484942667,0.2690436147696127,8.21983005285263,15.124913827478888,0.6970321272932924,0.6963899484942667,0.034568676248582,0.2690436147696127,0.9815833344310524,0.0,32.28481280198321,4519.661455526948,-536593.7463573217,0.4382092664586379,0.4818575640312129,16.5631901928708,42.87186867591738,0.4609209599024616,0.4382092664586379,0.0799353992464774,0.4818575640312129,1.0,0.0,1.0,1.0,1.0,1.0,0.0,0.0,1.0,0.0,1.0,0.0,0.0,0.0,STARS-GC,73129,seed73129_20260712_124615_bootstrapgae_nocompile
350,u0350,32.0,36.78759840875864,3740.039677388966,-510078.44865345955,0.6900902273376704,0.2761842523324412,8.01106283660233,15.618883609160784,0.6910742152702297,0.6900902273376704,0.0337277453809386,0.2761842523324412,0.98633333414793,0.0,32.28481280198321,4519.661455526948,-536593.7463573217,0.4382092664586379,0.4818575640312129,16.5631901928708,42.87186867591738,0.4609209599024616,0.4382092664586379,0.0799353992464774,0.4818575640312129,1.0,0.0,0.0,0.0,0.0,0.0,0.0,0.0,0.0,1.0,1.0,0.0,0.0,0.0,STARS-GC,73129,seed73129_20260712_124615_bootstrapgae_nocompile
375,u0375,32.0,36.23811967251822,3921.1959303095937,-336969.7879899442,0.6774128607385793,0.288096798327977,8.778792208515108,16.255912233941256,0.6775290349381976,0.6774128607385793,0.0344925764562544,0.288096798327977,0.9793750012293458,0.0,32.28481280198321,4519.661455526948,-536593.7463573217,0.4382092664586379,0.4818575640312129,16.5631901928708,42.87186867591738,0.4609209599024616,0.4382092664586379,0.0799353992464774,0.4818575640312129,1.0,0.0,0.0,0.0,0.0,0.0,1.0,1.0,0.0,2.0,1.0,0.0,0.0,0.0,STARS-GC,73129,seed73129_20260712_124615_bootstrapgae_nocompile
400,u0400,32.0,36.77862853882834,3970.499619886279,-144271.9438559115,0.6629736540401353,0.3004537923005335,9.262660742320122,17.68908465400338,0.6629964605262503,0.6629736540401353,0.0365747881181799,0.3004537923005335,0.9558333358168604,0.0,32.28481280198321,4519.661455526948,-536593.7463573217,0.4382092664586379,0.4818575640312129,16.5631901928708,42.87186867591738,0.4609209599024616,0.4382092664586379,0.0799353992464774,0.4818575640312129,1.0,0.0,0.0,0.0,0.0,0.0,1.0,2.0,0.0,3.0,1.0,0.0,0.0,0.0,STARS-GC,73129,seed73129_20260712_124615_bootstrapgae_nocompile
425,u0425,32.0,36.94193914439529,3904.003141641617,-130657.22515442967,0.6604795008804649,0.3013073863201029,9.360006917864084,17.088896061696115,0.6605533615974709,0.6604795008804649,0.0382153458287691,0.3013073863201029,0.929395837560296,0.0,32.28481280198321,4519.661455526948,-536593.7463573217,0.4382092664586379,0.4818575640312129,16.5631901928708,42.87186867591738,0.4609209599024616,0.4382092664586379,0.0799353992464774,0.4818575640312129,1.0,0.0,0.0,0.0,0.0,0.0,0.0,0.0,0.0,4.0,1.0,0.0,1.0,1.0,STARS-GC,73129,seed73129_20260712_124615_bootstrapgae_nocompile
25,u0025,32.0,33.39461791701615,4068.932872921229,-191163.61699862775,0.4479575847291657,0.4930328093338841,13.480216859171184,38.991825264084554,0.4479575809935207,0.4479575847291657,0.059011863048556,0.4930328093338841,0.9645208354368806,0.03125,32.28481280198321,4519.661455526948,-536593.7463573217,0.4382092664586379,0.4818575640312129,16.5631901928708,42.87186867591738,0.4609209599024616,0.4382092664586379,0.0799353992464774,0.4818575640312129,1.0,0.0,1.0,1.0,1.0,1.0,0.0,0.0,1.0,0.0,1.0,0.0,0.0,0.0,STARS-GC,87539,seed87539_retry2_20260714_142500_bootstrapgae_nocompile
50,u0050,32.0,33.97217125375755,4044.441395819187,-164816.95225533843,0.472619776044817,0.4677223565474688,13.125121836454635,34.187268713951674,0.4726932167564943,0.472619776044817,0.0596601908553991,0.4677223565474688,0.9564166692569852,0.03125,32.28481280198321,4519.661455526948,-536593.7463573217,0.4382092664586379,0.4818575640312129,16.5631901928708,42.87186867591738,0.4609209599024616,0.4382092664586379,0.0799353992464774,0.4818575640312129,1.0,0.0,1.0,1.0,0.0,1.0,0.0,0.0,1.0,0.0,1.0,0.0,0.0,0.0,STARS-GC,87539,seed87539_retry2_20260714_142500_bootstrapgae_nocompile
75,u0075,32.0,32.46529856044799,3816.559768140316,-137581.5061467141,0.4962837601972697,0.4318866114529314,12.32889223935314,30.78211586688212,0.4962837584665471,0.4962837601972697,0.0718316751166347,0.4318866114529314,0.995397121734588,0.15625,32.28481280198321,4519.661455526948,-536593.7463573217,0.4382092664586379,0.4818575640312129,16.5631901928708,42.87186867591738,0.4609209599024616,0.4382092664586379,0.0799353992464774,0.4818575640312129,1.0,0.0,1.0,1.0,1.0,0.0,0.0,0.0,0.0,0.0,1.0,0.0,0.0,0.0,STARS-GC,87539,seed87539_retry2_20260714_142500_bootstrapgae_nocompile
100,u0100,32.0,35.78737682150677,4205.437868446112,-122678.65619283916,0.5472222939777619,0.3983978959214049,12.218550367299434,26.375572717353126,0.5472222886886571,0.5472222939777619,0.0543821076592323,0.3983978959214049,0.9956073011467808,0.03125,32.28481280198321,4519.661455526948,-536593.7463573217,0.4382092664586379,0.4818575640312129,16.5631901928708,42.87186867591738,0.4609209599024616,0.4382092664586379,0.0799353992464774,0.4818575640312129,1.0,0.0,1.0,1.0,1.0,1.0,0.0,0.0,1.0,0.0,1.0,0.0,0.0,0.0,STARS-GC,87539,seed87539_retry2_20260714_142500_bootstrapgae_nocompile
125,u0125,32.0,36.2846300911624,4362.517565831542,-111372.47223232688,0.5946013119602576,0.35429994276459,11.936583472812544,23.287688677202915,0.5949774716338144,0.5946013119602576,0.0511009840954719,0.35429994276459,0.9943333336710928,0.0,32.28481280198321,4519.661455526948,-536593.7463573217,0.4382092664586379,0.4818575640312129,16.5631901928708,42.87186867591738,0.4609209599024616,0.4382092664586379,0.0799353992464774,0.4818575640312129,1.0,0.0,1.0,1.0,0.0,1.0,0.0,0.0,1.0,0.0,1.0,0.0,0.0,0.0,STARS-GC,87539,seed87539_retry2_20260714_142500_bootstrapgae_nocompile
150,u0150,32.0,38.44304462801665,4139.467627868056,-75385.6216186583,0.6768331781947052,0.2760822193365712,10.268129279416051,17.860458809893576,0.6775715267327614,0.6768331781947052,0.0470868345452909,0.2760822193365712,0.8764583379290996,0.0,32.28481280198321,4519.661455526948,-536593.7463573217,0.4382092664586379,0.4818575640312129,16.5631901928708,42.87186867591738,0.4609209599024616,0.4382092664586379,0.0799353992464774,0.4818575640312129,1.0,0.0,1.0,1.0,1.0,1.0,0.0,0.0,1.0,0.0,1.0,0.0,0.0,0.0,STARS-GC,87539,seed87539_retry2_20260714_142500_bootstrapgae_nocompile
175,u0175,32.0,42.25896272924729,4064.4080391675234,-46694.91471384466,0.8115991737917067,0.1464039135719562,8.083045141514392,11.490533337716013,0.8216405362514779,0.8115991737917067,0.0419991491564206,0.1464039135719562,0.8562708398625255,0.0,32.28481280198321,4519.661455526948,-536593.7463573217,0.4382092664586379,0.4818575640312129,16.5631901928708,42.87186867591738,0.4609209599024616,0.4382092664586379,0.0799353992464774,0.4818575640312129,1.0,0.0,1.0,1.0,1.0,1.0,0.0,0.0,1.0,0.0,1.0,0.0,0.0,0.0,STARS-GC,87539,seed87539_retry2_20260714_142500_bootstrapgae_nocompile
200,u0200,32.0,53.88005356607027,3651.3355856388807,-26958.114351465665,0.9082219394613056,0.0715544505303978,5.560970428365201,7.099182147509745,0.9115903906598688,0.9082219394613056,0.0202258394829059,0.0715544505303978,0.8740625049769876,0.0,32.28481280198321,4519.661455526948,-536593.7463573217,0.4382092664586379,0.4818575640312129,16.5631901928708,42.87186867591738,0.4609209599024616,0.4382092664586379,0.0799353992464774,0.4818575640312129,1.0,0.0,1.0,1.0,1.0,1.0,0.0,0.0,1.0,0.0,1.0,0.0,0.0,0.0,STARS-GC,87539,seed87539_retry2_20260714_142500_bootstrapgae_nocompile
225,u0225,32.0,58.53793315589428,3630.855349481106,-22694.19124526848,0.9224101026486606,0.0570528779798787,5.1986848747827015,6.398983913768179,0.9282081364952028,0.9224101026486606,0.020539251588235,0.0570528779798787,0.8747916717380286,0.0,32.28481280198321,4519.661455526948,-536593.7463573217,0.4382092664586379,0.4818575640312129,16.5631901928708,42.87186867591738,0.4609209599024616,0.4382092664586379,0.0799353992464774,0.4818575640312129,1.0,0.0,1.0,1.0,1.0,1.0,0.0,0.0,1.0,0.0,1.0,0.0,0.0,0.0,STARS-GC,87539,seed87539_retry2_20260714_142500_bootstrapgae_nocompile
250,u0250,32.0,65.54639880498871,3587.303427696228,-24656.694254052574,0.9171358870156108,0.0668429442193426,4.8773836659872245,6.22269248125021,0.9189808534327896,0.9171358870156108,0.0160234025266032,0.0668429442193426,0.8487500043064355,0.0,32.28481280198321,4519.661455526948,-536593.7463573217,0.4382092664586379,0.4818575640312129,16.5631901928708,42.87186867591738,0.4609209599024616,0.4382092664586379,0.0799353992464774,0.4818575640312129,1.0,0.0,0.0,0.0,1.0,1.0,0.0,0.0,1.0,0.0,1.0,0.0,0.0,0.0,STARS-GC,87539,seed87539_retry2_20260714_142500_bootstrapgae_nocompile
275,u0275,32.0,66.76855853525922,3602.885662004352,-23342.855093352227,0.92130630241707,0.0629283401490903,4.715848272243215,5.8562708828715895,0.9227871842496096,0.92130630241707,0.0157675985354801,0.0629283401490903,0.8151666724793613,0.0,32.28481280198321,4519.661455526948,-536593.7463573217,0.4382092664586379,0.4818575640312129,16.5631901928708,42.87186867591738,0.4609209599024616,0.4382092664586379,0.0799353992464774,0.4818575640312129,1.0,0.0,1.0,1.0,0.0,1.0,0.0,0.0,1.0,0.0,1.0,0.0,0.0,0.0,STARS-GC,87539,seed87539_retry2_20260714_142500_bootstrapgae_nocompile
300,u0300,32.0,66.8298994791694,3646.7844140529633,-24126.605191441504,0.9162201237808912,0.0688333164628275,4.76159818017632,5.995771128997335,0.9176676640380176,0.9162201237808912,0.0149487878704735,0.0688333164628275,0.8583125040866435,0.0,32.28481280198321,4519.661455526948,-536593.7463573217,0.4382092664586379,0.4818575640312129,16.5631901928708,42.87186867591738,0.4609209599024616,0.4382092664586379,0.0799353992464774,0.4818575640312129,1.0,0.0,0.0,0.0,0.0,1.0,0.0,0.0,0.0,1.0,1.0,0.0,0.0,0.0,STARS-GC,87539,seed87539_retry2_20260714_142500_bootstrapgae_nocompile
325,u0325,32.0,64.82708146609366,3685.196911245585,-26036.92777890144,0.9084456242900344,0.0752120217179563,4.86978334580404,6.28739508283637,0.9089040273074062,0.9084456242900344,0.0163445877273957,0.0752120217179563,0.8689375050403176,0.0,32.28481280198321,4519.661455526948,-536593.7463573217,0.4382092664586379,0.4818575640312129,16.5631901928708,42.87186867591738,0.4609209599024616,0.4382092664586379,0.0799353992464774,0.4818575640312129,1.0,0.0,0.0,0.0,0.0,0.0,0.0,0.0,0.0,2.0,1.0,0.0,0.0,0.0,STARS-GC,87539,seed87539_retry2_20260714_142500_bootstrapgae_nocompile
350,u0350,32.0,64.1868602419272,3480.271611005068,-698702.4364580906,0.8730598892495037,0.1132386376781387,4.1085371533121435,6.055263851175289,0.8736918228566646,0.8730598892495037,0.0137037023123628,0.1132386376781387,0.868958338227123,0.0,32.28481280198321,4519.661455526948,-536593.7463573217,0.4382092664586379,0.4818575640312129,16.5631901928708,42.87186867591738,0.4609209599024616,0.4382092664586379,0.0799353992464774,0.4818575640312129,1.0,0.0,0.0,0.0,1.0,1.0,0.0,0.0,0.0,3.0,1.0,0.0,0.0,0.0,STARS-GC,87539,seed87539_retry2_20260714_142500_bootstrapgae_nocompile
375,u0375,32.0,55.70620356162544,3418.441470950842,-6311802.245241636,0.8292676395215095,0.1551682136345916,4.354475470771712,7.05573196066536,0.8296265916358682,0.8292676395215095,0.01556637520815,0.1551682136345916,0.842250005736947,0.0,32.28481280198321,4519.661455526948,-536593.7463573217,0.4382092664586379,0.4818575640312129,16.5631901928708,42.87186867591738,0.4609209599024616,0.4382092664586379,0.0799353992464774,0.4818575640312129,1.0,0.0,0.0,0.0,0.0,0.0,1.0,1.0,0.0,4.0,1.0,0.0,1.0,1.0,STARS-GC,87539,seed87539_retry2_20260714_142500_bootstrapgae_nocompile
25,u0025,32.0,33.64610406756401,4198.099804870784,-183242.3347699046,0.4691699984841819,0.4699581623021271,13.923098078973588,36.97543498519705,0.4701780772977991,0.4691699984841819,0.0608739223224683,0.4699581623021271,0.9504116406530654,0.03125,32.28481280198321,4519.661455526948,-536593.7463573217,0.4382092664586379,0.4818575640312129,16.5631901928708,42.87186867591738,0.4609209599024616,0.4382092664586379,0.0799353992464774,0.4818575640312129,1.0,0.0,1.0,1.0,1.0,1.0,0.0,0.0,1.0,0.0,1.0,0.0,0.0,0.0,STARS-GC,91457,seed91457_20260712_124615_bootstrapgae_nocompile
50,u0050,32.0,33.354165052762255,4133.241082295775,-231315.3322850168,0.4186692756686824,0.5205260514500187,13.950129200391473,45.72550658670068,0.4193061444603371,0.4186692756686824,0.0608069029767689,0.5205260514500187,0.879875006791204,0.0,32.28481280198321,4519.661455526948,-536593.7463573217,0.4382092664586379,0.4818575640312129,16.5631901928708,42.87186867591738,0.4609209599024616,0.4382092664586379,0.0799353992464774,0.4818575640312129,1.0,0.0,0.0,0.0,0.0,1.0,0.0,0.0,0.0,0.0,1.0,0.0,0.0,0.0,STARS-GC,91457,seed91457_20260712_124615_bootstrapgae_nocompile
75,u0075,32.0,34.709771344671026,4241.14144577831,-159554.42488650978,0.4950298891004641,0.4486559220103081,13.201190497152508,34.06058775414527,0.4958061993301381,0.4950298891004641,0.0563164314646655,0.4486559220103081,0.8018333442974833,0.0,32.28481280198321,4519.661455526948,-536593.7463573217,0.4382092664586379,0.4818575640312129,16.5631901928708,42.87186867591738,0.4609209599024616,0.4382092664586379,0.0799353992464774,0.4818575640312129,1.0,0.0,1.0,1.0,1.0,1.0,0.0,0.0,1.0,0.0,1.0,0.0,0.0,0.0,STARS-GC,91457,seed91457_20260712_124615_bootstrapgae_nocompile
100,u0100,32.0,34.59324802691117,4206.541046664119,-142886.85067042708,0.5213499206776248,0.4206359570190782,12.966297848477131,31.331426112101585,0.5220971717299134,0.5213499206776248,0.0580162931408982,0.4206359570190782,0.7987365064981085,0.03125,32.28481280198321,4519.661455526948,-536593.7463573217,0.4382092664586379,0.4818575640312129,16.5631901928708,42.87186867591738,0.4609209599024616,0.4382092664586379,0.0799353992464774,0.4818575640312129,1.0,0.0,1.0,1.0,0.0,0.0,0.0,0.0,0.0,0.0,1.0,0.0,0.0,0.0,STARS-GC,91457,seed91457_20260712_124615_bootstrapgae_nocompile
125,u0125,32.0,36.05378283071332,4248.491509184241,-117203.6295759976,0.5641831367211416,0.3851774109340294,12.211433593051508,25.99699988792464,0.5646794132972137,0.5641831367211416,0.0506416853672348,0.3851774109340294,0.7664895912110804,0.0,32.28481280198321,4519.661455526948,-536593.7463573217,0.4382092664586379,0.4818575640312129,16.5631901928708,42.87186867591738,0.4609209599024616,0.4382092664586379,0.0799353992464774,0.4818575640312129,1.0,0.0,1.0,1.0,1.0,1.0,0.0,0.0,1.0,0.0,1.0,0.0,0.0,0.0,STARS-GC,91457,seed91457_20260712_124615_bootstrapgae_nocompile
150,u0150,32.0,38.3862521154806,4149.089423134923,-75856.97880788147,0.6727097902968526,0.2820336685868451,10.44120871236548,17.786952003590766,0.6735234452905132,0.6727097902968526,0.0452587733396875,0.2820336685868451,0.7403125088736414,0.0,32.28481280198321,4519.661455526948,-536593.7463573217,0.4382092664586379,0.4818575640312129,16.5631901928708,42.87186867591738,0.4609209599024616,0.4382092664586379,0.0799353992464774,0.4818575640312129,1.0,0.0,1.0,1.0,1.0,1.0,0.0,0.0,1.0,0.0,1.0,0.0,0.0,0.0,STARS-GC,91457,seed91457_20260712_124615_bootstrapgae_nocompile
175,u0175,32.0,39.28159509296529,4113.204896867275,-65462.04613953829,0.7436530627760725,0.2121904978073528,9.156406938290292,14.531423471124349,0.744559571801511,0.7436530627760725,0.0441589771745559,0.2121904978073528,0.7233750466911799,0.0625,32.28481280198321,4519.661455526948,-536593.7463573217,0.4382092664586379,0.4818575640312129,16.5631901928708,42.87186867591738,0.4609209599024616,0.4382092664586379,0.0799353992464774,0.4818575640312129,1.0,0.0,1.0,1.0,1.0,0.0,0.0,0.0,1.0,0.0,1.0,0.0,0.0,0.0,STARS-GC,91457,seed91457_20260712_124615_bootstrapgae_nocompile
200,u0200,32.0,38.66541834117379,4188.105585947633,-3100556.9742535283,0.7444346001766668,0.2145123670015845,8.862511238101545,14.252665289237182,0.7452685797267086,0.7444346001766668,0.0410556021497833,0.2145123670015845,0.7244786503764364,0.03125,32.28481280198321,4519.661455526948,-536593.7463573217,0.4382092664586379,0.4818575640312129,16.5631901928708,42.87186867591738,0.4609209599024616,0.4382092664586379,0.0799353992464774,0.4818575640312129,1.0,0.0,1.0,1.0,1.0,0.0,0.0,0.0,0.0,0.0,1.0,0.0,0.0,0.0,STARS-GC,91457,seed91457_20260712_124615_bootstrapgae_nocompile
225,u0225,32.0,33.99997408431955,4036.625971734524,-24248878.030677285,0.6387157503509618,0.3110523572174352,10.1975750681035,22.2246790014462,0.6394644543784727,0.6387157503509618,0.050234967123948,0.3110523572174352,0.7385394924387428,0.03125,32.28481280198321,4519.661455526948,-536593.7463573217,0.4382092664586379,0.4818575640312129,16.5631901928708,42.87186867591738,0.4609209599024616,0.4382092664586379,0.0799353992464774,0.4818575640312129,1.0,0.0,0.0,0.0,0.0,0.0,1.0,0.0,0.0,0.0,1.0,0.0,0.0,0.0,STARS-GC,91457,seed91457_20260712_124615_bootstrapgae_nocompile
250,u0250,32.0,35.978414580225945,4168.481093347073,-552961.8926492482,0.6264317698601618,0.3275577676960729,9.894076965495543,24.267935562131942,0.627913763220599,0.6264317698601618,0.0460126446867959,0.3275577676960729,0.7768309336099002,0.03125,32.28481280198321,4519.661455526948,-536593.7463573217,0.4382092664586379,0.4818575640312129,16.5631901928708,42.87186867591738,0.4609209599024616,0.4382092664586379,0.0799353992464774,0.4818575640312129,1.0,0.0,0.0,0.0,1.0,0.0,0.0,0.0,0.0,0.0,1.0,0.0,0.0,0.0,STARS-GC,91457,seed91457_20260712_124615_bootstrapgae_nocompile
275,u0275,32.0,34.84211079287343,3975.376989521086,-20598597.943734467,0.6275252194642089,0.3318079693814507,9.426715854242444,20.937241379633544,0.6281549428491852,0.6275252194642089,0.0406690421351354,0.3318079693814507,0.7640625117085874,0.0,32.28481280198321,4519.661455526948,-536593.7463573217,0.4382092664586379,0.4818575640312129,16.5631901928708,42.87186867591738,0.4609209599024616,0.4382092664586379,0.0799353992464774,0.4818575640312129,1.0,0.0,0.0,0.0,1.0,1.0,0.0,0.0,0.0,0.0,1.0,0.0,0.0,0.0,STARS-GC,91457,seed91457_20260712_124615_bootstrapgae_nocompile
300,u0300,32.0,34.57029699487612,3894.679025784135,-491040.9957868457,0.58645360747863,0.3693429121383093,10.01465083132018,23.66567359037201,0.58685060077354,0.58645360747863,0.044205719925815,0.3693429121383093,0.7274399935664243,0.03125,32.28481280198321,4519.661455526948,-536593.7463573217,0.4382092664586379,0.4818575640312129,16.5631901928708,42.87186867591738,0.4609209599024616,0.4382092664586379,0.0799353992464774,0.4818575640312129,1.0,0.0,0.0,0.0,0.0,0.0,1.0,1.0,0.0,1.0,1.0,0.0,0.0,0.0,STARS-GC,91457,seed91457_20260712_124615_bootstrapgae_nocompile
325,u0325,32.0,34.59999942290597,3936.162360593677,-660143.9923895597,0.5664413608268369,0.3895714256602677,10.286097802735863,25.01600968715549,0.5667443602897693,0.5664413608268369,0.0439894420534558,0.3895714256602677,0.7575729288849978,0.0,32.28481280198321,4519.661455526948,-536593.7463573217,0.4382092664586379,0.4818575640312129,16.5631901928708,42.87186867591738,0.4609209599024616,0.4382092664586379,0.0799353992464774,0.4818575640312129,1.0,0.0,0.0,0.0,0.0,0.0,0.0,0.0,0.0,2.0,1.0,0.0,0.0,0.0,STARS-GC,91457,seed91457_20260712_124615_bootstrapgae_nocompile
350,u0350,32.0,34.76767815370113,4018.5562773123384,-806948.4830477238,0.5777348592713653,0.3753257244631537,10.577651832768913,24.31176370236694,0.5779662098781635,0.5777348592713653,0.0469417992999947,0.3753257244631537,0.7565980794429107,0.03125,32.28481280198321,4519.661455526948,-536593.7463573217,0.4382092664586379,0.4818575640312129,16.5631901928708,42.87186867591738,0.4609209599024616,0.4382092664586379,0.0799353992464774,0.4818575640312129,1.0,0.0,0.0,0.0,0.0,0.0,0.0,0.0,0.0,3.0,1.0,0.0,0.0,0.0,STARS-GC,91457,seed91457_20260712_124615_bootstrapgae_nocompile
375,u0375,32.0,33.771530863596126,4213.941354777664,-212967.72349393368,0.5023610165934661,0.4430737471590769,12.101561183728275,32.2625495942384,0.5024777586511919,0.5023610165934661,0.0545674760103041,0.4430737471590769,0.7710937626324593,0.0,32.28481280198321,4519.661455526948,-536593.7463573217,0.4382092664586379,0.4818575640312129,16.5631901928708,42.87186867591738,0.4609209599024616,0.4382092664586379,0.0799353992464774,0.4818575640312129,1.0,0.0,0.0,0.0,0.0,0.0,1.0,1.0,0.0,4.0,1.0,0.0,1.0,1.0,STARS-GC,91457,seed91457_20260712_124615_bootstrapgae_nocompile
