t,reward,gu_queue_sum,uav_queue_sum,sat_queue_sum
1.0,0.24299800395965576,7014768.0,17443840.0,0.0
2.0,0.1825377643108368,31220286.0,0.0,0.0
3.0,0.1687442809343338,47728144.0,2214656.0,0.0
4.0,0.16473525762557983,55792592.0,2117120.0,0.0
5.0,0.1659378707408905,53833624.0,14731776.0,0.0
6.0,0.1682007610797882,49641088.0,7474304.0,0.0
7.0,0.17414863407611847,44580476.0,0.0,0.0
8.0,0.18706487119197845,34779796.0,2419456.0,0.0
9.0,0.21419577300548553,19907202.0,4814464.0,0.0
10.0,0.22985485196113586,12929023.0,0.0,0.0
11.0,0.311013400554657,3426895.0,0.0,0.0
12.0,0.8463843464851379,146125.0,0.0,0.0
13.0,0.6327136754989624,524329.0,0.0,0.0
14.0,0.5659346580505371,627413.0,0.0,0.0
15.0,0.7000157237052917,227107.0,0.0,0.0
16.0,0.3078114688396454,6341868.0,0.0,0.0
17.0,0.34663304686546326,3146786.0,0.0,0.0
18.0,1.0,0.0,0.0,0.0
19.0,1.0,0.0,0.0,0.0
20.0,0.9466381072998047,53303.0,0.0,0.0
21.0,1.0,0.0,0.0,0.0
22.0,0.9463661313056946,54990.0,0.0,0.0
23.0,1.0,0.0,0.0,0.0
24.0,1.0,0.0,0.0,0.0
25.0,1.0,0.0,0.0,0.0
26.0,0.9653064012527466,38388.0,0.0,0.0
27.0,1.0,0.0,0.0,0.0
28.0,1.0,0.0,0.0,0.0
29.0,0.9985771179199219,1598.0,0.0,0.0
30.0,0.9539496898651123,55527.0,0.0,0.0
31.0,1.0,0.0,0.0,0.0
32.0,1.0,0.0,0.0,0.0
33.0,1.0,0.0,0.0,0.0
34.0,1.0,0.0,0.0,0.0
35.0,1.0,0.0,0.0,0.0
36.0,0.9897180795669556,11273.0,0.0,0.0
37.0,0.9574620127677917,49431.0,0.0,0.0
38.0,0.7845845818519592,346574.0,0.0,0.0
39.0,0.7463023662567139,448787.0,0.0,0.0
40.0,0.7881864905357361,341294.0,0.0,0.0
41.0,0.7527540326118469,433601.0,0.0,0.0
42.0,0.7063809037208557,578107.0,0.0,0.0
43.0,0.6742663979530334,698559.0,0.0,0.0
44.0,0.6723083853721619,706832.0,0.0,0.0
45.0,0.6788057684898376,680903.0,0.0,0.0
46.0,0.692372739315033,630763.0,0.0,0.0
47.0,0.6837050318717957,664768.0,0.0,0.0
48.0,0.6846719980239868,661775.0,0.0,0.0
49.0,0.6828377842903137,669467.0,0.0,0.0
50.0,0.6838283538818359,666796.0,0.0,0.0
51.0,0.6838264465332031,667390.0,0.0,0.0
52.0,0.7014616131782532,603211.0,0.0,0.0
53.0,0.6996484398841858,610279.0,0.0,0.0
54.0,1.0,0.0,0.0,0.0
55.0,0.3308422863483429,4226518.0,0.0,0.0
56.0,0.5754114985466003,806759.0,0.0,0.0
57.0,0.9956427812576294,4546.0,0.0,0.0
58.0,1.0,0.0,0.0,0.0
59.0,1.0,0.0,0.0,0.0
60.0,1.0,0.0,0.0,0.0
61.0,1.0,0.0,0.0,0.0
62.0,1.0,0.0,0.0,0.0
63.0,1.0,0.0,0.0,0.0
64.0,1.0,0.0,0.0,0.0
65.0,1.0,0.0,0.0,0.0
66.0,1.0,0.0,0.0,0.0
67.0,1.0,0.0,0.0,0.0
68.0,1.0,0.0,0.0,0.0
69.0,1.0,0.0,0.0,0.0
70.0,1.0,0.0,0.0,0.0
71.0,1.0,0.0,0.0,0.0
72.0,0.3447413146495819,5109744.0,0.0,0.0
73.0,0.359126478433609,4536512.0,0.0,0.0
74.0,0.3845619857311249,3693303.0,0.0,0.0
75.0,0.41286012530326843,2986391.0,0.0,0.0
76.0,0.3566262423992157,4801063.0,0.0,0.0
77.0,0.32467764616012573,6625288.0,0.0,0.0
78.0,0.3109644949436188,7654267.0,0.0,0.0
79.0,0.30526912212371826,8075301.0,0.0,0.0
80.0,0.30650314688682556,7867235.0,0.0,0.0
81.0,0.3188602030277252,6915224.0,0.0,0.0
82.0,0.3570341467857361,4780464.0,0.0,0.0
83.0,0.46387746930122375,2162350.0,0.0,0.0
84.0,0.917345404624939,50504.0,0.0,0.0
85.0,0.5549653172492981,1282313.0,0.0,0.0
86.0,1.0,0.0,0.0,0.0
87.0,1.0,0.0,0.0,0.0
88.0,1.0,0.0,0.0,0.0
89.0,1.0,0.0,0.0,0.0
90.0,1.0,0.0,0.0,0.0
91.0,1.0,0.0,0.0,0.0
92.0,1.0,0.0,0.0,0.0
93.0,1.0,0.0,0.0,0.0
94.0,1.0,0.0,0.0,0.0
95.0,1.0,0.0,0.0,0.0
96.0,1.0,0.0,0.0,0.0
97.0,1.0,0.0,0.0,0.0
98.0,1.0,0.0,0.0,0.0
99.0,1.0,0.0,0.0,0.0
100.0,1.0,0.0,0.0,0.0
101.0,1.0,0.0,0.0,0.0
102.0,1.0,0.0,0.0,0.0
103.0,1.0,0.0,0.0,0.0
104.0,1.0,0.0,0.0,0.0
105.0,1.0,0.0,0.0,0.0
106.0,1.0,0.0,0.0,0.0
107.0,1.0,0.0,0.0,0.0
108.0,1.0,0.0,0.0,0.0
109.0,0.3809238374233246,3046813.0,0.0,0.0
110.0,1.0,0.0,0.0,0.0
111.0,1.0,0.0,0.0,0.0
112.0,1.0,0.0,0.0,0.0
113.0,1.0,0.0,0.0,0.0
114.0,1.0,0.0,0.0,0.0
115.0,1.0,0.0,0.0,0.0
116.0,1.0,0.0,0.0,0.0
117.0,1.0,0.0,0.0,0.0
118.0,0.36514413356781006,4346135.0,0.0,0.0
119.0,0.9273621439933777,81173.0,0.0,0.0
120.0,1.0,0.0,0.0,0.0
121.0,0.7296521663665771,447761.0,0.0,0.0
122.0,0.723328709602356,484419.0,0.0,0.0
123.0,0.6760241389274597,647781.0,0.0,0.0
124.0,0.6135590076446533,930950.0,0.0,0.0
125.0,0.6635069251060486,712686.0,0.0,0.0
126.0,0.6931324601173401,604596.0,0.0,0.0
127.0,0.701812207698822,577047.0,0.0,0.0
128.0,0.6381150484085083,836630.0,0.0,0.0
129.0,0.628745436668396,886742.0,0.0,0.0
130.0,0.7322645783424377,483705.0,0.0,0.0
131.0,0.7977834343910217,315351.0,0.0,0.0
132.0,0.7532193660736084,419854.0,0.0,0.0
133.0,0.8952412009239197,132066.0,0.0,0.0
134.0,1.0,0.0,0.0,0.0
135.0,0.366673082113266,4908860.0,0.0,0.0
136.0,0.8206482529640198,254373.0,84608.0,0.0
137.0,1.0,0.0,0.0,0.0
138.0,1.0,0.0,0.0,0.0
139.0,1.0,0.0,0.0,0.0
140.0,1.0,0.0,0.0,0.0
141.0,0.39123621582984924,3688590.0,0.0,0.0
142.0,0.5387132167816162,1321563.0,0.0,0.0
143.0,0.6676942706108093,641005.0,0.0,0.0
144.0,0.7428666353225708,417770.0,0.0,0.0
145.0,0.7677022218704224,358310.0,0.0,0.0
146.0,0.7511696815490723,400372.0,0.0,0.0
147.0,0.7471623420715332,413631.0,0.0,0.0
148.0,0.7545046806335449,397181.0,0.0,0.0
149.0,0.750583827495575,409601.0,0.0,0.0
150.0,0.8454360961914062,208981.0,0.0,0.0
151.0,0.8314389586448669,235621.0,0.0,0.0
152.0,0.9175863265991211,99364.0,0.0,0.0
153.0,1.0,0.0,0.0,0.0
154.0,1.0,0.0,0.0,0.0
155.0,1.0,0.0,0.0,0.0
156.0,0.9609860181808472,46230.0,0.0,0.0
157.0,0.8480994701385498,218162.0,0.0,0.0
158.0,0.7410471439361572,470444.0,0.0,0.0
159.0,0.9361428022384644,82177.0,0.0,0.0
160.0,1.0,0.0,0.0,0.0
161.0,0.37477171421051025,3103070.0,0.0,0.0
162.0,0.9971746206283569,2509.0,0.0,0.0
163.0,1.0,0.0,0.0,0.0
164.0,0.8428376317024231,189913.0,0.0,0.0
165.0,0.8703433871269226,150809.0,0.0,0.0
166.0,1.0,0.0,0.0,0.0
167.0,0.9871484637260437,12703.0,0.0,0.0
168.0,0.9195870161056519,89048.0,0.0,0.0
169.0,0.9391764998435974,54463.0,54016.0,0.0
170.0,0.7802128791809082,201532.0,1583744.0,0.0
171.0,0.7406519651412964,176486.0,3418496.0,0.0
172.0,0.6954311728477478,178518.0,5360896.0,0.0
173.0,0.6376551389694214,219055.0,8005888.0,0.0
174.0,0.613124430179596,209689.0,9896320.0,0.0
175.0,0.5767531394958496,283376.0,11849600.0,0.0
176.0,0.5505592226982117,341877.0,13639296.0,0.0
177.0,0.5317859649658203,362989.0,15585920.0,0.0
178.0,0.545276939868927,233616.0,15881472.0,0.0
179.0,0.5950753688812256,160993.0,11963136.0,0.0
180.0,0.6193017959594727,337573.0,7565952.0,0.0
181.0,0.7561846971511841,91289.0,4229376.0,0.0
182.0,0.8257856369018555,149399.0,1290368.0,0.0
183.0,0.8358699679374695,223028.0,0.0,0.0
184.0,0.8361932039260864,226399.0,0.0,0.0
185.0,0.8235976099967957,248180.0,0.0,0.0
186.0,1.0,0.0,0.0,0.0
187.0,0.37452754378318787,4310846.0,0.0,0.0
188.0,0.46571171283721924,2080778.0,871296.0,0.0
189.0,0.578414261341095,1031700.0,508160.0,0.0
190.0,0.5943246483802795,986895.0,0.0,0.0
191.0,0.5880023837089539,1039905.0,0.0,0.0
192.0,0.5323729515075684,1462733.0,0.0,0.0
193.0,0.4775080978870392,2052627.0,471296.0,0.0
194.0,0.4524140954017639,2293643.0,2666496.0,0.0
195.0,0.47915223240852356,1641158.0,5894528.0,0.0
196.0,0.6635986566543579,0.0,9021824.0,0.0
197.0,1.0,0.0,0.0,0.0
198.0,1.0,0.0,0.0,0.0
199.0,1.0,0.0,0.0,0.0
200.0,1.0,0.0,0.0,0.0
201.0,1.0,0.0,0.0,0.0
202.0,1.0,0.0,0.0,0.0
203.0,1.0,0.0,0.0,0.0
204.0,1.0,0.0,0.0,0.0
205.0,1.0,0.0,0.0,0.0
206.0,1.0,0.0,0.0,0.0
207.0,1.0,0.0,0.0,0.0
208.0,1.0,0.0,0.0,0.0
209.0,1.0,0.0,0.0,0.0
210.0,0.3280717134475708,5489607.0,0.0,0.0
211.0,0.4356158673763275,1986255.0,3347712.0,0.0
212.0,0.701626718044281,254581.0,3307008.0,0.0
213.0,0.8076006174087524,212421.0,381952.0,0.0
214.0,1.0,0.0,0.0,0.0
215.0,0.353682279586792,4417254.0,0.0,0.0
216.0,0.46271687746047974,1790581.0,1930752.0,0.0
217.0,0.731688916683197,246901.0,2486656.0,0.0
218.0,0.9128546118736267,0.0,1468800.0,0.0
219.0,0.9858792424201965,0.0,211712.0,0.0
220.0,1.0,0.0,0.0,0.0
221.0,1.0,0.0,0.0,0.0
222.0,1.0,0.0,0.0,0.0
223.0,1.0,0.0,0.0,0.0
224.0,1.0,0.0,0.0,0.0
225.0,1.0,0.0,0.0,0.0
226.0,1.0,0.0,0.0,0.0
227.0,1.0,0.0,0.0,0.0
228.0,1.0,0.0,0.0,0.0
229.0,1.0,0.0,0.0,0.0
230.0,1.0,0.0,0.0,0.0
231.0,1.0,0.0,0.0,0.0
232.0,1.0,0.0,0.0,0.0
233.0,1.0,0.0,0.0,0.0
234.0,1.0,0.0,0.0,0.0
235.0,1.0,0.0,0.0,0.0
236.0,1.0,0.0,0.0,0.0
237.0,1.0,0.0,0.0,0.0
238.0,1.0,0.0,0.0,0.0
239.0,1.0,0.0,0.0,0.0
240.0,0.9050509929656982,162769.0,0.0,0.0
241.0,0.7854203581809998,457583.0,0.0,0.0
242.0,0.7790803909301758,475002.0,0.0,0.0
243.0,0.9268397688865662,117678.0,0.0,0.0
244.0,1.0,0.0,0.0,0.0
245.0,1.0,0.0,0.0,0.0
246.0,0.9528062343597412,73503.0,0.0,0.0
247.0,0.884274959564209,199563.0,0.0,0.0
248.0,0.811889111995697,368816.0,0.0,0.0
249.0,0.7678329348564148,491030.0,0.0,0.0
250.0,0.8516259789466858,263104.0,0.0,0.0
