axis,point,multiplier,total_arrival_mbps,method,checkpoint_kind,training_seed,reward_sum,processed_ratio_eval,drop_ratio_eval,D_sys_report,pre_backlog_steps_eval,queue_total_mean,collision_episode_fraction,paper_label,episodes,eval_seed_bases,source_metrics,metrics_row_selector
load,load_0.5,0.5,20.0,distributed_queue_c,fixed,-1,88.93536631576717,0.9982534498348832,0.0,0.4309980227776295,0.3976170684762782,7952341.2740625,0.0,DQS,64,1980000;1981000,runs/experiments/more_gus_scans/stars_dqs_revised_k1_20260925/figures/per_training_seed.csv,point=load_0.5;method=distributed_queue_c;training_seed=-1;checkpoint_kind=fixed
load,load_0.5,0.5,20.0,maxweight_lyapunov,fixed,-1,97.18452013470232,0.9984628628436476,3.291403806360781e-05,0.5319731426384978,0.4745268362999941,9490536.614125,0.0,Lyapunov,64,1980000;1981000,runs/experiments/more_gus_scans/stars_dqs_revised_k1_20260925/figures/per_training_seed.csv,point=load_0.5;method=maxweight_lyapunov;training_seed=-1;checkpoint_kind=fixed
load,load_0.5,0.5,20.0,queue_aware_bw,fixed,-1,74.9884193977341,0.9406420358903708,0.0277723214424815,6.370217699489749,5.252756613842029,105055131.107,0.0,QBS,64,1980000;1981000,runs/experiments/more_gus_scans/stars_dqs_revised_k1_20260925/figures/per_training_seed.csv,point=load_0.5;method=queue_aware_bw;training_seed=-1;checkpoint_kind=fixed
load,load_0.5,0.5,20.0,stars,selected,45210,235.9631408976857,1.0000025746356695,0.0,0.0654772978252276,0.0528059807232827,1056119.6030625,0.0,STARS,64,1980000;1981000,runs/experiments/more_gus_scans/stars_dqs_revised_k1_20260925/figures/per_training_seed.csv,point=load_0.5;method=stars;training_seed=45210;checkpoint_kind=selected
load,load_0.5,0.5,20.0,stars,selected,45211,243.246927482076,1.0000016265921294,0.0,0.0198045456641829,0.017660731743325,353214.63025,0.0,STARS,64,1980000;1981000,runs/experiments/more_gus_scans/stars_dqs_revised_k1_20260925/figures/per_training_seed.csv,point=load_0.5;method=stars;training_seed=45211;checkpoint_kind=selected
load,load_0.5,0.5,20.0,stars,selected,61723,241.8095930267591,0.9998095148373396,0.0,0.0273931945885451,0.0226854064407046,453708.12325,0.0,STARS,64,1980000;1981000,runs/experiments/more_gus_scans/stars_dqs_revised_k1_20260925/figures/per_training_seed.csv,point=load_0.5;method=stars;training_seed=61723;checkpoint_kind=selected
load,load_0.5,0.5,20.0,static_uniform,fixed,-1,92.44395578757394,0.9159472586540506,0.0562227525863595,6.891752427413014,5.330252370606811,106605046.2386875,0.0,Uniform,64,1980000;1981000,runs/experiments/more_gus_scans/stars_dqs_revised_k1_20260925/figures/per_training_seed.csv,point=load_0.5;method=static_uniform;training_seed=-1;checkpoint_kind=fixed
load,load_0.75,0.75,30.0,distributed_queue_c,fixed,-1,61.31243478995748,0.9980807816851884,0.0,0.5121034061781266,0.4935819253600584,14807458.1133125,0.0,DQS,64,1980000;1981000,runs/experiments/more_gus_scans/stars_dqs_revised_k1_20260925/figures/per_training_seed.csv,point=load_0.75;method=distributed_queue_c;training_seed=-1;checkpoint_kind=fixed
load,load_0.75,0.75,30.0,maxweight_lyapunov,fixed,-1,60.310317254276015,0.9969676169920711,0.0010575965125813,0.748446755110277,0.6935878009229773,20807634.5218125,0.0,Lyapunov,64,1980000;1981000,runs/experiments/more_gus_scans/stars_dqs_revised_k1_20260925/figures/per_training_seed.csv,point=load_0.75;method=maxweight_lyapunov;training_seed=-1;checkpoint_kind=fixed
load,load_0.75,0.75,30.0,queue_aware_bw,fixed,-1,44.27933827438392,0.831443036807701,0.0869250137855384,16.9612018520097,12.389218285196964,371676557.399,0.0,QBS,64,1980000;1981000,runs/experiments/more_gus_scans/stars_dqs_revised_k1_20260925/figures/per_training_seed.csv,point=load_0.75;method=queue_aware_bw;training_seed=-1;checkpoint_kind=fixed
load,load_0.75,0.75,30.0,stars,selected,45210,209.61594448867257,0.9999974251464008,0.0,0.1966508854670011,0.1519945471393829,4559836.5213750005,0.0,STARS,64,1980000;1981000,runs/experiments/more_gus_scans/stars_dqs_revised_k1_20260925/figures/per_training_seed.csv,point=load_0.75;method=stars;training_seed=45210;checkpoint_kind=selected
load,load_0.75,0.75,30.0,stars,selected,45211,211.2527334180195,0.9999126529498026,0.0,0.0700021647453082,0.0639547978245699,1918643.979,0.0,STARS,64,1980000;1981000,runs/experiments/more_gus_scans/stars_dqs_revised_k1_20260925/figures/per_training_seed.csv,point=load_0.75;method=stars;training_seed=45211;checkpoint_kind=selected
load,load_0.75,0.75,30.0,stars,selected,61723,230.5910322002601,1.0000000309133903,0.0,0.0779168389652037,0.0649666292914397,1948998.921875,0.0,STARS,64,1980000;1981000,runs/experiments/more_gus_scans/stars_dqs_revised_k1_20260925/figures/per_training_seed.csv,point=load_0.75;method=stars;training_seed=61723;checkpoint_kind=selected
load,load_0.75,0.75,30.0,static_uniform,fixed,-1,55.17650765320286,0.857546915449202,0.1117311145459281,9.292689451845805,6.432921934806447,192987662.5814375,0.0,Uniform,64,1980000;1981000,runs/experiments/more_gus_scans/stars_dqs_revised_k1_20260925/figures/per_training_seed.csv,point=load_0.75;method=static_uniform;training_seed=-1;checkpoint_kind=fixed
load,load_1,1.0,40.0,distributed_queue_c,fixed,-1,54.83893295424059,0.9963312113974244,0.0001762956443671,0.8139963224991698,0.7932661274472029,31730644.7194375,0.0,DQS,64,1980000;1981000,runs/experiments/more_gus_scans/stars_dqs_revised_k1_20260925/figures/per_training_seed.csv,point=load_1;method=distributed_queue_c;training_seed=-1;checkpoint_kind=fixed
load,load_1,1.0,40.0,maxweight_lyapunov,fixed,-1,53.40169063897338,0.9944367844546214,0.0034166461076413,0.9708781606743468,0.8995505797851747,35982022.7739375,0.0,Lyapunov,64,1980000;1981000,runs/experiments/more_gus_scans/stars_dqs_revised_k1_20260925/figures/per_training_seed.csv,point=load_1;method=maxweight_lyapunov;training_seed=-1;checkpoint_kind=fixed
load,load_1,1.0,40.0,queue_aware_bw,fixed,-1,36.478225987521,0.7243417961681262,0.1712787118336313,25.69713238279716,16.93187936968896,677275166.78725,0.0,QBS,64,1980000;1981000,runs/experiments/more_gus_scans/stars_dqs_revised_k1_20260925/figures/per_training_seed.csv,point=load_1;method=queue_aware_bw;training_seed=-1;checkpoint_kind=fixed
load,load_1,1.0,40.0,stars,selected,45210,175.13942026463337,0.9992910321531816,0.0002650782323771,0.3731496200163407,0.2920063231098957,11680252.7836875,0.0,STARS,64,1980000;1981000,runs/experiments/more_gus_scans/stars_dqs_revised_k1_20260925/figures/per_training_seed.csv,point=load_1;method=stars;training_seed=45210;checkpoint_kind=selected
load,load_1,1.0,40.0,stars,selected,45211,168.7610947531648,0.9995433522639796,0.0002195980481501,0.1673150506003236,0.1533411629362853,6133646.442625,0.0,STARS,64,1980000;1981000,runs/experiments/more_gus_scans/stars_dqs_revised_k1_20260925/figures/per_training_seed.csv,point=load_1;method=stars;training_seed=45211;checkpoint_kind=selected
load,load_1,1.0,40.0,stars,selected,61723,200.45108297653496,0.9997545865699649,0.0001201029812982,0.162070395858776,0.1385673279571459,5542693.060125,0.0,STARS,64,1980000;1981000,runs/experiments/more_gus_scans/stars_dqs_revised_k1_20260925/figures/per_training_seed.csv,point=load_1;method=stars;training_seed=61723;checkpoint_kind=selected
load,load_1,1.0,40.0,static_uniform,fixed,-1,38.080754344002344,0.7958149706795812,0.1677568513592713,12.008456345660957,7.833575560751408,313343018.83631253,0.0,Uniform,64,1980000;1981000,runs/experiments/more_gus_scans/stars_dqs_revised_k1_20260925/figures/per_training_seed.csv,point=load_1;method=static_uniform;training_seed=-1;checkpoint_kind=fixed
load,load_1.25,1.25,50.0,distributed_queue_c,fixed,-1,50.751930532744154,0.983903624288272,0.0030650249327809,2.1208846778904844,1.9818209993823697,99091050.55925,0.0,DQS,64,1980000;1981000,runs/experiments/more_gus_scans/stars_dqs_revised_k1_20260925/figures/per_training_seed.csv,point=load_1.25;method=distributed_queue_c;training_seed=-1;checkpoint_kind=fixed
load,load_1.25,1.25,50.0,maxweight_lyapunov,fixed,-1,48.97373919992242,0.980944467051886,0.0068566913824553,2.141293490084521,1.9863565355528336,99317827.3688125,0.0,Lyapunov,64,1980000;1981000,runs/experiments/more_gus_scans/stars_dqs_revised_k1_20260925/figures/per_training_seed.csv,point=load_1.25;method=maxweight_lyapunov;training_seed=-1;checkpoint_kind=fixed
load,load_1.25,1.25,50.0,queue_aware_bw,fixed,-1,33.55644392454997,0.631595963736996,0.2563598575320948,33.50175837946078,19.78338502738066,989169257.4993124,0.0,QBS,64,1980000;1981000,runs/experiments/more_gus_scans/stars_dqs_revised_k1_20260925/figures/per_training_seed.csv,point=load_1.25;method=queue_aware_bw;training_seed=-1;checkpoint_kind=fixed
load,load_1.25,1.25,50.0,stars,selected,45210,129.95238550566137,0.9981863595861942,0.0009926796354375,0.6460854725900131,0.5248163747804051,26240818.9021875,0.0,STARS,64,1980000;1981000,runs/experiments/more_gus_scans/stars_dqs_revised_k1_20260925/figures/per_training_seed.csv,point=load_1.25;method=stars;training_seed=45210;checkpoint_kind=selected
load,load_1.25,1.25,50.0,stars,selected,45211,125.70568444090895,0.998240648589097,0.0011090812177244,0.4105867969473249,0.3833194450260125,19165972.3711875,0.0,STARS,64,1980000;1981000,runs/experiments/more_gus_scans/stars_dqs_revised_k1_20260925/figures/per_training_seed.csv,point=load_1.25;method=stars;training_seed=45211;checkpoint_kind=selected
load,load_1.25,1.25,50.0,stars,selected,61723,125.45111739076674,0.9983354621715844,0.0007431677647727,0.5881342534082917,0.5469625727357748,27348128.79875,0.0,STARS,64,1980000;1981000,runs/experiments/more_gus_scans/stars_dqs_revised_k1_20260925/figures/per_training_seed.csv,point=load_1.25;method=stars;training_seed=61723;checkpoint_kind=selected
load,load_1.25,1.25,50.0,static_uniform,fixed,-1,33.61859455355443,0.7348538172845729,0.2235628899992284,14.723345238931827,9.031668369261956,451583421.7399375,0.0,Uniform,64,1980000;1981000,runs/experiments/more_gus_scans/stars_dqs_revised_k1_20260925/figures/per_training_seed.csv,point=load_1.25;method=static_uniform;training_seed=-1;checkpoint_kind=fixed
load,load_1.5,1.5,60.0,distributed_queue_c,fixed,-1,46.61032691539731,0.9495319439955056,0.0136907632200507,5.786643824872211,5.252801122917678,315168074.9428125,0.0,DQS,64,1980000;1981000,runs/experiments/more_gus_scans/stars_dqs_revised_k1_20260925/figures/per_training_seed.csv,point=load_1.5;method=distributed_queue_c;training_seed=-1;checkpoint_kind=fixed
load,load_1.5,1.5,60.0,maxweight_lyapunov,fixed,-1,44.43838835717179,0.9453677503950894,0.0180316618275216,5.53876460530702,5.039107136246516,302346435.45806247,0.0,Lyapunov,64,1980000;1981000,runs/experiments/more_gus_scans/stars_dqs_revised_k1_20260925/figures/per_training_seed.csv,point=load_1.5;method=maxweight_lyapunov;training_seed=-1;checkpoint_kind=fixed
load,load_1.5,1.5,60.0,queue_aware_bw,fixed,-1,31.876373382401653,0.5571606313530356,0.3302942814722919,39.14724315635115,20.579459681003353,1234767610.1096876,0.0,QBS,64,1980000;1981000,runs/experiments/more_gus_scans/stars_dqs_revised_k1_20260925/figures/per_training_seed.csv,point=load_1.5;method=queue_aware_bw;training_seed=-1;checkpoint_kind=fixed
load,load_1.5,1.5,60.0,stars,selected,45210,92.3975066745188,0.9954027357194573,0.0024339983295932,1.0909732474483502,0.9447328186126562,56683970.4575625,0.0,STARS,64,1980000;1981000,runs/experiments/more_gus_scans/stars_dqs_revised_k1_20260925/figures/per_training_seed.csv,point=load_1.5;method=stars;training_seed=45210;checkpoint_kind=selected
load,load_1.5,1.5,60.0,stars,selected,45211,72.12661859416403,0.9923646719418466,0.0027407345736525,1.3512192874783175,1.294800560194043,77688035.4275,0.0,STARS,64,1980000;1981000,runs/experiments/more_gus_scans/stars_dqs_revised_k1_20260925/figures/per_training_seed.csv,point=load_1.5;method=stars;training_seed=45211;checkpoint_kind=selected
load,load_1.5,1.5,60.0,stars,selected,61723,64.0696789403446,0.9881768420757726,0.0027471741117637,1.847550076604461,1.763647983359202,105818881.4960625,0.0,STARS,64,1980000;1981000,runs/experiments/more_gus_scans/stars_dqs_revised_k1_20260925/figures/per_training_seed.csv,point=load_1.5;method=stars;training_seed=61723;checkpoint_kind=selected
load,load_1.5,1.5,60.0,static_uniform,fixed,-1,31.850535627570935,0.6755505558731966,0.2753427151339162,17.923889470095745,10.40849577609496,624509761.545875,0.0,Uniform,64,1980000;1981000,runs/experiments/more_gus_scans/stars_dqs_revised_k1_20260925/figures/per_training_seed.csv,point=load_1.5;method=static_uniform;training_seed=-1;checkpoint_kind=fixed
load,load_1.75,1.75,70.0,distributed_queue_c,fixed,-1,42.462507316377014,0.897677444672212,0.0452819560417381,10.50787101383158,9.089666294173336,636276616.336625,0.0,DQS,64,1980000;1981000,runs/experiments/more_gus_scans/stars_dqs_revised_k1_20260925/figures/per_training_seed.csv,point=load_1.75;method=distributed_queue_c;training_seed=-1;checkpoint_kind=fixed
load,load_1.75,1.75,70.0,maxweight_lyapunov,fixed,-1,40.13725835550576,0.9007270110202952,0.0454436434236781,9.313953742729035,8.236863959476352,576580454.80525,0.0,Lyapunov,64,1980000;1981000,runs/experiments/more_gus_scans/stars_dqs_revised_k1_20260925/figures/per_training_seed.csv,point=load_1.75;method=maxweight_lyapunov;training_seed=-1;checkpoint_kind=fixed
load,load_1.75,1.75,70.0,queue_aware_bw,fixed,-1,30.998487015254796,0.4944974243473261,0.3945610886681334,43.84545190723613,20.621265935070813,1443488559.711875,0.0,QBS,64,1980000;1981000,runs/experiments/more_gus_scans/stars_dqs_revised_k1_20260925/figures/per_training_seed.csv,point=load_1.75;method=queue_aware_bw;training_seed=-1;checkpoint_kind=fixed
load,load_1.75,1.75,70.0,stars,selected,45210,60.390643828199245,0.9787171941194684,0.0092141857590199,2.4269932619517203,2.247918479339685,157354287.5414375,0.0,STARS,64,1980000;1981000,runs/experiments/more_gus_scans/stars_dqs_revised_k1_20260925/figures/per_training_seed.csv,point=load_1.75;method=stars;training_seed=45210;checkpoint_kind=selected
load,load_1.75,1.75,70.0,stars,selected,45211,47.0688151785871,0.9607855403535068,0.0110201545779801,4.335632740070112,4.1117692954065275,287823839.5088125,0.0,STARS,64,1980000;1981000,runs/experiments/more_gus_scans/stars_dqs_revised_k1_20260925/figures/per_training_seed.csv,point=load_1.75;method=stars;training_seed=45211;checkpoint_kind=selected
load,load_1.75,1.75,70.0,stars,selected,61723,43.3385381087428,0.9505547194369136,0.0180608593709775,4.515147606411949,4.21460512152873,295022347.264375,0.0,STARS,64,1980000;1981000,runs/experiments/more_gus_scans/stars_dqs_revised_k1_20260925/figures/per_training_seed.csv,point=load_1.75;method=stars;training_seed=61723;checkpoint_kind=selected
load,load_1.75,1.75,70.0,static_uniform,fixed,-1,30.789968935307115,0.6213469487261027,0.3248111582566374,21.000485861472782,11.529014809322543,807031005.870375,0.0,Uniform,64,1980000;1981000,runs/experiments/more_gus_scans/stars_dqs_revised_k1_20260925/figures/per_training_seed.csv,point=load_1.75;method=static_uniform;training_seed=-1;checkpoint_kind=fixed
load,load_2,2.0,80.0,distributed_queue_c,fixed,-1,39.405804448761046,0.8448786914125085,0.0873777024610144,13.978172163251788,11.599193863408177,927935498.3555,0.0,DQS,64,1980000;1981000,runs/experiments/more_gus_scans/stars_dqs_revised_k1_20260925/figures/per_training_seed.csv,point=load_2;method=distributed_queue_c;training_seed=-1;checkpoint_kind=fixed
load,load_2,2.0,80.0,maxweight_lyapunov,fixed,-1,37.01909440848976,0.8457621360598132,0.0883195764994914,12.619357309135609,10.593479160919786,847478323.016625,0.0,Lyapunov,64,1980000;1981000,runs/experiments/more_gus_scans/stars_dqs_revised_k1_20260925/figures/per_training_seed.csv,point=load_2;method=maxweight_lyapunov;training_seed=-1;checkpoint_kind=fixed
load,load_2,2.0,80.0,queue_aware_bw,fixed,-1,30.380487705930136,0.4425702083948999,0.4492323590929764,48.35301121070236,20.47797363740392,1638237871.456,0.0,QBS,64,1980000;1981000,runs/experiments/more_gus_scans/stars_dqs_revised_k1_20260925/figures/per_training_seed.csv,point=load_2;method=queue_aware_bw;training_seed=-1;checkpoint_kind=fixed
load,load_2,2.0,80.0,stars,selected,45210,43.3847833101172,0.9067604277310892,0.0371075002557758,7.350451539387927,6.454456256675534,516356494.5818125,0.0,STARS,64,1980000;1981000,runs/experiments/more_gus_scans/stars_dqs_revised_k1_20260925/figures/per_training_seed.csv,point=load_2;method=stars;training_seed=45210;checkpoint_kind=selected
load,load_2,2.0,80.0,stars,selected,45211,39.696151973097585,0.8783896444700658,0.04338864424876,10.361270686520264,8.916643458468839,713331468.427625,0.0,STARS,64,1980000;1981000,runs/experiments/more_gus_scans/stars_dqs_revised_k1_20260925/figures/per_training_seed.csv,point=load_2;method=stars;training_seed=45211;checkpoint_kind=selected
load,load_2,2.0,80.0,stars,selected,61723,37.70250151806977,0.8742011295282281,0.0587290112979595,8.849759727142752,7.535024579273537,602801959.2595,0.0,STARS,64,1980000;1981000,runs/experiments/more_gus_scans/stars_dqs_revised_k1_20260925/figures/per_training_seed.csv,point=load_2;method=stars;training_seed=61723;checkpoint_kind=selected
load,load_2,2.0,80.0,static_uniform,fixed,-1,30.19302232051268,0.5708525895108468,0.3714315863440454,23.777645950999112,12.276409691222012,982112764.2305,0.0,Uniform,64,1980000;1981000,runs/experiments/more_gus_scans/stars_dqs_revised_k1_20260925/figures/per_training_seed.csv,point=load_2;method=static_uniform;training_seed=-1;checkpoint_kind=fixed
resource,resource_0.5,0.5,40.0,distributed_queue_c,fixed,-1,39.224695624317974,0.9324398748762904,0.0169208200138554,8.627392825081014,7.755421530677471,310266249.7014375,0.0,DQS,64,1980000;1981000,runs/experiments/more_gus_scans/stars_dqs_revised_k1_20260925/figures/per_training_seed.csv,point=resource_0.5;method=distributed_queue_c;training_seed=-1;checkpoint_kind=fixed
resource,resource_0.5,0.5,40.0,maxweight_lyapunov,fixed,-1,36.47314070351422,0.9369682606346904,0.0238421725803036,7.768196653455496,7.122450048028491,284931700.6133125,0.0,Lyapunov,64,1980000;1981000,runs/experiments/more_gus_scans/stars_dqs_revised_k1_20260925/figures/per_training_seed.csv,point=resource_0.5;method=maxweight_lyapunov;training_seed=-1;checkpoint_kind=fixed
resource,resource_0.5,0.5,40.0,queue_aware_bw,fixed,-1,28.845962542691268,0.5157399334171787,0.3198843669708807,57.0866700662598,27.71039810259454,1128918000.4959376,0.0,QBS,64,1980000;1981000,runs/experiments/more_gus_scans/stars_dqs_revised_k1_20260925/figures/per_training_seed.csv,point=resource_0.5;method=queue_aware_bw;training_seed=-1;checkpoint_kind=fixed
resource,resource_0.5,0.5,40.0,stars,selected,45210,47.4219214450568,0.97025643554423,0.0191125795314815,3.2904724462365267,2.8650646136440336,115095754.1896875,0.0,STARS,64,1980000;1981000,runs/experiments/more_gus_scans/stars_dqs_revised_k1_20260925/figures/per_training_seed.csv,point=resource_0.5;method=stars;training_seed=45210;checkpoint_kind=selected
resource,resource_0.5,0.5,40.0,stars,selected,45211,39.09908805578016,0.9683306570956484,0.018394654822707,3.7778559630960222,3.581204360904172,143475069.622625,0.0,STARS,64,1980000;1981000,runs/experiments/more_gus_scans/stars_dqs_revised_k1_20260925/figures/per_training_seed.csv,point=resource_0.5;method=stars;training_seed=45211;checkpoint_kind=selected
resource,resource_0.5,0.5,40.0,stars,selected,61723,35.37410321284551,0.9382442882107572,0.0430291936928258,5.785282430304214,5.244900695001706,210120514.1165,0.0,STARS,64,1980000;1981000,runs/experiments/more_gus_scans/stars_dqs_revised_k1_20260925/figures/per_training_seed.csv,point=resource_0.5;method=stars;training_seed=61723;checkpoint_kind=selected
resource,resource_0.5,0.5,40.0,static_uniform,fixed,-1,28.54082607058808,0.6215861200271174,0.3168490683443125,25.5177298304243,13.2780984796877,531134525.5379375,0.0,Uniform,64,1980000;1981000,runs/experiments/more_gus_scans/stars_dqs_revised_k1_20260925/figures/per_training_seed.csv,point=resource_0.5;method=static_uniform;training_seed=-1;checkpoint_kind=fixed
resource,resource_0.75,0.75,40.0,distributed_queue_c,fixed,-1,50.26532049139496,0.9879454300208016,0.0014486125536077,1.7063836114598672,1.6124695984901043,64498783.16775,0.0,DQS,64,1980000;1981000,runs/experiments/more_gus_scans/stars_dqs_revised_k1_20260925/figures/per_training_seed.csv,point=resource_0.75;method=distributed_queue_c;training_seed=-1;checkpoint_kind=fixed
resource,resource_0.75,0.75,40.0,maxweight_lyapunov,fixed,-1,48.12845415493939,0.9864347677677868,0.0061719105089061,1.8250372307391372,1.6898505306646985,67594020.4841875,0.0,Lyapunov,64,1980000;1981000,runs/experiments/more_gus_scans/stars_dqs_revised_k1_20260925/figures/per_training_seed.csv,point=resource_0.75;method=maxweight_lyapunov;training_seed=-1;checkpoint_kind=fixed
resource,resource_0.75,0.75,40.0,queue_aware_bw,fixed,-1,32.4487253439147,0.638759683762677,0.232049998688024,36.669620419062674,21.848506561239017,873964490.881,0.0,QBS,64,1980000;1981000,runs/experiments/more_gus_scans/stars_dqs_revised_k1_20260925/figures/per_training_seed.csv,point=resource_0.75;method=queue_aware_bw;training_seed=-1;checkpoint_kind=fixed
resource,resource_0.75,0.75,40.0,stars,selected,45210,125.9317776733078,0.9979479293106124,0.0007788556340928,0.677791643664337,0.5435582484506355,21743357.6661875,0.0,STARS,64,1980000;1981000,runs/experiments/more_gus_scans/stars_dqs_revised_k1_20260925/figures/per_training_seed.csv,point=resource_0.75;method=stars;training_seed=45210;checkpoint_kind=selected
resource,resource_0.75,0.75,40.0,stars,selected,45211,109.67700492800212,0.9983733483636752,0.0008157538616714,0.4376828936852436,0.4072163701089631,16288654.6045625,0.0,STARS,64,1980000;1981000,runs/experiments/more_gus_scans/stars_dqs_revised_k1_20260925/figures/per_training_seed.csv,point=resource_0.75;method=stars;training_seed=45211;checkpoint_kind=selected
resource,resource_0.75,0.75,40.0,stars,selected,61723,106.96088115859312,0.9985325389569624,0.0006349330909076,0.6210226630934997,0.5660359624489036,22641438.240875,0.0,STARS,64,1980000;1981000,runs/experiments/more_gus_scans/stars_dqs_revised_k1_20260925/figures/per_training_seed.csv,point=resource_0.75;method=stars;training_seed=61723;checkpoint_kind=selected
resource,resource_0.75,0.75,40.0,static_uniform,fixed,-1,32.190465756342746,0.7303467667894438,0.2234506441905693,16.46242344597506,9.906721533289062,396269089.17475,0.0,Uniform,64,1980000;1981000,runs/experiments/more_gus_scans/stars_dqs_revised_k1_20260925/figures/per_training_seed.csv,point=resource_0.75;method=static_uniform;training_seed=-1;checkpoint_kind=fixed
resource,resource_1,1.0,40.0,distributed_queue_c,fixed,-1,54.83893295424059,0.9963312113974244,0.0001762956443671,0.8139963224991698,0.7932661274472029,31730644.7194375,0.0,DQS,64,1980000;1981000,runs/experiments/more_gus_scans/stars_dqs_revised_k1_20260925/figures/per_training_seed.csv,point=resource_1;method=distributed_queue_c;training_seed=-1;checkpoint_kind=fixed
resource,resource_1,1.0,40.0,maxweight_lyapunov,fixed,-1,53.40169063897338,0.9944367844546214,0.0034166461076413,0.9708781606743468,0.8995505797851747,35982022.7739375,0.0,Lyapunov,64,1980000;1981000,runs/experiments/more_gus_scans/stars_dqs_revised_k1_20260925/figures/per_training_seed.csv,point=resource_1;method=maxweight_lyapunov;training_seed=-1;checkpoint_kind=fixed
resource,resource_1,1.0,40.0,queue_aware_bw,fixed,-1,36.478225987521,0.7243417961681262,0.1712787118336313,25.69713238279716,16.93187936968896,677275166.78725,0.0,QBS,64,1980000;1981000,runs/experiments/more_gus_scans/stars_dqs_revised_k1_20260925/figures/per_training_seed.csv,point=resource_1;method=queue_aware_bw;training_seed=-1;checkpoint_kind=fixed
resource,resource_1,1.0,40.0,stars,selected,45210,175.16776113258675,0.9992904072711244,0.0002650784322549,0.373018206954955,0.291882809463275,11675312.243375,0.0,STARS,64,1980000;1981000,runs/experiments/more_gus_scans/stars_dqs_revised_k1_20260925/figures/per_training_seed.csv,point=resource_1;method=stars;training_seed=45210;checkpoint_kind=selected
resource,resource_1,1.0,40.0,stars,selected,45211,168.76109731267206,0.999543349931948,0.0002195980982087,0.1673150581962553,0.1533411668786506,6133646.606,0.0,STARS,64,1980000;1981000,runs/experiments/more_gus_scans/stars_dqs_revised_k1_20260925/figures/per_training_seed.csv,point=resource_1;method=stars;training_seed=45211;checkpoint_kind=selected
resource,resource_1,1.0,40.0,stars,selected,61723,200.44401834555904,0.9997545726075768,0.0001201031806012,0.162088221350254,0.1385850600340078,5543402.338375,0.0,STARS,64,1980000;1981000,runs/experiments/more_gus_scans/stars_dqs_revised_k1_20260925/figures/per_training_seed.csv,point=resource_1;method=stars;training_seed=61723;checkpoint_kind=selected
resource,resource_1,1.0,40.0,static_uniform,fixed,-1,38.080754344002344,0.7958149706795812,0.1677568513592713,12.008456345660957,7.833575560751408,313343018.83631253,0.0,Uniform,64,1980000;1981000,runs/experiments/more_gus_scans/stars_dqs_revised_k1_20260925/figures/per_training_seed.csv,point=resource_1;method=static_uniform;training_seed=-1;checkpoint_kind=fixed
resource,resource_1.25,1.25,40.0,distributed_queue_c,fixed,-1,60.21345510846004,0.9971676651928574,9.404978220117189e-06,0.5901511358971727,0.571597537819597,22863901.2391875,0.0,DQS,64,1980000;1981000,runs/experiments/more_gus_scans/stars_dqs_revised_k1_20260925/figures/per_training_seed.csv,point=resource_1.25;method=distributed_queue_c;training_seed=-1;checkpoint_kind=fixed
resource,resource_1.25,1.25,40.0,maxweight_lyapunov,fixed,-1,58.81702727742959,0.9959594907229766,0.0020214880323946,0.7623220701399641,0.7059436725351552,28237746.571,0.0,Lyapunov,64,1980000;1981000,runs/experiments/more_gus_scans/stars_dqs_revised_k1_20260925/figures/per_training_seed.csv,point=resource_1.25;method=maxweight_lyapunov;training_seed=-1;checkpoint_kind=fixed
resource,resource_1.25,1.25,40.0,queue_aware_bw,fixed,-1,41.7322307130089,0.7845376730561257,0.1290545210262034,19.37686460133219,13.52570687092845,541028268.4715,0.0,QBS,64,1980000;1981000,runs/experiments/more_gus_scans/stars_dqs_revised_k1_20260925/figures/per_training_seed.csv,point=resource_1.25;method=queue_aware_bw;training_seed=-1;checkpoint_kind=fixed
resource,resource_1.25,1.25,40.0,stars,selected,45210,201.21150260721333,0.9999270856445656,6.671513178662072e-05,0.231494689808695,0.1765756054794523,7063024.14,0.0,STARS,64,1980000;1981000,runs/experiments/more_gus_scans/stars_dqs_revised_k1_20260925/figures/per_training_seed.csv,point=resource_1.25;method=stars;training_seed=45210;checkpoint_kind=selected
resource,resource_1.25,1.25,40.0,stars,selected,45211,201.0958259680774,0.9997855030940844,4.6727957038454055e-05,0.0978919036040307,0.0895426566615423,3581706.2243125,0.0,STARS,64,1980000;1981000,runs/experiments/more_gus_scans/stars_dqs_revised_k1_20260925/figures/per_training_seed.csv,point=resource_1.25;method=stars;training_seed=45211;checkpoint_kind=selected
resource,resource_1.25,1.25,40.0,stars,selected,61723,227.24845020729117,0.9999687477713451,2.248464266449273e-05,0.0827182883179792,0.0695803087928248,2783212.326125,0.0,STARS,64,1980000;1981000,runs/experiments/more_gus_scans/stars_dqs_revised_k1_20260925/figures/per_training_seed.csv,point=resource_1.25;method=stars;training_seed=61723;checkpoint_kind=selected
resource,resource_1.25,1.25,40.0,static_uniform,fixed,-1,49.182066245237365,0.8410704355780035,0.1311607272074388,8.952195734711356,6.108465541213714,244338618.7288125,0.0,Uniform,64,1980000;1981000,runs/experiments/more_gus_scans/stars_dqs_revised_k1_20260925/figures/per_training_seed.csv,point=resource_1.25;method=static_uniform;training_seed=-1;checkpoint_kind=fixed
resource,resource_1.5,1.5,40.0,distributed_queue_c,fixed,-1,67.28426685207523,0.9980885273618624,5.90557807299774e-07,0.4967083988164649,0.475373056697902,19014922.0504375,0.0,DQS,64,1980000;1981000,runs/experiments/more_gus_scans/stars_dqs_revised_k1_20260925/figures/per_training_seed.csv,point=resource_1.5;method=distributed_queue_c;training_seed=-1;checkpoint_kind=fixed
resource,resource_1.5,1.5,40.0,maxweight_lyapunov,fixed,-1,66.07688312244136,0.9967222120510414,0.0013377065443778,0.6724509583344448,0.6200504451537754,24802017.52,0.0,Lyapunov,64,1980000;1981000,runs/experiments/more_gus_scans/stars_dqs_revised_k1_20260925/figures/per_training_seed.csv,point=resource_1.5;method=maxweight_lyapunov;training_seed=-1;checkpoint_kind=fixed
resource,resource_1.5,1.5,40.0,queue_aware_bw,fixed,-1,48.246729023056105,0.8292721202075481,0.0988723953232318,15.239073613442905,11.131902235210896,445276084.301125,0.0,QBS,64,1980000;1981000,runs/experiments/more_gus_scans/stars_dqs_revised_k1_20260925/figures/per_training_seed.csv,point=resource_1.5;method=queue_aware_bw;training_seed=-1;checkpoint_kind=fixed
resource,resource_1.5,1.5,40.0,stars,selected,45210,223.38613980566151,0.9999663058761508,3.375725102159523e-05,0.1407296938603123,0.1024800928907643,4099203.6689375,0.0,STARS,64,1980000;1981000,runs/experiments/more_gus_scans/stars_dqs_revised_k1_20260925/figures/per_training_seed.csv,point=resource_1.5;method=stars;training_seed=45210;checkpoint_kind=selected
resource,resource_1.5,1.5,40.0,stars,selected,45211,222.49782799906097,0.9999701374461876,4.677762561186069e-06,0.058399819443642,0.0533862340906496,2135449.3365,0.0,STARS,64,1980000;1981000,runs/experiments/more_gus_scans/stars_dqs_revised_k1_20260925/figures/per_training_seed.csv,point=resource_1.5;method=stars;training_seed=45211;checkpoint_kind=selected
resource,resource_1.5,1.5,40.0,stars,selected,61723,234.61480131815188,0.9999984349524602,0.0,0.0493674479369902,0.0418969273882894,1675877.078,0.0,STARS,64,1980000;1981000,runs/experiments/more_gus_scans/stars_dqs_revised_k1_20260925/figures/per_training_seed.csv,point=resource_1.5;method=stars;training_seed=61723;checkpoint_kind=selected
resource,resource_1.5,1.5,40.0,static_uniform,fixed,-1,63.319518003379926,0.8728185366969555,0.1058240053981595,6.81984873410351,4.790139938184531,191605595.2996875,0.0,Uniform,64,1980000;1981000,runs/experiments/more_gus_scans/stars_dqs_revised_k1_20260925/figures/per_training_seed.csv,point=resource_1.5;method=static_uniform;training_seed=-1;checkpoint_kind=fixed
resource,resource_2,2.0,40.0,distributed_queue_c,fixed,-1,87.945461910218,0.9979040779750794,0.0,0.470629221067925,0.4387525731516093,17550102.7181875,0.0,DQS,64,1980000;1981000,runs/experiments/more_gus_scans/stars_dqs_revised_k1_20260925/figures/per_training_seed.csv,point=resource_2;method=distributed_queue_c;training_seed=-1;checkpoint_kind=fixed
resource,resource_2,2.0,40.0,maxweight_lyapunov,fixed,-1,93.4818006507121,0.9976607042402028,0.0006990788315051,0.5319711441897743,0.4805783682661349,19223134.5219375,0.0,Lyapunov,64,1980000;1981000,runs/experiments/more_gus_scans/stars_dqs_revised_k1_20260925/figures/per_training_seed.csv,point=resource_2;method=maxweight_lyapunov;training_seed=-1;checkpoint_kind=fixed
resource,resource_2,2.0,40.0,queue_aware_bw,fixed,-1,66.2296669393545,0.8948841731343419,0.0554760160662183,9.398394142328756,7.384378513148955,295375137.06225,0.0,QBS,64,1980000;1981000,runs/experiments/more_gus_scans/stars_dqs_revised_k1_20260925/figures/per_training_seed.csv,point=resource_2;method=queue_aware_bw;training_seed=-1;checkpoint_kind=fixed
resource,resource_2,2.0,40.0,stars,selected,45210,228.94879118236713,0.9999806390134618,2.1177920803892188e-05,0.1167929191869206,0.084226453892635,3369058.1185625,0.0,STARS,64,1980000;1981000,runs/experiments/more_gus_scans/stars_dqs_revised_k1_20260925/figures/per_training_seed.csv,point=resource_2;method=stars;training_seed=45210;checkpoint_kind=selected
resource,resource_2,2.0,40.0,stars,selected,45211,236.51994735654444,0.999942335093394,0.0,0.0298534374787034,0.0277329640694002,1109318.549375,0.0,STARS,64,1980000;1981000,runs/experiments/more_gus_scans/stars_dqs_revised_k1_20260925/figures/per_training_seed.csv,point=resource_2;method=stars;training_seed=45211;checkpoint_kind=selected
resource,resource_2,2.0,40.0,stars,selected,61723,239.90130298235457,0.9999974740855396,0.0,0.0249182907062821,0.0208096939977673,832387.7509375,0.0,STARS,64,1980000;1981000,runs/experiments/more_gus_scans/stars_dqs_revised_k1_20260925/figures/per_training_seed.csv,point=resource_2;method=stars;training_seed=61723;checkpoint_kind=selected
resource,resource_2,2.0,40.0,static_uniform,fixed,-1,90.00170993327629,0.9107302487501876,0.0741688710775046,4.464168798484765,3.2849645786038995,131398581.6590625,0.0,Uniform,64,1980000;1981000,runs/experiments/more_gus_scans/stars_dqs_revised_k1_20260925/figures/per_training_seed.csv,point=resource_2;method=static_uniform;training_seed=-1;checkpoint_kind=fixed
resource,resource_3,3.0,40.0,distributed_queue_c,fixed,-1,122.97832408966497,0.998625071610324,0.0,0.3527160826231702,0.3088028277180492,12352112.967125,0.0,DQS,64,1980000;1981000,runs/experiments/more_gus_scans/stars_dqs_revised_k1_20260925/figures/per_training_seed.csv,point=resource_3;method=distributed_queue_c;training_seed=-1;checkpoint_kind=fixed
resource,resource_3,3.0,40.0,maxweight_lyapunov,fixed,-1,136.41422155650798,0.9985605530645698,0.0001966304263132,0.3887664821296057,0.3304645126987561,13218580.347,0.0,Lyapunov,64,1980000;1981000,runs/experiments/more_gus_scans/stars_dqs_revised_k1_20260925/figures/per_training_seed.csv,point=resource_3;method=maxweight_lyapunov;training_seed=-1;checkpoint_kind=fixed
resource,resource_3,3.0,40.0,queue_aware_bw,fixed,-1,104.05384223267902,0.9534310676874592,0.0243525563151344,4.002048043463845,3.359262554059387,134370500.569,0.0,QBS,64,1980000;1981000,runs/experiments/more_gus_scans/stars_dqs_revised_k1_20260925/figures/per_training_seed.csv,point=resource_3;method=queue_aware_bw;training_seed=-1;checkpoint_kind=fixed
resource,resource_3,3.0,40.0,stars,selected,45210,230.87685767188668,0.999934513323009,6.142629776148437e-06,0.1109023143370108,0.087337407820373,3493496.2715625,0.0,STARS,64,1980000;1981000,runs/experiments/more_gus_scans/stars_dqs_revised_k1_20260925/figures/per_training_seed.csv,point=resource_3;method=stars;training_seed=45210;checkpoint_kind=selected
resource,resource_3,3.0,40.0,stars,selected,45211,242.167382996995,0.9999893215298652,0.0,0.0126143875928063,0.0117056658073717,468226.6275625,0.0,STARS,64,1980000;1981000,runs/experiments/more_gus_scans/stars_dqs_revised_k1_20260925/figures/per_training_seed.csv,point=resource_3;method=stars;training_seed=45211;checkpoint_kind=selected
resource,resource_3,3.0,40.0,stars,selected,61723,243.28996915835887,1.0000014681555331,0.0,0.0136051738899014,0.0107769444914107,431077.7753125,0.0,STARS,64,1980000;1981000,runs/experiments/more_gus_scans/stars_dqs_revised_k1_20260925/figures/per_training_seed.csv,point=resource_3;method=stars;training_seed=61723;checkpoint_kind=selected
resource,resource_3,3.0,40.0,static_uniform,fixed,-1,125.1591851625126,0.9494916056049988,0.0420896308306427,2.431783101485795,1.8716710228856503,74866839.9825,0.0,Uniform,64,1980000;1981000,runs/experiments/more_gus_scans/stars_dqs_revised_k1_20260925/figures/per_training_seed.csv,point=resource_3;method=static_uniform;training_seed=-1;checkpoint_kind=fixed
