update,phase,reward_sum,processed_ratio_eval,drop_ratio_eval,D_sys_report,pre_backlog_steps_eval,collision_episode_fraction,training_seed
25,original,46.84264633618295,0.9569914515275468,0.0190876759812703,5.938231231919249,5.229923981209711,0.0625,45211
50,original,38.84247072204016,0.8958952947648529,0.032679330315344,23.190280933623463,19.123262119855973,0.09375,45211
75,original,41.440915594343096,0.9458483237102628,0.0228278111908857,20.682987520296916,17.662155012990407,0.0,45211
100,original,51.34120824420825,0.9955875108093024,0.0004578467112105,12.542264448401346,11.03634256773503,0.0,45211
125,original,80.83468284178525,0.998509608976543,0.000463954388033,1.0758085285322787,1.0331039688256165,0.0,45211
150,original,50.82979369116947,0.9983356664031742,0.0004029043620803,0.682770571737725,0.6517905478207102,0.0,45211
175,original,61.98472281405702,0.9988636979218573,0.0005620512656241,0.4293926746347569,0.4056615198198124,0.0,45211
200,original,63.69033146137372,0.9990252711065114,0.0005054614892696,0.4291916872961956,0.4045604784355237,0.0,45211
225,original,86.0881885420531,0.9991469215862454,0.000491472360125,0.2958458177000703,0.2737168908080412,0.0,45211
250,original,51.16335212253034,0.9965203231275084,0.0004945948011186,0.9651358355065384,0.9300848038540264,0.0,45211
275,original,124.01408808259292,0.9989015163406728,0.0004976401861258,0.2992938660516942,0.2793169105546924,0.0,45211
300,original,91.0747320689261,0.9992406571917236,0.0004813240512003,0.2906036123525159,0.2704671190922311,0.0,45211
325,original,62.79491087887436,0.999106774304062,0.0005445102456687,0.6798454511643865,0.647062443595296,0.0,45211
350,original,129.70771662378684,0.999085856722668,0.0006022884366066,0.3708503886338444,0.336585553624292,0.0,45211
375,original,152.48809724999592,0.9989838124737144,0.000655176078857,0.2109825086818404,0.1921561488096293,0.0,45211
400,original,164.24192290520296,0.9989545840770006,0.000678921804083,0.1915251213840488,0.1707680565039309,0.0,45211
425,original,66.95856154151261,0.9990007970780136,0.0005469216991291,0.7891259426390749,0.7447461467045222,0.0,45211
450,original,87.34712384128943,0.999197272904217,0.0005334897525208,0.7339352495574951,0.6900110267227721,0.0,45211
475,original,125.8683408126235,0.9992536762375384,0.0005145314075816,0.5081252969556758,0.4676620234257096,0.0,45211
500,original,159.33160943444818,0.9990356525499374,0.0005996714910392,0.1976001913805293,0.1732386650913573,0.0,45211
525,continuation,160.95704003889114,0.9990911794230344,0.00060681612201,0.166717435647495,0.1522825901905385,0.0,45211
550,continuation,74.27108268346637,0.9991983750406652,0.0005755768375038,0.7377076306072705,0.6956148007026325,0.0,45211
575,continuation,51.54114442365244,0.9986338871233164,0.0004707699729806,1.263563879032061,1.202251400424765,0.0,45211
600,continuation,57.371037737699226,0.998541866347194,0.0004769092874339,1.6364642610179096,1.5076459992377074,0.0,45211
625,continuation,45.47295362967998,0.9931291767396032,0.0004200898089547,1.5405727370629316,1.4528470118953845,0.0,45211
650,continuation,47.66689592623152,0.9964242932908238,0.0004485290486918,1.2056301403928082,1.1504813355241204,0.0,45211
675,continuation,44.56224854057655,0.9935555827599016,0.0004183367960722,1.6253787935708242,1.5256813949963544,0.0,45211
700,continuation,42.29047995689325,0.9905768490545452,0.0004297338930082,2.057667625245682,1.9212238361207417,0.0,45211
25,original,23.1793386770878,0.4990982250678392,0.3684652019226549,66.1642042148597,21.76484088598602,0.15625,45210
50,original,25.641517160693184,0.4523380815944919,0.4829951775781631,35.66442172550962,13.45875723514453,0.03125,45210
75,original,30.93000426422805,0.6582426232369616,0.2183030870872413,77.72268294435345,36.77147909414,0.0,45210
100,original,35.548807555343956,0.858988626585342,0.1158818275056115,42.69225139795223,23.630770988793586,0.0,45210
125,original,39.96318092662841,0.8947029344774782,0.0796962303685312,18.703996168111804,15.000644902944565,0.0,45210
150,original,42.22349840402603,0.9344532027468084,0.0500597550634182,13.76721499761124,11.086314696343612,0.0,45210
175,original,60.904117674566805,0.9871694085579364,0.0060089358303966,4.488387835934059,3.542482154832708,0.0,45210
200,original,93.78305441793054,0.99633343029581,0.0012934468058792,1.966149294078023,1.635648552223414,0.0,45210
225,original,104.78590880520642,0.9970824933433902,0.0009142795733472,1.5983565879553885,1.2813315673076255,0.0,45210
250,original,111.86485876934604,0.9968070016261188,0.0010701386549044,1.227925730729626,0.9931228930194104,0.0,45210
275,original,110.44763074023648,0.9984704113639892,0.0007056583208322,0.9021077895421208,0.742606933823526,0.0,45210
300,original,133.88248239038512,0.998247055316344,0.0009734394820284,0.7575961947919514,0.6157529834615604,0.0,45210
325,original,134.1329515944235,0.9985903719868512,0.0011462907015703,0.7641349178255954,0.6111496495841494,0.0,45210
350,original,141.31902069458738,0.998986927781254,0.0008725820414792,0.6800298941944518,0.5317895054750109,0.0,45210
375,original,148.16413150774315,0.9988651292696596,0.0007956737519734,0.667593580599207,0.5070121594867685,0.0,45210
400,original,156.76892443792894,0.9991391088441016,0.0007591215880354,0.5805484574876126,0.4377229846669105,0.0,45210
425,original,133.98813130240887,0.9983260366283356,0.0011256919912729,0.5986038428220949,0.4792971400313515,0.0,45210
450,original,163.49938803026453,0.9988404440842568,0.0007354463805381,0.4621827383482145,0.368198046449812,0.0,45210
475,original,167.57619363302365,0.999058489974588,0.0007488370062274,0.4342444813500851,0.3324570925432805,0.0,45210
500,original,167.48005629517138,0.9990599230136722,0.0006961987550457,0.4457917006026554,0.3372221000166572,0.0,45210
525,original,170.1720395963639,0.9990136237163098,0.0006960228485004,0.4215436820681751,0.3219425409755639,0.0,45210
550,original,170.01972158020362,0.9991858771666884,0.0006428520270992,0.4276892611245378,0.3205039842056499,0.0,45210
575,original,169.59474862460047,0.9991564490273592,0.0006488259337152,0.4193226863398998,0.3210360637816568,0.0,45210
600,original,171.71482929075137,0.9987017604131252,0.0006622079837834,0.4130931886066915,0.3139128134289042,0.0,45210
625,original,173.14573304913938,0.998865212652832,0.000670303534569,0.4079775352449248,0.3118146048425508,0.0,45210
650,original,174.26758540421724,0.9989301665276292,0.0006796689536179,0.3969314052961244,0.3063157968700387,0.0,45210
675,original,170.2675857772119,0.9985550608057528,0.0006144421086119,0.4520472771059258,0.3436193171391992,0.0,45210
700,original,70.40786484535784,0.9977413666527716,0.0007095374955097,0.7715542011902972,0.6493360430127614,0.0,45210
25,original,37.15326064708643,0.8580705161496167,0.0619923786876256,35.3128015363295,23.50237601191013,0.03125,61723
50,original,30.935213175835088,0.5394074682515867,0.2430609221419096,101.01351374016154,43.65406581528525,0.375,61723
75,original,34.36449012719095,0.7010077012133676,0.1631257983736338,72.75316365753778,35.088104860382806,0.0625,61723
100,original,37.67441592738032,0.7666543478779494,0.1022283403899375,69.9669188823998,36.81281350345908,0.0,61723
125,original,63.04156501265243,0.9922048503123224,0.0025488551664348,3.0648410561671064,2.2219122403680633,0.0,61723
150,original,62.21484096813947,0.991952404771,0.0013813202063302,3.451637193284726,2.2167131894384227,0.0,61723
175,original,60.27667785692029,0.995040212918073,0.0021053669287186,3.0420917602374105,1.5554345104500826,0.0,61723
200,original,79.49164063157514,0.9967102348972112,0.0007017151150048,1.4165494784261494,0.8937185790530503,0.0,61723
225,original,67.04574669990689,0.9975062016882004,0.0008514492163931,1.372378962482617,0.8561355942729281,0.0,61723
250,original,73.4332025765907,0.9977440482620148,0.0002162937146413,1.1885365205961278,0.7452621935340576,0.0,61723
275,original,99.93505314970388,0.997275263538584,0.00017985698556,0.9441697860395576,0.6421357489121674,0.0,61723
300,original,99.48632114334032,0.997688185609877,0.0002566735658023,0.8160042169510557,0.5839594164155416,0.0,61723
325,original,97.36240466847084,0.9982151151169092,0.0003200670904625,0.8026024314120713,0.5742000771765123,0.0,61723
350,original,110.59074975783004,0.9989439053609966,0.0002795278545982,0.770045273797959,0.5967293218800218,0.0,61723
375,original,64.86676314426586,0.9985726743265984,0.0004143168143018,1.0932825367653205,0.8918850300411433,0.0,61723
400,original,114.91024941485377,0.99860998182185,0.0003057477677211,0.6498732109326243,0.5154590369526689,0.0,61723
425,original,118.84448872180656,0.9982126193325968,0.0004520644187578,0.7359877641167268,0.5672358457183496,0.0,61723
450,original,117.2772851837799,0.9985289899930356,0.0002739857745036,0.5640882657230614,0.4583818083823712,0.0,61723
475,original,91.2476214945782,0.999340674530715,0.0004123424325152,0.933490957135953,0.7688407459324238,0.0,61723
500,original,100.06040098145604,0.9995021111275998,0.0003404640123626,0.7734705602459344,0.6503650205745105,0.0,61723
525,original,131.2735257553868,0.9994310038853436,0.0003212233991553,0.5193348620392458,0.439942693688977,0.0,61723
550,original,135.65706398850307,0.9992344938982278,0.0003083742698217,0.3752068701061564,0.3167908311555027,0.0,61723
575,original,149.9187901832629,0.9994321005586532,0.0002892573284234,0.4121370653953123,0.3472274974759117,0.0,61723
600,original,144.73400830710307,0.9993746779765932,0.0003310227750334,0.3887589665775169,0.3295415932969854,0.0,61723
625,original,149.86418850906193,0.9994734007902442,0.0003277993446099,0.4709670579955496,0.3948382842309443,0.0,61723
650,original,136.60619625076652,0.999018378192559,0.0005377856347768,0.2810682680846048,0.2472033042722372,0.0,61723
675,original,178.95245120301843,0.9993131379988046,0.0004169116516677,0.2195646795032173,0.1830494003108408,0.0,61723
700,original,200.775584960822,0.999387457044795,0.000434303511327,0.1840622099398662,0.1549315203918365,0.0,61723
