event,timestamp,sweep,gpu,point_index,num_uav,num_gu,map_size_m,uav_density_per_km2,method_id,paper_label,method_family,training_seed,checkpoint_role,eval_seed_base,episodes,num_envs,config_path,checkpoint_path,baseline_policy,out_dir,label,rc,elapsed_sec,reward_sum,processed_ratio_eval,drop_ratio_eval,pre_backlog_steps_eval,D_sys_report,queue_total_mean,collision_episode_fraction,near_collision_ratio,near_collision_steps,terminated_early,sat_overlap_eval,episode_length,arrival_step_mean,outflow_arrival_ratio,error
start,2026-07-15T02:52:45+08:00,uav_density,1,1,5,20,1500.0,2.2222222222222223,relcritic,STARS,learned,45211,selected,980000,64,64,/home/sgy/workspace/sagin_marl_phase4_learning_ablation/runs/phase4_learning_ablation/3uav20gu_t250/uav_density_collision_smoke_20260715/configs/5uav20gu/structured_joint_mcgae_3uav20gu_t250_relational_critic.yaml,/home/sgy/workspace/sagin_marl_phase4_learning_ablation/runs/phase4_learning_ablation/3uav20gu_t250/relational_critic/seed45211_20260711_213639_bootstrapgae_nocompile/best_checkpoint.pt,,/home/sgy/workspace/sagin_marl_phase4_learning_ablation/runs/phase4_learning_ablation/3uav20gu_t250/uav_density_collision_smoke_20260715/results/5uav20gu/learned/relcritic/seed45211/selected/seedbase980000,uav_density_5uav_relcritic_seed45211_selected_seedbase980000,,,,,,,,,,,,,,,,,
end,2026-07-15T02:52:52+08:00,uav_density,1,1,5,20,1500.0,2.2222222222222223,relcritic,STARS,learned,45211,selected,980000,64,64,/home/sgy/workspace/sagin_marl_phase4_learning_ablation/runs/phase4_learning_ablation/3uav20gu_t250/uav_density_collision_smoke_20260715/configs/5uav20gu/structured_joint_mcgae_3uav20gu_t250_relational_critic.yaml,/home/sgy/workspace/sagin_marl_phase4_learning_ablation/runs/phase4_learning_ablation/3uav20gu_t250/relational_critic/seed45211_20260711_213639_bootstrapgae_nocompile/best_checkpoint.pt,,/home/sgy/workspace/sagin_marl_phase4_learning_ablation/runs/phase4_learning_ablation/3uav20gu_t250/uav_density_collision_smoke_20260715/results/5uav20gu/learned/relcritic/seed45211/selected/seedbase980000,uav_density_5uav_relcritic_seed45211_selected_seedbase980000,0,6.844,52.08318371628411,0.8648553410758142,0.1041021148598761,5.095531505921552,7.4892698580820305,203821257.74960965,0.28125,,,0.265625,0.5005497660122067,225.546875,40000090.749852546,0.8669120187643732,
start,2026-07-15T02:52:52+08:00,uav_density,1,1,5,20,1500.0,2.2222222222222223,relcritic,STARS,learned,45211,selected,981000,64,64,/home/sgy/workspace/sagin_marl_phase4_learning_ablation/runs/phase4_learning_ablation/3uav20gu_t250/uav_density_collision_smoke_20260715/configs/5uav20gu/structured_joint_mcgae_3uav20gu_t250_relational_critic.yaml,/home/sgy/workspace/sagin_marl_phase4_learning_ablation/runs/phase4_learning_ablation/3uav20gu_t250/relational_critic/seed45211_20260711_213639_bootstrapgae_nocompile/best_checkpoint.pt,,/home/sgy/workspace/sagin_marl_phase4_learning_ablation/runs/phase4_learning_ablation/3uav20gu_t250/uav_density_collision_smoke_20260715/results/5uav20gu/learned/relcritic/seed45211/selected/seedbase981000,uav_density_5uav_relcritic_seed45211_selected_seedbase981000,,,,,,,,,,,,,,,,,
end,2026-07-15T02:52:58+08:00,uav_density,1,1,5,20,1500.0,2.2222222222222223,relcritic,STARS,learned,45211,selected,981000,64,64,/home/sgy/workspace/sagin_marl_phase4_learning_ablation/runs/phase4_learning_ablation/3uav20gu_t250/uav_density_collision_smoke_20260715/configs/5uav20gu/structured_joint_mcgae_3uav20gu_t250_relational_critic.yaml,/home/sgy/workspace/sagin_marl_phase4_learning_ablation/runs/phase4_learning_ablation/3uav20gu_t250/relational_critic/seed45211_20260711_213639_bootstrapgae_nocompile/best_checkpoint.pt,,/home/sgy/workspace/sagin_marl_phase4_learning_ablation/runs/phase4_learning_ablation/3uav20gu_t250/uav_density_collision_smoke_20260715/results/5uav20gu/learned/relcritic/seed45211/selected/seedbase981000,uav_density_5uav_relcritic_seed45211_selected_seedbase981000,0,6.775,51.44835456623696,0.8436527406751568,0.10999832671425451,4.807634856388688,6.963667900396859,192305391.86720866,0.25,,,0.25,0.514883138460828,223.546875,39999984.50848496,0.848510061853155,
start,2026-07-15T02:52:58+08:00,uav_density,1,1,5,20,1500.0,2.2222222222222223,relcritic,STARS,learned,45211,selected,982000,64,64,/home/sgy/workspace/sagin_marl_phase4_learning_ablation/runs/phase4_learning_ablation/3uav20gu_t250/uav_density_collision_smoke_20260715/configs/5uav20gu/structured_joint_mcgae_3uav20gu_t250_relational_critic.yaml,/home/sgy/workspace/sagin_marl_phase4_learning_ablation/runs/phase4_learning_ablation/3uav20gu_t250/relational_critic/seed45211_20260711_213639_bootstrapgae_nocompile/best_checkpoint.pt,,/home/sgy/workspace/sagin_marl_phase4_learning_ablation/runs/phase4_learning_ablation/3uav20gu_t250/uav_density_collision_smoke_20260715/results/5uav20gu/learned/relcritic/seed45211/selected/seedbase982000,uav_density_5uav_relcritic_seed45211_selected_seedbase982000,,,,,,,,,,,,,,,,,
end,2026-07-15T02:53:05+08:00,uav_density,1,1,5,20,1500.0,2.2222222222222223,relcritic,STARS,learned,45211,selected,982000,64,64,/home/sgy/workspace/sagin_marl_phase4_learning_ablation/runs/phase4_learning_ablation/3uav20gu_t250/uav_density_collision_smoke_20260715/configs/5uav20gu/structured_joint_mcgae_3uav20gu_t250_relational_critic.yaml,/home/sgy/workspace/sagin_marl_phase4_learning_ablation/runs/phase4_learning_ablation/3uav20gu_t250/relational_critic/seed45211_20260711_213639_bootstrapgae_nocompile/best_checkpoint.pt,,/home/sgy/workspace/sagin_marl_phase4_learning_ablation/runs/phase4_learning_ablation/3uav20gu_t250/uav_density_collision_smoke_20260715/results/5uav20gu/learned/relcritic/seed45211/selected/seedbase982000,uav_density_5uav_relcritic_seed45211_selected_seedbase982000,0,6.823,51.10472182719968,0.8478875266661712,0.11600153882973212,5.202642254682456,7.557719513745028,208105687.5612551,0.3125,,,0.3125,0.49561596390032553,224.28125,40000056.47624815,0.8494782483023687,
start,2026-07-15T02:53:05+08:00,uav_density,1,1,5,20,1500.0,2.2222222222222223,relcritic,STARS,learned,73129,selected,980000,64,64,/home/sgy/workspace/sagin_marl_phase4_learning_ablation/runs/phase4_learning_ablation/3uav20gu_t250/uav_density_collision_smoke_20260715/configs/5uav20gu/structured_joint_mcgae_3uav20gu_t250_relational_critic.yaml,/home/sgy/workspace/sagin_marl_phase4_learning_ablation/runs/phase4_learning_ablation/3uav20gu_t250/relational_critic/seed73129_20260711_213639_bootstrapgae_nocompile/best_checkpoint.pt,,/home/sgy/workspace/sagin_marl_phase4_learning_ablation/runs/phase4_learning_ablation/3uav20gu_t250/uav_density_collision_smoke_20260715/results/5uav20gu/learned/relcritic/seed73129/selected/seedbase980000,uav_density_5uav_relcritic_seed73129_selected_seedbase980000,,,,,,,,,,,,,,,,,
end,2026-07-15T02:53:12+08:00,uav_density,1,1,5,20,1500.0,2.2222222222222223,relcritic,STARS,learned,73129,selected,980000,64,64,/home/sgy/workspace/sagin_marl_phase4_learning_ablation/runs/phase4_learning_ablation/3uav20gu_t250/uav_density_collision_smoke_20260715/configs/5uav20gu/structured_joint_mcgae_3uav20gu_t250_relational_critic.yaml,/home/sgy/workspace/sagin_marl_phase4_learning_ablation/runs/phase4_learning_ablation/3uav20gu_t250/relational_critic/seed73129_20260711_213639_bootstrapgae_nocompile/best_checkpoint.pt,,/home/sgy/workspace/sagin_marl_phase4_learning_ablation/runs/phase4_learning_ablation/3uav20gu_t250/uav_density_collision_smoke_20260715/results/5uav20gu/learned/relcritic/seed73129/selected/seedbase980000,uav_density_5uav_relcritic_seed73129_selected_seedbase980000,0,6.800,39.12810099637136,0.8441063885556886,0.10364071135234408,4.96406513730284,7.1480752096612425,198562603.14410403,0.59375,,,0.59375,0.531442155193023,173.859375,39999953.27494661,0.8457408931941816,
start,2026-07-15T02:53:12+08:00,uav_density,1,1,5,20,1500.0,2.2222222222222223,relcritic,STARS,learned,73129,selected,981000,64,64,/home/sgy/workspace/sagin_marl_phase4_learning_ablation/runs/phase4_learning_ablation/3uav20gu_t250/uav_density_collision_smoke_20260715/configs/5uav20gu/structured_joint_mcgae_3uav20gu_t250_relational_critic.yaml,/home/sgy/workspace/sagin_marl_phase4_learning_ablation/runs/phase4_learning_ablation/3uav20gu_t250/relational_critic/seed73129_20260711_213639_bootstrapgae_nocompile/best_checkpoint.pt,,/home/sgy/workspace/sagin_marl_phase4_learning_ablation/runs/phase4_learning_ablation/3uav20gu_t250/uav_density_collision_smoke_20260715/results/5uav20gu/learned/relcritic/seed73129/selected/seedbase981000,uav_density_5uav_relcritic_seed73129_selected_seedbase981000,,,,,,,,,,,,,,,,,
end,2026-07-15T02:53:19+08:00,uav_density,1,1,5,20,1500.0,2.2222222222222223,relcritic,STARS,learned,73129,selected,981000,64,64,/home/sgy/workspace/sagin_marl_phase4_learning_ablation/runs/phase4_learning_ablation/3uav20gu_t250/uav_density_collision_smoke_20260715/configs/5uav20gu/structured_joint_mcgae_3uav20gu_t250_relational_critic.yaml,/home/sgy/workspace/sagin_marl_phase4_learning_ablation/runs/phase4_learning_ablation/3uav20gu_t250/relational_critic/seed73129_20260711_213639_bootstrapgae_nocompile/best_checkpoint.pt,,/home/sgy/workspace/sagin_marl_phase4_learning_ablation/runs/phase4_learning_ablation/3uav20gu_t250/uav_density_collision_smoke_20260715/results/5uav20gu/learned/relcritic/seed73129/selected/seedbase981000,uav_density_5uav_relcritic_seed73129_selected_seedbase981000,0,6.849,37.932604217203334,0.8528371883269432,0.09572408661489931,4.33910738651916,5.98812509803662,173564293.3060088,0.578125,,,0.578125,0.5373514335135795,175.375,40000168.289089,0.8551555799280409,
start,2026-07-15T02:53:19+08:00,uav_density,1,1,5,20,1500.0,2.2222222222222223,relcritic,STARS,learned,73129,selected,982000,64,64,/home/sgy/workspace/sagin_marl_phase4_learning_ablation/runs/phase4_learning_ablation/3uav20gu_t250/uav_density_collision_smoke_20260715/configs/5uav20gu/structured_joint_mcgae_3uav20gu_t250_relational_critic.yaml,/home/sgy/workspace/sagin_marl_phase4_learning_ablation/runs/phase4_learning_ablation/3uav20gu_t250/relational_critic/seed73129_20260711_213639_bootstrapgae_nocompile/best_checkpoint.pt,,/home/sgy/workspace/sagin_marl_phase4_learning_ablation/runs/phase4_learning_ablation/3uav20gu_t250/uav_density_collision_smoke_20260715/results/5uav20gu/learned/relcritic/seed73129/selected/seedbase982000,uav_density_5uav_relcritic_seed73129_selected_seedbase982000,,,,,,,,,,,,,,,,,
end,2026-07-15T02:53:26+08:00,uav_density,1,1,5,20,1500.0,2.2222222222222223,relcritic,STARS,learned,73129,selected,982000,64,64,/home/sgy/workspace/sagin_marl_phase4_learning_ablation/runs/phase4_learning_ablation/3uav20gu_t250/uav_density_collision_smoke_20260715/configs/5uav20gu/structured_joint_mcgae_3uav20gu_t250_relational_critic.yaml,/home/sgy/workspace/sagin_marl_phase4_learning_ablation/runs/phase4_learning_ablation/3uav20gu_t250/relational_critic/seed73129_20260711_213639_bootstrapgae_nocompile/best_checkpoint.pt,,/home/sgy/workspace/sagin_marl_phase4_learning_ablation/runs/phase4_learning_ablation/3uav20gu_t250/uav_density_collision_smoke_20260715/results/5uav20gu/learned/relcritic/seed73129/selected/seedbase982000,uav_density_5uav_relcritic_seed73129_selected_seedbase982000,0,6.796,41.24951058009174,0.8443369678568349,0.11998453039171052,4.7400187816596855,6.9038244756220735,189600749.01283577,0.5625,,,0.5625,0.532987660052943,185.75,40000094.19954145,0.8469569943256586,
start,2026-07-15T02:53:26+08:00,uav_density,1,1,5,20,1500.0,2.2222222222222223,relcritic,STARS,learned,91457,selected,980000,64,64,/home/sgy/workspace/sagin_marl_phase4_learning_ablation/runs/phase4_learning_ablation/3uav20gu_t250/uav_density_collision_smoke_20260715/configs/5uav20gu/structured_joint_mcgae_3uav20gu_t250_relational_critic.yaml,/home/sgy/workspace/sagin_marl_phase4_learning_ablation/runs/phase4_learning_ablation/3uav20gu_t250/relational_critic/seed91457_20260712_124615_resume_u0400_bootstrapgae_nocompile/best_checkpoint.pt,,/home/sgy/workspace/sagin_marl_phase4_learning_ablation/runs/phase4_learning_ablation/3uav20gu_t250/uav_density_collision_smoke_20260715/results/5uav20gu/learned/relcritic/seed91457/selected/seedbase980000,uav_density_5uav_relcritic_seed91457_selected_seedbase980000,,,,,,,,,,,,,,,,,
end,2026-07-15T02:53:32+08:00,uav_density,1,1,5,20,1500.0,2.2222222222222223,relcritic,STARS,learned,91457,selected,980000,64,64,/home/sgy/workspace/sagin_marl_phase4_learning_ablation/runs/phase4_learning_ablation/3uav20gu_t250/uav_density_collision_smoke_20260715/configs/5uav20gu/structured_joint_mcgae_3uav20gu_t250_relational_critic.yaml,/home/sgy/workspace/sagin_marl_phase4_learning_ablation/runs/phase4_learning_ablation/3uav20gu_t250/relational_critic/seed91457_20260712_124615_resume_u0400_bootstrapgae_nocompile/best_checkpoint.pt,,/home/sgy/workspace/sagin_marl_phase4_learning_ablation/runs/phase4_learning_ablation/3uav20gu_t250/uav_density_collision_smoke_20260715/results/5uav20gu/learned/relcritic/seed91457/selected/seedbase980000,uav_density_5uav_relcritic_seed91457_selected_seedbase980000,0,6.823,43.72189734992571,0.8415745434349863,0.08681437168164693,5.8521713660485375,8.798635525640417,234086851.8908774,0.390625,,,0.390625,0.6567073793255517,197.5625,40000071.421668574,0.8523441203125406,
start,2026-07-15T02:53:32+08:00,uav_density,1,1,5,20,1500.0,2.2222222222222223,relcritic,STARS,learned,91457,selected,981000,64,64,/home/sgy/workspace/sagin_marl_phase4_learning_ablation/runs/phase4_learning_ablation/3uav20gu_t250/uav_density_collision_smoke_20260715/configs/5uav20gu/structured_joint_mcgae_3uav20gu_t250_relational_critic.yaml,/home/sgy/workspace/sagin_marl_phase4_learning_ablation/runs/phase4_learning_ablation/3uav20gu_t250/relational_critic/seed91457_20260712_124615_resume_u0400_bootstrapgae_nocompile/best_checkpoint.pt,,/home/sgy/workspace/sagin_marl_phase4_learning_ablation/runs/phase4_learning_ablation/3uav20gu_t250/uav_density_collision_smoke_20260715/results/5uav20gu/learned/relcritic/seed91457/selected/seedbase981000,uav_density_5uav_relcritic_seed91457_selected_seedbase981000,,,,,,,,,,,,,,,,,
end,2026-07-15T02:53:39+08:00,uav_density,1,1,5,20,1500.0,2.2222222222222223,relcritic,STARS,learned,91457,selected,981000,64,64,/home/sgy/workspace/sagin_marl_phase4_learning_ablation/runs/phase4_learning_ablation/3uav20gu_t250/uav_density_collision_smoke_20260715/configs/5uav20gu/structured_joint_mcgae_3uav20gu_t250_relational_critic.yaml,/home/sgy/workspace/sagin_marl_phase4_learning_ablation/runs/phase4_learning_ablation/3uav20gu_t250/relational_critic/seed91457_20260712_124615_resume_u0400_bootstrapgae_nocompile/best_checkpoint.pt,,/home/sgy/workspace/sagin_marl_phase4_learning_ablation/runs/phase4_learning_ablation/3uav20gu_t250/uav_density_collision_smoke_20260715/results/5uav20gu/learned/relcritic/seed91457/selected/seedbase981000,uav_density_5uav_relcritic_seed91457_selected_seedbase981000,0,6.833,40.5973192891106,0.8565840439789318,0.08064241417876013,5.0667013247089505,7.025042917310513,202668050.52288136,0.46875,,,0.46875,0.6421808777492446,189.84375,40000036.593500696,0.8651288182765647,
start,2026-07-15T02:53:39+08:00,uav_density,1,1,5,20,1500.0,2.2222222222222223,relcritic,STARS,learned,91457,selected,982000,64,64,/home/sgy/workspace/sagin_marl_phase4_learning_ablation/runs/phase4_learning_ablation/3uav20gu_t250/uav_density_collision_smoke_20260715/configs/5uav20gu/structured_joint_mcgae_3uav20gu_t250_relational_critic.yaml,/home/sgy/workspace/sagin_marl_phase4_learning_ablation/runs/phase4_learning_ablation/3uav20gu_t250/relational_critic/seed91457_20260712_124615_resume_u0400_bootstrapgae_nocompile/best_checkpoint.pt,,/home/sgy/workspace/sagin_marl_phase4_learning_ablation/runs/phase4_learning_ablation/3uav20gu_t250/uav_density_collision_smoke_20260715/results/5uav20gu/learned/relcritic/seed91457/selected/seedbase982000,uav_density_5uav_relcritic_seed91457_selected_seedbase982000,,,,,,,,,,,,,,,,,
end,2026-07-15T02:53:47+08:00,uav_density,1,1,5,20,1500.0,2.2222222222222223,relcritic,STARS,learned,91457,selected,982000,64,64,/home/sgy/workspace/sagin_marl_phase4_learning_ablation/runs/phase4_learning_ablation/3uav20gu_t250/uav_density_collision_smoke_20260715/configs/5uav20gu/structured_joint_mcgae_3uav20gu_t250_relational_critic.yaml,/home/sgy/workspace/sagin_marl_phase4_learning_ablation/runs/phase4_learning_ablation/3uav20gu_t250/relational_critic/seed91457_20260712_124615_resume_u0400_bootstrapgae_nocompile/best_checkpoint.pt,,/home/sgy/workspace/sagin_marl_phase4_learning_ablation/runs/phase4_learning_ablation/3uav20gu_t250/uav_density_collision_smoke_20260715/results/5uav20gu/learned/relcritic/seed91457/selected/seedbase982000,uav_density_5uav_relcritic_seed91457_selected_seedbase982000,-11,7.854,,,,,,,,,,,,,,,"uav_density_5uav_relcritic_seed91457_selected_seedbase982000: reward=43.4954 processed=0.8442 drop=0.1061 pre_backlog=5.7015 sat_overlap=0.6444 collision=0.4844
replaced={} out_dir=/home/sgy/workspace/sagin_marl_phase4_learning_ablation/runs/phase4_learning_ablation/3uav20gu_t250/uav_density_collision_smoke_20260715/results/5uav20gu/learned/relcritic/seed91457/selected/seedbase982000
"
skip_existing,2026-07-15T02:56:27+08:00,uav_density,1,1,5,20,1500.0,2.2222222222222223,relcritic,STARS,learned,45211,selected,980000,64,64,/home/sgy/workspace/sagin_marl_phase4_learning_ablation/runs/phase4_learning_ablation/3uav20gu_t250/uav_density_collision_smoke_20260715/configs/5uav20gu/structured_joint_mcgae_3uav20gu_t250_relational_critic.yaml,/home/sgy/workspace/sagin_marl_phase4_learning_ablation/runs/phase4_learning_ablation/3uav20gu_t250/relational_critic/seed45211_20260711_213639_bootstrapgae_nocompile/best_checkpoint.pt,,/home/sgy/workspace/sagin_marl_phase4_learning_ablation/runs/phase4_learning_ablation/3uav20gu_t250/uav_density_collision_smoke_20260715/results/5uav20gu/learned/relcritic/seed45211/selected/seedbase980000,uav_density_5uav_relcritic_seed45211_selected_seedbase980000,0,0,52.08318371628411,0.8648553410758142,0.1041021148598761,5.095531505921552,7.4892698580820305,203821257.74960965,0.28125,,,0.265625,0.5005497660122067,225.546875,40000090.749852546,0.8669120187643732,
skip_existing,2026-07-15T02:56:27+08:00,uav_density,1,1,5,20,1500.0,2.2222222222222223,relcritic,STARS,learned,45211,selected,981000,64,64,/home/sgy/workspace/sagin_marl_phase4_learning_ablation/runs/phase4_learning_ablation/3uav20gu_t250/uav_density_collision_smoke_20260715/configs/5uav20gu/structured_joint_mcgae_3uav20gu_t250_relational_critic.yaml,/home/sgy/workspace/sagin_marl_phase4_learning_ablation/runs/phase4_learning_ablation/3uav20gu_t250/relational_critic/seed45211_20260711_213639_bootstrapgae_nocompile/best_checkpoint.pt,,/home/sgy/workspace/sagin_marl_phase4_learning_ablation/runs/phase4_learning_ablation/3uav20gu_t250/uav_density_collision_smoke_20260715/results/5uav20gu/learned/relcritic/seed45211/selected/seedbase981000,uav_density_5uav_relcritic_seed45211_selected_seedbase981000,0,0,51.44835456623696,0.8436527406751568,0.10999832671425451,4.807634856388688,6.963667900396859,192305391.86720866,0.25,,,0.25,0.514883138460828,223.546875,39999984.50848496,0.848510061853155,
skip_existing,2026-07-15T02:56:27+08:00,uav_density,1,1,5,20,1500.0,2.2222222222222223,relcritic,STARS,learned,45211,selected,982000,64,64,/home/sgy/workspace/sagin_marl_phase4_learning_ablation/runs/phase4_learning_ablation/3uav20gu_t250/uav_density_collision_smoke_20260715/configs/5uav20gu/structured_joint_mcgae_3uav20gu_t250_relational_critic.yaml,/home/sgy/workspace/sagin_marl_phase4_learning_ablation/runs/phase4_learning_ablation/3uav20gu_t250/relational_critic/seed45211_20260711_213639_bootstrapgae_nocompile/best_checkpoint.pt,,/home/sgy/workspace/sagin_marl_phase4_learning_ablation/runs/phase4_learning_ablation/3uav20gu_t250/uav_density_collision_smoke_20260715/results/5uav20gu/learned/relcritic/seed45211/selected/seedbase982000,uav_density_5uav_relcritic_seed45211_selected_seedbase982000,0,0,51.10472182719968,0.8478875266661712,0.11600153882973212,5.202642254682456,7.557719513745028,208105687.5612551,0.3125,,,0.3125,0.49561596390032553,224.28125,40000056.47624815,0.8494782483023687,
skip_existing,2026-07-15T02:56:27+08:00,uav_density,1,1,5,20,1500.0,2.2222222222222223,relcritic,STARS,learned,73129,selected,980000,64,64,/home/sgy/workspace/sagin_marl_phase4_learning_ablation/runs/phase4_learning_ablation/3uav20gu_t250/uav_density_collision_smoke_20260715/configs/5uav20gu/structured_joint_mcgae_3uav20gu_t250_relational_critic.yaml,/home/sgy/workspace/sagin_marl_phase4_learning_ablation/runs/phase4_learning_ablation/3uav20gu_t250/relational_critic/seed73129_20260711_213639_bootstrapgae_nocompile/best_checkpoint.pt,,/home/sgy/workspace/sagin_marl_phase4_learning_ablation/runs/phase4_learning_ablation/3uav20gu_t250/uav_density_collision_smoke_20260715/results/5uav20gu/learned/relcritic/seed73129/selected/seedbase980000,uav_density_5uav_relcritic_seed73129_selected_seedbase980000,0,0,39.12810099637136,0.8441063885556886,0.10364071135234408,4.96406513730284,7.1480752096612425,198562603.14410403,0.59375,,,0.59375,0.531442155193023,173.859375,39999953.27494661,0.8457408931941816,
skip_existing,2026-07-15T02:56:27+08:00,uav_density,1,1,5,20,1500.0,2.2222222222222223,relcritic,STARS,learned,73129,selected,981000,64,64,/home/sgy/workspace/sagin_marl_phase4_learning_ablation/runs/phase4_learning_ablation/3uav20gu_t250/uav_density_collision_smoke_20260715/configs/5uav20gu/structured_joint_mcgae_3uav20gu_t250_relational_critic.yaml,/home/sgy/workspace/sagin_marl_phase4_learning_ablation/runs/phase4_learning_ablation/3uav20gu_t250/relational_critic/seed73129_20260711_213639_bootstrapgae_nocompile/best_checkpoint.pt,,/home/sgy/workspace/sagin_marl_phase4_learning_ablation/runs/phase4_learning_ablation/3uav20gu_t250/uav_density_collision_smoke_20260715/results/5uav20gu/learned/relcritic/seed73129/selected/seedbase981000,uav_density_5uav_relcritic_seed73129_selected_seedbase981000,0,0,37.932604217203334,0.8528371883269432,0.09572408661489931,4.33910738651916,5.98812509803662,173564293.3060088,0.578125,,,0.578125,0.5373514335135795,175.375,40000168.289089,0.8551555799280409,
skip_existing,2026-07-15T02:56:27+08:00,uav_density,1,1,5,20,1500.0,2.2222222222222223,relcritic,STARS,learned,73129,selected,982000,64,64,/home/sgy/workspace/sagin_marl_phase4_learning_ablation/runs/phase4_learning_ablation/3uav20gu_t250/uav_density_collision_smoke_20260715/configs/5uav20gu/structured_joint_mcgae_3uav20gu_t250_relational_critic.yaml,/home/sgy/workspace/sagin_marl_phase4_learning_ablation/runs/phase4_learning_ablation/3uav20gu_t250/relational_critic/seed73129_20260711_213639_bootstrapgae_nocompile/best_checkpoint.pt,,/home/sgy/workspace/sagin_marl_phase4_learning_ablation/runs/phase4_learning_ablation/3uav20gu_t250/uav_density_collision_smoke_20260715/results/5uav20gu/learned/relcritic/seed73129/selected/seedbase982000,uav_density_5uav_relcritic_seed73129_selected_seedbase982000,0,0,41.24951058009174,0.8443369678568349,0.11998453039171052,4.7400187816596855,6.9038244756220735,189600749.01283577,0.5625,,,0.5625,0.532987660052943,185.75,40000094.19954145,0.8469569943256586,
skip_existing,2026-07-15T02:56:27+08:00,uav_density,1,1,5,20,1500.0,2.2222222222222223,relcritic,STARS,learned,91457,selected,980000,64,64,/home/sgy/workspace/sagin_marl_phase4_learning_ablation/runs/phase4_learning_ablation/3uav20gu_t250/uav_density_collision_smoke_20260715/configs/5uav20gu/structured_joint_mcgae_3uav20gu_t250_relational_critic.yaml,/home/sgy/workspace/sagin_marl_phase4_learning_ablation/runs/phase4_learning_ablation/3uav20gu_t250/relational_critic/seed91457_20260712_124615_resume_u0400_bootstrapgae_nocompile/best_checkpoint.pt,,/home/sgy/workspace/sagin_marl_phase4_learning_ablation/runs/phase4_learning_ablation/3uav20gu_t250/uav_density_collision_smoke_20260715/results/5uav20gu/learned/relcritic/seed91457/selected/seedbase980000,uav_density_5uav_relcritic_seed91457_selected_seedbase980000,0,0,43.72189734992571,0.8415745434349863,0.08681437168164693,5.8521713660485375,8.798635525640417,234086851.8908774,0.390625,,,0.390625,0.6567073793255517,197.5625,40000071.421668574,0.8523441203125406,
skip_existing,2026-07-15T02:56:27+08:00,uav_density,1,1,5,20,1500.0,2.2222222222222223,relcritic,STARS,learned,91457,selected,981000,64,64,/home/sgy/workspace/sagin_marl_phase4_learning_ablation/runs/phase4_learning_ablation/3uav20gu_t250/uav_density_collision_smoke_20260715/configs/5uav20gu/structured_joint_mcgae_3uav20gu_t250_relational_critic.yaml,/home/sgy/workspace/sagin_marl_phase4_learning_ablation/runs/phase4_learning_ablation/3uav20gu_t250/relational_critic/seed91457_20260712_124615_resume_u0400_bootstrapgae_nocompile/best_checkpoint.pt,,/home/sgy/workspace/sagin_marl_phase4_learning_ablation/runs/phase4_learning_ablation/3uav20gu_t250/uav_density_collision_smoke_20260715/results/5uav20gu/learned/relcritic/seed91457/selected/seedbase981000,uav_density_5uav_relcritic_seed91457_selected_seedbase981000,0,0,40.5973192891106,0.8565840439789318,0.08064241417876013,5.0667013247089505,7.025042917310513,202668050.52288136,0.46875,,,0.46875,0.6421808777492446,189.84375,40000036.593500696,0.8651288182765647,
skip_existing,2026-07-15T02:56:27+08:00,uav_density,1,1,5,20,1500.0,2.2222222222222223,relcritic,STARS,learned,91457,selected,982000,64,64,/home/sgy/workspace/sagin_marl_phase4_learning_ablation/runs/phase4_learning_ablation/3uav20gu_t250/uav_density_collision_smoke_20260715/configs/5uav20gu/structured_joint_mcgae_3uav20gu_t250_relational_critic.yaml,/home/sgy/workspace/sagin_marl_phase4_learning_ablation/runs/phase4_learning_ablation/3uav20gu_t250/relational_critic/seed91457_20260712_124615_resume_u0400_bootstrapgae_nocompile/best_checkpoint.pt,,/home/sgy/workspace/sagin_marl_phase4_learning_ablation/runs/phase4_learning_ablation/3uav20gu_t250/uav_density_collision_smoke_20260715/results/5uav20gu/learned/relcritic/seed91457/selected/seedbase982000,uav_density_5uav_relcritic_seed91457_selected_seedbase982000,0,0,43.49535878491588,0.8441563435133482,0.10607483313837598,5.7015056374788955,8.50513152804337,228060222.47234482,0.484375,,,0.484375,0.6444084212195788,203.015625,40000101.017315514,0.8536481535117254,
start,2026-07-15T02:56:27+08:00,uav_density,1,1,5,20,1500.0,2.2222222222222223,globalcritic,STARS-GC,learned,45211,selected,980000,64,64,/home/sgy/workspace/sagin_marl_phase4_learning_ablation/runs/phase4_learning_ablation/3uav20gu_t250/uav_density_collision_smoke_20260715/configs/5uav20gu/structured_joint_mcgae_3uav20gu_t250_global_only_critic.yaml,/home/sgy/workspace/sagin_marl_phase4_learning_ablation/runs/phase4_learning_ablation/3uav20gu_t250/global_only_critic/seed45211_20260712_124615_bootstrapgae_nocompile/best_checkpoint.pt,,/home/sgy/workspace/sagin_marl_phase4_learning_ablation/runs/phase4_learning_ablation/3uav20gu_t250/uav_density_collision_smoke_20260715/results/5uav20gu/learned/globalcritic/seed45211/selected/seedbase980000,uav_density_5uav_globalcritic_seed45211_selected_seedbase980000,,,,,,,,,,,,,,,,,
end,2026-07-15T02:56:34+08:00,uav_density,1,1,5,20,1500.0,2.2222222222222223,globalcritic,STARS-GC,learned,45211,selected,980000,64,64,/home/sgy/workspace/sagin_marl_phase4_learning_ablation/runs/phase4_learning_ablation/3uav20gu_t250/uav_density_collision_smoke_20260715/configs/5uav20gu/structured_joint_mcgae_3uav20gu_t250_global_only_critic.yaml,/home/sgy/workspace/sagin_marl_phase4_learning_ablation/runs/phase4_learning_ablation/3uav20gu_t250/global_only_critic/seed45211_20260712_124615_bootstrapgae_nocompile/best_checkpoint.pt,,/home/sgy/workspace/sagin_marl_phase4_learning_ablation/runs/phase4_learning_ablation/3uav20gu_t250/uav_density_collision_smoke_20260715/results/5uav20gu/learned/globalcritic/seed45211/selected/seedbase980000,uav_density_5uav_globalcritic_seed45211_selected_seedbase980000,0,6.792,46.916606770129874,0.8561862391674524,0.0907181077711952,6.034265975283914,7.968403806070318,241370636.2641519,0.296875,,,0.296875,0.6560254828218799,205.5625,40000069.98442984,0.8675305503183333,
start,2026-07-15T02:56:34+08:00,uav_density,1,1,5,20,1500.0,2.2222222222222223,globalcritic,STARS-GC,learned,45211,selected,981000,64,64,/home/sgy/workspace/sagin_marl_phase4_learning_ablation/runs/phase4_learning_ablation/3uav20gu_t250/uav_density_collision_smoke_20260715/configs/5uav20gu/structured_joint_mcgae_3uav20gu_t250_global_only_critic.yaml,/home/sgy/workspace/sagin_marl_phase4_learning_ablation/runs/phase4_learning_ablation/3uav20gu_t250/global_only_critic/seed45211_20260712_124615_bootstrapgae_nocompile/best_checkpoint.pt,,/home/sgy/workspace/sagin_marl_phase4_learning_ablation/runs/phase4_learning_ablation/3uav20gu_t250/uav_density_collision_smoke_20260715/results/5uav20gu/learned/globalcritic/seed45211/selected/seedbase981000,uav_density_5uav_globalcritic_seed45211_selected_seedbase981000,,,,,,,,,,,,,,,,,
end,2026-07-15T02:56:41+08:00,uav_density,1,1,5,20,1500.0,2.2222222222222223,globalcritic,STARS-GC,learned,45211,selected,981000,64,64,/home/sgy/workspace/sagin_marl_phase4_learning_ablation/runs/phase4_learning_ablation/3uav20gu_t250/uav_density_collision_smoke_20260715/configs/5uav20gu/structured_joint_mcgae_3uav20gu_t250_global_only_critic.yaml,/home/sgy/workspace/sagin_marl_phase4_learning_ablation/runs/phase4_learning_ablation/3uav20gu_t250/global_only_critic/seed45211_20260712_124615_bootstrapgae_nocompile/best_checkpoint.pt,,/home/sgy/workspace/sagin_marl_phase4_learning_ablation/runs/phase4_learning_ablation/3uav20gu_t250/uav_density_collision_smoke_20260715/results/5uav20gu/learned/globalcritic/seed45211/selected/seedbase981000,uav_density_5uav_globalcritic_seed45211_selected_seedbase981000,0,6.841,47.77002494269982,0.8495929520229564,0.08928236908937308,5.291148003886153,6.997663791886067,211645917.4078293,0.359375,,,0.34375,0.6419826604286328,203.859375,40000026.0365043,0.8628534571230575,
start,2026-07-15T02:56:41+08:00,uav_density,1,1,5,20,1500.0,2.2222222222222223,globalcritic,STARS-GC,learned,45211,selected,982000,64,64,/home/sgy/workspace/sagin_marl_phase4_learning_ablation/runs/phase4_learning_ablation/3uav20gu_t250/uav_density_collision_smoke_20260715/configs/5uav20gu/structured_joint_mcgae_3uav20gu_t250_global_only_critic.yaml,/home/sgy/workspace/sagin_marl_phase4_learning_ablation/runs/phase4_learning_ablation/3uav20gu_t250/global_only_critic/seed45211_20260712_124615_bootstrapgae_nocompile/best_checkpoint.pt,,/home/sgy/workspace/sagin_marl_phase4_learning_ablation/runs/phase4_learning_ablation/3uav20gu_t250/uav_density_collision_smoke_20260715/results/5uav20gu/learned/globalcritic/seed45211/selected/seedbase982000,uav_density_5uav_globalcritic_seed45211_selected_seedbase982000,,,,,,,,,,,,,,,,,
end,2026-07-15T02:56:48+08:00,uav_density,1,1,5,20,1500.0,2.2222222222222223,globalcritic,STARS-GC,learned,45211,selected,982000,64,64,/home/sgy/workspace/sagin_marl_phase4_learning_ablation/runs/phase4_learning_ablation/3uav20gu_t250/uav_density_collision_smoke_20260715/configs/5uav20gu/structured_joint_mcgae_3uav20gu_t250_global_only_critic.yaml,/home/sgy/workspace/sagin_marl_phase4_learning_ablation/runs/phase4_learning_ablation/3uav20gu_t250/global_only_critic/seed45211_20260712_124615_bootstrapgae_nocompile/best_checkpoint.pt,,/home/sgy/workspace/sagin_marl_phase4_learning_ablation/runs/phase4_learning_ablation/3uav20gu_t250/uav_density_collision_smoke_20260715/results/5uav20gu/learned/globalcritic/seed45211/selected/seedbase982000,uav_density_5uav_globalcritic_seed45211_selected_seedbase982000,0,6.848,48.855504730250686,0.8650734255742745,0.10166529154221257,5.862293380958463,7.626344185454605,234491732.27891967,0.234375,,,0.234375,0.6646724299618192,226.109375,40000047.386003785,0.875826915410577,
start,2026-07-15T02:56:48+08:00,uav_density,1,1,5,20,1500.0,2.2222222222222223,globalcritic,STARS-GC,learned,73129,selected,980000,64,64,/home/sgy/workspace/sagin_marl_phase4_learning_ablation/runs/phase4_learning_ablation/3uav20gu_t250/uav_density_collision_smoke_20260715/configs/5uav20gu/structured_joint_mcgae_3uav20gu_t250_global_only_critic.yaml,/home/sgy/workspace/sagin_marl_phase4_learning_ablation/runs/phase4_learning_ablation/3uav20gu_t250/global_only_critic/seed73129_20260712_124615_bootstrapgae_nocompile/best_checkpoint.pt,,/home/sgy/workspace/sagin_marl_phase4_learning_ablation/runs/phase4_learning_ablation/3uav20gu_t250/uav_density_collision_smoke_20260715/results/5uav20gu/learned/globalcritic/seed73129/selected/seedbase980000,uav_density_5uav_globalcritic_seed73129_selected_seedbase980000,,,,,,,,,,,,,,,,,
end,2026-07-15T02:56:55+08:00,uav_density,1,1,5,20,1500.0,2.2222222222222223,globalcritic,STARS-GC,learned,73129,selected,980000,64,64,/home/sgy/workspace/sagin_marl_phase4_learning_ablation/runs/phase4_learning_ablation/3uav20gu_t250/uav_density_collision_smoke_20260715/configs/5uav20gu/structured_joint_mcgae_3uav20gu_t250_global_only_critic.yaml,/home/sgy/workspace/sagin_marl_phase4_learning_ablation/runs/phase4_learning_ablation/3uav20gu_t250/global_only_critic/seed73129_20260712_124615_bootstrapgae_nocompile/best_checkpoint.pt,,/home/sgy/workspace/sagin_marl_phase4_learning_ablation/runs/phase4_learning_ablation/3uav20gu_t250/uav_density_collision_smoke_20260715/results/5uav20gu/learned/globalcritic/seed73129/selected/seedbase980000,uav_density_5uav_globalcritic_seed73129_selected_seedbase980000,0,6.747,23.51000896305777,0.603586045449851,0.2715299434619329,7.9021953653341,16.575177814169884,316087810.8335807,0.65625,,,0.65625,0.9909388934672281,157.875,40000088.19146536,0.6041607940901556,
start,2026-07-15T02:56:55+08:00,uav_density,1,1,5,20,1500.0,2.2222222222222223,globalcritic,STARS-GC,learned,73129,selected,981000,64,64,/home/sgy/workspace/sagin_marl_phase4_learning_ablation/runs/phase4_learning_ablation/3uav20gu_t250/uav_density_collision_smoke_20260715/configs/5uav20gu/structured_joint_mcgae_3uav20gu_t250_global_only_critic.yaml,/home/sgy/workspace/sagin_marl_phase4_learning_ablation/runs/phase4_learning_ablation/3uav20gu_t250/global_only_critic/seed73129_20260712_124615_bootstrapgae_nocompile/best_checkpoint.pt,,/home/sgy/workspace/sagin_marl_phase4_learning_ablation/runs/phase4_learning_ablation/3uav20gu_t250/uav_density_collision_smoke_20260715/results/5uav20gu/learned/globalcritic/seed73129/selected/seedbase981000,uav_density_5uav_globalcritic_seed73129_selected_seedbase981000,,,,,,,,,,,,,,,,,
end,2026-07-15T02:57:02+08:00,uav_density,1,1,5,20,1500.0,2.2222222222222223,globalcritic,STARS-GC,learned,73129,selected,981000,64,64,/home/sgy/workspace/sagin_marl_phase4_learning_ablation/runs/phase4_learning_ablation/3uav20gu_t250/uav_density_collision_smoke_20260715/configs/5uav20gu/structured_joint_mcgae_3uav20gu_t250_global_only_critic.yaml,/home/sgy/workspace/sagin_marl_phase4_learning_ablation/runs/phase4_learning_ablation/3uav20gu_t250/global_only_critic/seed73129_20260712_124615_bootstrapgae_nocompile/best_checkpoint.pt,,/home/sgy/workspace/sagin_marl_phase4_learning_ablation/runs/phase4_learning_ablation/3uav20gu_t250/uav_density_collision_smoke_20260715/results/5uav20gu/learned/globalcritic/seed73129/selected/seedbase981000,uav_density_5uav_globalcritic_seed73129_selected_seedbase981000,0,6.840,20.0283275868278,0.590552568791517,0.24785087010992324,7.215685208155789,14.380896906459236,288627404.9170775,0.765625,,,0.765625,0.9935948596006423,132.28125,40000076.28871632,0.5912279302012663,
start,2026-07-15T02:57:02+08:00,uav_density,1,1,5,20,1500.0,2.2222222222222223,globalcritic,STARS-GC,learned,73129,selected,982000,64,64,/home/sgy/workspace/sagin_marl_phase4_learning_ablation/runs/phase4_learning_ablation/3uav20gu_t250/uav_density_collision_smoke_20260715/configs/5uav20gu/structured_joint_mcgae_3uav20gu_t250_global_only_critic.yaml,/home/sgy/workspace/sagin_marl_phase4_learning_ablation/runs/phase4_learning_ablation/3uav20gu_t250/global_only_critic/seed73129_20260712_124615_bootstrapgae_nocompile/best_checkpoint.pt,,/home/sgy/workspace/sagin_marl_phase4_learning_ablation/runs/phase4_learning_ablation/3uav20gu_t250/uav_density_collision_smoke_20260715/results/5uav20gu/learned/globalcritic/seed73129/selected/seedbase982000,uav_density_5uav_globalcritic_seed73129_selected_seedbase982000,,,,,,,,,,,,,,,,,
end,2026-07-15T02:57:08+08:00,uav_density,1,1,5,20,1500.0,2.2222222222222223,globalcritic,STARS-GC,learned,73129,selected,982000,64,64,/home/sgy/workspace/sagin_marl_phase4_learning_ablation/runs/phase4_learning_ablation/3uav20gu_t250/uav_density_collision_smoke_20260715/configs/5uav20gu/structured_joint_mcgae_3uav20gu_t250_global_only_critic.yaml,/home/sgy/workspace/sagin_marl_phase4_learning_ablation/runs/phase4_learning_ablation/3uav20gu_t250/global_only_critic/seed73129_20260712_124615_bootstrapgae_nocompile/best_checkpoint.pt,,/home/sgy/workspace/sagin_marl_phase4_learning_ablation/runs/phase4_learning_ablation/3uav20gu_t250/uav_density_collision_smoke_20260715/results/5uav20gu/learned/globalcritic/seed73129/selected/seedbase982000,uav_density_5uav_globalcritic_seed73129_selected_seedbase982000,0,6.752,24.192398283048533,0.6225066959960152,0.2943273356256897,7.8825256948527835,15.28285459113906,315301023.8767182,0.671875,,,0.671875,0.992563386882649,160.71875,40000105.591453485,0.6236216600441087,
start,2026-07-15T02:57:08+08:00,uav_density,1,1,5,20,1500.0,2.2222222222222223,globalcritic,STARS-GC,learned,91457,selected,980000,64,64,/home/sgy/workspace/sagin_marl_phase4_learning_ablation/runs/phase4_learning_ablation/3uav20gu_t250/uav_density_collision_smoke_20260715/configs/5uav20gu/structured_joint_mcgae_3uav20gu_t250_global_only_critic.yaml,/home/sgy/workspace/sagin_marl_phase4_learning_ablation/runs/phase4_learning_ablation/3uav20gu_t250/global_only_critic/seed91457_20260712_124615_bootstrapgae_nocompile/best_checkpoint.pt,,/home/sgy/workspace/sagin_marl_phase4_learning_ablation/runs/phase4_learning_ablation/3uav20gu_t250/uav_density_collision_smoke_20260715/results/5uav20gu/learned/globalcritic/seed91457/selected/seedbase980000,uav_density_5uav_globalcritic_seed91457_selected_seedbase980000,,,,,,,,,,,,,,,,,
end,2026-07-15T02:57:15+08:00,uav_density,1,1,5,20,1500.0,2.2222222222222223,globalcritic,STARS-GC,learned,91457,selected,980000,64,64,/home/sgy/workspace/sagin_marl_phase4_learning_ablation/runs/phase4_learning_ablation/3uav20gu_t250/uav_density_collision_smoke_20260715/configs/5uav20gu/structured_joint_mcgae_3uav20gu_t250_global_only_critic.yaml,/home/sgy/workspace/sagin_marl_phase4_learning_ablation/runs/phase4_learning_ablation/3uav20gu_t250/global_only_critic/seed91457_20260712_124615_bootstrapgae_nocompile/best_checkpoint.pt,,/home/sgy/workspace/sagin_marl_phase4_learning_ablation/runs/phase4_learning_ablation/3uav20gu_t250/uav_density_collision_smoke_20260715/results/5uav20gu/learned/globalcritic/seed91457/selected/seedbase980000,uav_density_5uav_globalcritic_seed91457_selected_seedbase980000,0,6.934,18.27390883816406,0.5536025210500196,0.3259217532058937,8.676873797182152,21.93079146138728,347075033.33649844,0.828125,,,0.828125,0.7811235772087443,130.015625,40000056.57473443,0.5547162317927259,
start,2026-07-15T02:57:15+08:00,uav_density,1,1,5,20,1500.0,2.2222222222222223,globalcritic,STARS-GC,learned,91457,selected,981000,64,64,/home/sgy/workspace/sagin_marl_phase4_learning_ablation/runs/phase4_learning_ablation/3uav20gu_t250/uav_density_collision_smoke_20260715/configs/5uav20gu/structured_joint_mcgae_3uav20gu_t250_global_only_critic.yaml,/home/sgy/workspace/sagin_marl_phase4_learning_ablation/runs/phase4_learning_ablation/3uav20gu_t250/global_only_critic/seed91457_20260712_124615_bootstrapgae_nocompile/best_checkpoint.pt,,/home/sgy/workspace/sagin_marl_phase4_learning_ablation/runs/phase4_learning_ablation/3uav20gu_t250/uav_density_collision_smoke_20260715/results/5uav20gu/learned/globalcritic/seed91457/selected/seedbase981000,uav_density_5uav_globalcritic_seed91457_selected_seedbase981000,,,,,,,,,,,,,,,,,
end,2026-07-15T02:57:22+08:00,uav_density,1,1,5,20,1500.0,2.2222222222222223,globalcritic,STARS-GC,learned,91457,selected,981000,64,64,/home/sgy/workspace/sagin_marl_phase4_learning_ablation/runs/phase4_learning_ablation/3uav20gu_t250/uav_density_collision_smoke_20260715/configs/5uav20gu/structured_joint_mcgae_3uav20gu_t250_global_only_critic.yaml,/home/sgy/workspace/sagin_marl_phase4_learning_ablation/runs/phase4_learning_ablation/3uav20gu_t250/global_only_critic/seed91457_20260712_124615_bootstrapgae_nocompile/best_checkpoint.pt,,/home/sgy/workspace/sagin_marl_phase4_learning_ablation/runs/phase4_learning_ablation/3uav20gu_t250/uav_density_collision_smoke_20260715/results/5uav20gu/learned/globalcritic/seed91457/selected/seedbase981000,uav_density_5uav_globalcritic_seed91457_selected_seedbase981000,0,6.899,17.689058361342177,0.5531063554285534,0.30663800476110376,7.942806388913255,19.189727983867332,317712329.5243782,0.875,,,0.875,0.7929589098060483,124.3125,40000046.64930055,0.5539636146962603,
start,2026-07-15T02:57:22+08:00,uav_density,1,1,5,20,1500.0,2.2222222222222223,globalcritic,STARS-GC,learned,91457,selected,982000,64,64,/home/sgy/workspace/sagin_marl_phase4_learning_ablation/runs/phase4_learning_ablation/3uav20gu_t250/uav_density_collision_smoke_20260715/configs/5uav20gu/structured_joint_mcgae_3uav20gu_t250_global_only_critic.yaml,/home/sgy/workspace/sagin_marl_phase4_learning_ablation/runs/phase4_learning_ablation/3uav20gu_t250/global_only_critic/seed91457_20260712_124615_bootstrapgae_nocompile/best_checkpoint.pt,,/home/sgy/workspace/sagin_marl_phase4_learning_ablation/runs/phase4_learning_ablation/3uav20gu_t250/uav_density_collision_smoke_20260715/results/5uav20gu/learned/globalcritic/seed91457/selected/seedbase982000,uav_density_5uav_globalcritic_seed91457_selected_seedbase982000,,,,,,,,,,,,,,,,,
end,2026-07-15T02:57:29+08:00,uav_density,1,1,5,20,1500.0,2.2222222222222223,globalcritic,STARS-GC,learned,91457,selected,982000,64,64,/home/sgy/workspace/sagin_marl_phase4_learning_ablation/runs/phase4_learning_ablation/3uav20gu_t250/uav_density_collision_smoke_20260715/configs/5uav20gu/structured_joint_mcgae_3uav20gu_t250_global_only_critic.yaml,/home/sgy/workspace/sagin_marl_phase4_learning_ablation/runs/phase4_learning_ablation/3uav20gu_t250/global_only_critic/seed91457_20260712_124615_bootstrapgae_nocompile/best_checkpoint.pt,,/home/sgy/workspace/sagin_marl_phase4_learning_ablation/runs/phase4_learning_ablation/3uav20gu_t250/uav_density_collision_smoke_20260715/results/5uav20gu/learned/globalcritic/seed91457/selected/seedbase982000,uav_density_5uav_globalcritic_seed91457_selected_seedbase982000,0,6.818,19.424227148876525,0.5758085913557914,0.31573368631418547,8.215171200339116,19.28436041103998,328606876.11053765,0.84375,,,0.84375,0.7755177160280953,134.890625,40000234.81372023,0.5767590433277147,
start,2026-07-15T02:57:29+08:00,uav_density,1,1,5,20,1500.0,2.2222222222222223,cluster_center_queue_aware,QCCS,fixed,,fixed,980000,64,64,/home/sgy/workspace/sagin_marl_phase4_learning_ablation/runs/phase4_learning_ablation/3uav20gu_t250/uav_density_collision_smoke_20260715/configs/5uav20gu/structured_joint_mcgae_3uav20gu_t250_relational_critic.yaml,,cluster_center_queue_aware,/home/sgy/workspace/sagin_marl_phase4_learning_ablation/runs/phase4_learning_ablation/3uav20gu_t250/uav_density_collision_smoke_20260715/results/5uav20gu/fixed/cluster_center_queue_aware/seedbase980000,uav_density_5uav_cluster_center_queue_aware_fixed_seedbase980000,,,,,,,,,,,,,,,,,
end,2026-07-15T02:57:35+08:00,uav_density,1,1,5,20,1500.0,2.2222222222222223,cluster_center_queue_aware,QCCS,fixed,,fixed,980000,64,64,/home/sgy/workspace/sagin_marl_phase4_learning_ablation/runs/phase4_learning_ablation/3uav20gu_t250/uav_density_collision_smoke_20260715/configs/5uav20gu/structured_joint_mcgae_3uav20gu_t250_relational_critic.yaml,,cluster_center_queue_aware,/home/sgy/workspace/sagin_marl_phase4_learning_ablation/runs/phase4_learning_ablation/3uav20gu_t250/uav_density_collision_smoke_20260715/results/5uav20gu/fixed/cluster_center_queue_aware/seedbase980000,uav_density_5uav_cluster_center_queue_aware_fixed_seedbase980000,0,6.133,7.634967839228921,0.5610279312195332,0.17695986745322337,7.447729289325738,15.309020390981019,297909168.12581956,1.0,,,1.0,1.0,45.609375,40000091.18534253,0.5785695428435262,
start,2026-07-15T02:57:35+08:00,uav_density,1,1,5,20,1500.0,2.2222222222222223,cluster_center_queue_aware,QCCS,fixed,,fixed,981000,64,64,/home/sgy/workspace/sagin_marl_phase4_learning_ablation/runs/phase4_learning_ablation/3uav20gu_t250/uav_density_collision_smoke_20260715/configs/5uav20gu/structured_joint_mcgae_3uav20gu_t250_relational_critic.yaml,,cluster_center_queue_aware,/home/sgy/workspace/sagin_marl_phase4_learning_ablation/runs/phase4_learning_ablation/3uav20gu_t250/uav_density_collision_smoke_20260715/results/5uav20gu/fixed/cluster_center_queue_aware/seedbase981000,uav_density_5uav_cluster_center_queue_aware_fixed_seedbase981000,,,,,,,,,,,,,,,,,
end,2026-07-15T02:57:41+08:00,uav_density,1,1,5,20,1500.0,2.2222222222222223,cluster_center_queue_aware,QCCS,fixed,,fixed,981000,64,64,/home/sgy/workspace/sagin_marl_phase4_learning_ablation/runs/phase4_learning_ablation/3uav20gu_t250/uav_density_collision_smoke_20260715/configs/5uav20gu/structured_joint_mcgae_3uav20gu_t250_relational_critic.yaml,,cluster_center_queue_aware,/home/sgy/workspace/sagin_marl_phase4_learning_ablation/runs/phase4_learning_ablation/3uav20gu_t250/uav_density_collision_smoke_20260715/results/5uav20gu/fixed/cluster_center_queue_aware/seedbase981000,uav_density_5uav_cluster_center_queue_aware_fixed_seedbase981000,0,6.167,7.305189430131577,0.6022848897051787,0.157010311684967,6.263736796642371,12.199378433274303,250549468.90908617,1.0,,,1.0,0.9987092392073702,41.75,40000225.86188582,0.6233925470323288,
start,2026-07-15T02:57:41+08:00,uav_density,1,1,5,20,1500.0,2.2222222222222223,cluster_center_queue_aware,QCCS,fixed,,fixed,982000,64,64,/home/sgy/workspace/sagin_marl_phase4_learning_ablation/runs/phase4_learning_ablation/3uav20gu_t250/uav_density_collision_smoke_20260715/configs/5uav20gu/structured_joint_mcgae_3uav20gu_t250_relational_critic.yaml,,cluster_center_queue_aware,/home/sgy/workspace/sagin_marl_phase4_learning_ablation/runs/phase4_learning_ablation/3uav20gu_t250/uav_density_collision_smoke_20260715/results/5uav20gu/fixed/cluster_center_queue_aware/seedbase982000,uav_density_5uav_cluster_center_queue_aware_fixed_seedbase982000,,,,,,,,,,,,,,,,,
end,2026-07-15T02:57:47+08:00,uav_density,1,1,5,20,1500.0,2.2222222222222223,cluster_center_queue_aware,QCCS,fixed,,fixed,982000,64,64,/home/sgy/workspace/sagin_marl_phase4_learning_ablation/runs/phase4_learning_ablation/3uav20gu_t250/uav_density_collision_smoke_20260715/configs/5uav20gu/structured_joint_mcgae_3uav20gu_t250_relational_critic.yaml,,cluster_center_queue_aware,/home/sgy/workspace/sagin_marl_phase4_learning_ablation/runs/phase4_learning_ablation/3uav20gu_t250/uav_density_collision_smoke_20260715/results/5uav20gu/fixed/cluster_center_queue_aware/seedbase982000,uav_density_5uav_cluster_center_queue_aware_fixed_seedbase982000,0,6.236,8.066064288374037,0.6012783102295075,0.1676716309293925,6.898894209205343,13.565868158662422,275955765.24372745,1.0,,,1.0,0.9984669812234506,46.84375,40000070.90437274,0.6255331063872427,
start,2026-07-15T02:57:47+08:00,uav_density,1,1,5,20,1500.0,2.2222222222222223,maxweight_lyapunov,Lyapunov,fixed,,fixed,980000,64,64,/home/sgy/workspace/sagin_marl_phase4_learning_ablation/runs/phase4_learning_ablation/3uav20gu_t250/uav_density_collision_smoke_20260715/configs/5uav20gu/structured_joint_mcgae_3uav20gu_t250_relational_critic.yaml,,maxweight_lyapunov,/home/sgy/workspace/sagin_marl_phase4_learning_ablation/runs/phase4_learning_ablation/3uav20gu_t250/uav_density_collision_smoke_20260715/results/5uav20gu/fixed/maxweight_lyapunov/seedbase980000,uav_density_5uav_maxweight_lyapunov_fixed_seedbase980000,,,,,,,,,,,,,,,,,
end,2026-07-15T02:57:54+08:00,uav_density,1,1,5,20,1500.0,2.2222222222222223,maxweight_lyapunov,Lyapunov,fixed,,fixed,980000,64,64,/home/sgy/workspace/sagin_marl_phase4_learning_ablation/runs/phase4_learning_ablation/3uav20gu_t250/uav_density_collision_smoke_20260715/configs/5uav20gu/structured_joint_mcgae_3uav20gu_t250_relational_critic.yaml,,maxweight_lyapunov,/home/sgy/workspace/sagin_marl_phase4_learning_ablation/runs/phase4_learning_ablation/3uav20gu_t250/uav_density_collision_smoke_20260715/results/5uav20gu/fixed/maxweight_lyapunov/seedbase980000,uav_density_5uav_maxweight_lyapunov_fixed_seedbase980000,0,6.149,34.41874570515938,0.7435444251279744,0.18762285696700495,9.821202787718741,15.062902989570544,392848106.77379435,0.484375,,,0.484375,0.9944324675481114,210.234375,40000053.31577927,0.7729540814411135,
start,2026-07-15T02:57:54+08:00,uav_density,1,1,5,20,1500.0,2.2222222222222223,maxweight_lyapunov,Lyapunov,fixed,,fixed,981000,64,64,/home/sgy/workspace/sagin_marl_phase4_learning_ablation/runs/phase4_learning_ablation/3uav20gu_t250/uav_density_collision_smoke_20260715/configs/5uav20gu/structured_joint_mcgae_3uav20gu_t250_relational_critic.yaml,,maxweight_lyapunov,/home/sgy/workspace/sagin_marl_phase4_learning_ablation/runs/phase4_learning_ablation/3uav20gu_t250/uav_density_collision_smoke_20260715/results/5uav20gu/fixed/maxweight_lyapunov/seedbase981000,uav_density_5uav_maxweight_lyapunov_fixed_seedbase981000,,,,,,,,,,,,,,,,,
end,2026-07-15T02:58:00+08:00,uav_density,1,1,5,20,1500.0,2.2222222222222223,maxweight_lyapunov,Lyapunov,fixed,,fixed,981000,64,64,/home/sgy/workspace/sagin_marl_phase4_learning_ablation/runs/phase4_learning_ablation/3uav20gu_t250/uav_density_collision_smoke_20260715/configs/5uav20gu/structured_joint_mcgae_3uav20gu_t250_relational_critic.yaml,,maxweight_lyapunov,/home/sgy/workspace/sagin_marl_phase4_learning_ablation/runs/phase4_learning_ablation/3uav20gu_t250/uav_density_collision_smoke_20260715/results/5uav20gu/fixed/maxweight_lyapunov/seedbase981000,uav_density_5uav_maxweight_lyapunov_fixed_seedbase981000,0,6.150,32.622021067654714,0.7474018855011659,0.17745765239405947,8.646031134897777,13.240232961044631,345841241.39355665,0.5,,,0.5,0.9947803993236746,195.5625,40000110.11675678,0.7674963028390316,
start,2026-07-15T02:58:00+08:00,uav_density,1,1,5,20,1500.0,2.2222222222222223,maxweight_lyapunov,Lyapunov,fixed,,fixed,982000,64,64,/home/sgy/workspace/sagin_marl_phase4_learning_ablation/runs/phase4_learning_ablation/3uav20gu_t250/uav_density_collision_smoke_20260715/configs/5uav20gu/structured_joint_mcgae_3uav20gu_t250_relational_critic.yaml,,maxweight_lyapunov,/home/sgy/workspace/sagin_marl_phase4_learning_ablation/runs/phase4_learning_ablation/3uav20gu_t250/uav_density_collision_smoke_20260715/results/5uav20gu/fixed/maxweight_lyapunov/seedbase982000,uav_density_5uav_maxweight_lyapunov_fixed_seedbase982000,,,,,,,,,,,,,,,,,
end,2026-07-15T02:58:06+08:00,uav_density,1,1,5,20,1500.0,2.2222222222222223,maxweight_lyapunov,Lyapunov,fixed,,fixed,982000,64,64,/home/sgy/workspace/sagin_marl_phase4_learning_ablation/runs/phase4_learning_ablation/3uav20gu_t250/uav_density_collision_smoke_20260715/configs/5uav20gu/structured_joint_mcgae_3uav20gu_t250_relational_critic.yaml,,maxweight_lyapunov,/home/sgy/workspace/sagin_marl_phase4_learning_ablation/runs/phase4_learning_ablation/3uav20gu_t250/uav_density_collision_smoke_20260715/results/5uav20gu/fixed/maxweight_lyapunov/seedbase982000,uav_density_5uav_maxweight_lyapunov_fixed_seedbase982000,0,6.326,33.77928800380323,0.7454443687374881,0.19571933589349189,9.413835923942132,14.269285356683863,376553432.5833737,0.421875,,,0.421875,0.9957154376076903,205.765625,40000102.28462735,0.7663763017293848,
start,2026-07-15T02:58:06+08:00,uav_density,1,2,6,20,1500.0,2.6666666666666665,relcritic,STARS,learned,45211,selected,980000,64,64,/home/sgy/workspace/sagin_marl_phase4_learning_ablation/runs/phase4_learning_ablation/3uav20gu_t250/uav_density_collision_smoke_20260715/configs/6uav20gu/structured_joint_mcgae_3uav20gu_t250_relational_critic.yaml,/home/sgy/workspace/sagin_marl_phase4_learning_ablation/runs/phase4_learning_ablation/3uav20gu_t250/relational_critic/seed45211_20260711_213639_bootstrapgae_nocompile/best_checkpoint.pt,,/home/sgy/workspace/sagin_marl_phase4_learning_ablation/runs/phase4_learning_ablation/3uav20gu_t250/uav_density_collision_smoke_20260715/results/6uav20gu/learned/relcritic/seed45211/selected/seedbase980000,uav_density_6uav_relcritic_seed45211_selected_seedbase980000,,,,,,,,,,,,,,,,,
end,2026-07-15T02:58:13+08:00,uav_density,1,2,6,20,1500.0,2.6666666666666665,relcritic,STARS,learned,45211,selected,980000,64,64,/home/sgy/workspace/sagin_marl_phase4_learning_ablation/runs/phase4_learning_ablation/3uav20gu_t250/uav_density_collision_smoke_20260715/configs/6uav20gu/structured_joint_mcgae_3uav20gu_t250_relational_critic.yaml,/home/sgy/workspace/sagin_marl_phase4_learning_ablation/runs/phase4_learning_ablation/3uav20gu_t250/relational_critic/seed45211_20260711_213639_bootstrapgae_nocompile/best_checkpoint.pt,,/home/sgy/workspace/sagin_marl_phase4_learning_ablation/runs/phase4_learning_ablation/3uav20gu_t250/uav_density_collision_smoke_20260715/results/6uav20gu/learned/relcritic/seed45211/selected/seedbase980000,uav_density_6uav_relcritic_seed45211_selected_seedbase980000,0,7.004,45.31091735325754,0.841321431727255,0.10638512046183843,4.822721493501156,7.165456444530717,192908857.43702257,0.578125,,,0.578125,0.5279339251997105,191.0,40000088.80434503,0.8462045371907705,
start,2026-07-15T02:58:13+08:00,uav_density,1,2,6,20,1500.0,2.6666666666666665,relcritic,STARS,learned,45211,selected,981000,64,64,/home/sgy/workspace/sagin_marl_phase4_learning_ablation/runs/phase4_learning_ablation/3uav20gu_t250/uav_density_collision_smoke_20260715/configs/6uav20gu/structured_joint_mcgae_3uav20gu_t250_relational_critic.yaml,/home/sgy/workspace/sagin_marl_phase4_learning_ablation/runs/phase4_learning_ablation/3uav20gu_t250/relational_critic/seed45211_20260711_213639_bootstrapgae_nocompile/best_checkpoint.pt,,/home/sgy/workspace/sagin_marl_phase4_learning_ablation/runs/phase4_learning_ablation/3uav20gu_t250/uav_density_collision_smoke_20260715/results/6uav20gu/learned/relcritic/seed45211/selected/seedbase981000,uav_density_6uav_relcritic_seed45211_selected_seedbase981000,,,,,,,,,,,,,,,,,
end,2026-07-15T02:58:20+08:00,uav_density,1,2,6,20,1500.0,2.6666666666666665,relcritic,STARS,learned,45211,selected,981000,64,64,/home/sgy/workspace/sagin_marl_phase4_learning_ablation/runs/phase4_learning_ablation/3uav20gu_t250/uav_density_collision_smoke_20260715/configs/6uav20gu/structured_joint_mcgae_3uav20gu_t250_relational_critic.yaml,/home/sgy/workspace/sagin_marl_phase4_learning_ablation/runs/phase4_learning_ablation/3uav20gu_t250/relational_critic/seed45211_20260711_213639_bootstrapgae_nocompile/best_checkpoint.pt,,/home/sgy/workspace/sagin_marl_phase4_learning_ablation/runs/phase4_learning_ablation/3uav20gu_t250/uav_density_collision_smoke_20260715/results/6uav20gu/learned/relcritic/seed45211/selected/seedbase981000,uav_density_6uav_relcritic_seed45211_selected_seedbase981000,0,7.110,39.18988755252212,0.8176848958670685,0.1223969790057419,5.019004470269731,7.5981671077457404,200760176.3411516,0.59375,,,0.59375,0.5437546361685291,186.4375,40000053.36058359,0.8277243540270569,
start,2026-07-15T02:58:20+08:00,uav_density,1,2,6,20,1500.0,2.6666666666666665,relcritic,STARS,learned,45211,selected,982000,64,64,/home/sgy/workspace/sagin_marl_phase4_learning_ablation/runs/phase4_learning_ablation/3uav20gu_t250/uav_density_collision_smoke_20260715/configs/6uav20gu/structured_joint_mcgae_3uav20gu_t250_relational_critic.yaml,/home/sgy/workspace/sagin_marl_phase4_learning_ablation/runs/phase4_learning_ablation/3uav20gu_t250/relational_critic/seed45211_20260711_213639_bootstrapgae_nocompile/best_checkpoint.pt,,/home/sgy/workspace/sagin_marl_phase4_learning_ablation/runs/phase4_learning_ablation/3uav20gu_t250/uav_density_collision_smoke_20260715/results/6uav20gu/learned/relcritic/seed45211/selected/seedbase982000,uav_density_6uav_relcritic_seed45211_selected_seedbase982000,,,,,,,,,,,,,,,,,
end,2026-07-15T02:58:27+08:00,uav_density,1,2,6,20,1500.0,2.6666666666666665,relcritic,STARS,learned,45211,selected,982000,64,64,/home/sgy/workspace/sagin_marl_phase4_learning_ablation/runs/phase4_learning_ablation/3uav20gu_t250/uav_density_collision_smoke_20260715/configs/6uav20gu/structured_joint_mcgae_3uav20gu_t250_relational_critic.yaml,/home/sgy/workspace/sagin_marl_phase4_learning_ablation/runs/phase4_learning_ablation/3uav20gu_t250/relational_critic/seed45211_20260711_213639_bootstrapgae_nocompile/best_checkpoint.pt,,/home/sgy/workspace/sagin_marl_phase4_learning_ablation/runs/phase4_learning_ablation/3uav20gu_t250/uav_density_collision_smoke_20260715/results/6uav20gu/learned/relcritic/seed45211/selected/seedbase982000,uav_density_6uav_relcritic_seed45211_selected_seedbase982000,0,7.119,42.2708301874809,0.8311966461905312,0.12479179340548759,5.259671664697829,7.738018368802945,210386863.97558817,0.578125,,,0.578125,0.5307211888179267,195.21875,40000099.30122315,0.8332807927722492,
start,2026-07-15T02:58:27+08:00,uav_density,1,2,6,20,1500.0,2.6666666666666665,relcritic,STARS,learned,73129,selected,980000,64,64,/home/sgy/workspace/sagin_marl_phase4_learning_ablation/runs/phase4_learning_ablation/3uav20gu_t250/uav_density_collision_smoke_20260715/configs/6uav20gu/structured_joint_mcgae_3uav20gu_t250_relational_critic.yaml,/home/sgy/workspace/sagin_marl_phase4_learning_ablation/runs/phase4_learning_ablation/3uav20gu_t250/relational_critic/seed73129_20260711_213639_bootstrapgae_nocompile/best_checkpoint.pt,,/home/sgy/workspace/sagin_marl_phase4_learning_ablation/runs/phase4_learning_ablation/3uav20gu_t250/uav_density_collision_smoke_20260715/results/6uav20gu/learned/relcritic/seed73129/selected/seedbase980000,uav_density_6uav_relcritic_seed73129_selected_seedbase980000,,,,,,,,,,,,,,,,,
end,2026-07-15T02:58:34+08:00,uav_density,1,2,6,20,1500.0,2.6666666666666665,relcritic,STARS,learned,73129,selected,980000,64,64,/home/sgy/workspace/sagin_marl_phase4_learning_ablation/runs/phase4_learning_ablation/3uav20gu_t250/uav_density_collision_smoke_20260715/configs/6uav20gu/structured_joint_mcgae_3uav20gu_t250_relational_critic.yaml,/home/sgy/workspace/sagin_marl_phase4_learning_ablation/runs/phase4_learning_ablation/3uav20gu_t250/relational_critic/seed73129_20260711_213639_bootstrapgae_nocompile/best_checkpoint.pt,,/home/sgy/workspace/sagin_marl_phase4_learning_ablation/runs/phase4_learning_ablation/3uav20gu_t250/uav_density_collision_smoke_20260715/results/6uav20gu/learned/relcritic/seed73129/selected/seedbase980000,uav_density_6uav_relcritic_seed73129_selected_seedbase980000,0,7.055,27.234397331019863,0.8371727561166383,0.09104162318046928,4.6201207796763,6.482091105229961,184804828.97281775,0.890625,,,0.890625,0.5454075462472131,128.15625,39999974.19580608,0.8391623664948612,
start,2026-07-15T02:58:34+08:00,uav_density,1,2,6,20,1500.0,2.6666666666666665,relcritic,STARS,learned,73129,selected,981000,64,64,/home/sgy/workspace/sagin_marl_phase4_learning_ablation/runs/phase4_learning_ablation/3uav20gu_t250/uav_density_collision_smoke_20260715/configs/6uav20gu/structured_joint_mcgae_3uav20gu_t250_relational_critic.yaml,/home/sgy/workspace/sagin_marl_phase4_learning_ablation/runs/phase4_learning_ablation/3uav20gu_t250/relational_critic/seed73129_20260711_213639_bootstrapgae_nocompile/best_checkpoint.pt,,/home/sgy/workspace/sagin_marl_phase4_learning_ablation/runs/phase4_learning_ablation/3uav20gu_t250/uav_density_collision_smoke_20260715/results/6uav20gu/learned/relcritic/seed73129/selected/seedbase981000,uav_density_6uav_relcritic_seed73129_selected_seedbase981000,,,,,,,,,,,,,,,,,
end,2026-07-15T02:58:41+08:00,uav_density,1,2,6,20,1500.0,2.6666666666666665,relcritic,STARS,learned,73129,selected,981000,64,64,/home/sgy/workspace/sagin_marl_phase4_learning_ablation/runs/phase4_learning_ablation/3uav20gu_t250/uav_density_collision_smoke_20260715/configs/6uav20gu/structured_joint_mcgae_3uav20gu_t250_relational_critic.yaml,/home/sgy/workspace/sagin_marl_phase4_learning_ablation/runs/phase4_learning_ablation/3uav20gu_t250/relational_critic/seed73129_20260711_213639_bootstrapgae_nocompile/best_checkpoint.pt,,/home/sgy/workspace/sagin_marl_phase4_learning_ablation/runs/phase4_learning_ablation/3uav20gu_t250/uav_density_collision_smoke_20260715/results/6uav20gu/learned/relcritic/seed73129/selected/seedbase981000,uav_density_6uav_relcritic_seed73129_selected_seedbase981000,0,7.017,23.016715477220714,0.8014778221482404,0.10088462206199157,4.534697719017921,6.958534517923305,181387906.58551723,0.953125,,,0.953125,0.545064396357248,111.109375,40000134.00603368,0.8093276982356534,
start,2026-07-15T02:58:41+08:00,uav_density,1,2,6,20,1500.0,2.6666666666666665,relcritic,STARS,learned,73129,selected,982000,64,64,/home/sgy/workspace/sagin_marl_phase4_learning_ablation/runs/phase4_learning_ablation/3uav20gu_t250/uav_density_collision_smoke_20260715/configs/6uav20gu/structured_joint_mcgae_3uav20gu_t250_relational_critic.yaml,/home/sgy/workspace/sagin_marl_phase4_learning_ablation/runs/phase4_learning_ablation/3uav20gu_t250/relational_critic/seed73129_20260711_213639_bootstrapgae_nocompile/best_checkpoint.pt,,/home/sgy/workspace/sagin_marl_phase4_learning_ablation/runs/phase4_learning_ablation/3uav20gu_t250/uav_density_collision_smoke_20260715/results/6uav20gu/learned/relcritic/seed73129/selected/seedbase982000,uav_density_6uav_relcritic_seed73129_selected_seedbase982000,,,,,,,,,,,,,,,,,
end,2026-07-15T02:58:48+08:00,uav_density,1,2,6,20,1500.0,2.6666666666666665,relcritic,STARS,learned,73129,selected,982000,64,64,/home/sgy/workspace/sagin_marl_phase4_learning_ablation/runs/phase4_learning_ablation/3uav20gu_t250/uav_density_collision_smoke_20260715/configs/6uav20gu/structured_joint_mcgae_3uav20gu_t250_relational_critic.yaml,/home/sgy/workspace/sagin_marl_phase4_learning_ablation/runs/phase4_learning_ablation/3uav20gu_t250/relational_critic/seed73129_20260711_213639_bootstrapgae_nocompile/best_checkpoint.pt,,/home/sgy/workspace/sagin_marl_phase4_learning_ablation/runs/phase4_learning_ablation/3uav20gu_t250/uav_density_collision_smoke_20260715/results/6uav20gu/learned/relcritic/seed73129/selected/seedbase982000,uav_density_6uav_relcritic_seed73129_selected_seedbase982000,0,7.011,25.63454407104291,0.8170076856038763,0.1177910963412448,4.862930923283915,7.16096927804819,194517234.67628866,0.890625,,,0.890625,0.5445057821711892,124.875,40000136.99363529,0.8193698338459371,
start,2026-07-15T02:58:48+08:00,uav_density,1,2,6,20,1500.0,2.6666666666666665,relcritic,STARS,learned,91457,selected,980000,64,64,/home/sgy/workspace/sagin_marl_phase4_learning_ablation/runs/phase4_learning_ablation/3uav20gu_t250/uav_density_collision_smoke_20260715/configs/6uav20gu/structured_joint_mcgae_3uav20gu_t250_relational_critic.yaml,/home/sgy/workspace/sagin_marl_phase4_learning_ablation/runs/phase4_learning_ablation/3uav20gu_t250/relational_critic/seed91457_20260712_124615_resume_u0400_bootstrapgae_nocompile/best_checkpoint.pt,,/home/sgy/workspace/sagin_marl_phase4_learning_ablation/runs/phase4_learning_ablation/3uav20gu_t250/uav_density_collision_smoke_20260715/results/6uav20gu/learned/relcritic/seed91457/selected/seedbase980000,uav_density_6uav_relcritic_seed91457_selected_seedbase980000,,,,,,,,,,,,,,,,,
end,2026-07-15T02:58:55+08:00,uav_density,1,2,6,20,1500.0,2.6666666666666665,relcritic,STARS,learned,91457,selected,980000,64,64,/home/sgy/workspace/sagin_marl_phase4_learning_ablation/runs/phase4_learning_ablation/3uav20gu_t250/uav_density_collision_smoke_20260715/configs/6uav20gu/structured_joint_mcgae_3uav20gu_t250_relational_critic.yaml,/home/sgy/workspace/sagin_marl_phase4_learning_ablation/runs/phase4_learning_ablation/3uav20gu_t250/relational_critic/seed91457_20260712_124615_resume_u0400_bootstrapgae_nocompile/best_checkpoint.pt,,/home/sgy/workspace/sagin_marl_phase4_learning_ablation/runs/phase4_learning_ablation/3uav20gu_t250/uav_density_collision_smoke_20260715/results/6uav20gu/learned/relcritic/seed91457/selected/seedbase980000,uav_density_6uav_relcritic_seed91457_selected_seedbase980000,0,7.024,35.52090037125163,0.8174101957307911,0.09849473861770278,5.484169517749559,8.797159049768673,219366778.00418532,0.765625,,,0.765625,0.6861678649790295,162.1875,40000115.6524269,0.8283015567495643,
start,2026-07-15T02:58:55+08:00,uav_density,1,2,6,20,1500.0,2.6666666666666665,relcritic,STARS,learned,91457,selected,981000,64,64,/home/sgy/workspace/sagin_marl_phase4_learning_ablation/runs/phase4_learning_ablation/3uav20gu_t250/uav_density_collision_smoke_20260715/configs/6uav20gu/structured_joint_mcgae_3uav20gu_t250_relational_critic.yaml,/home/sgy/workspace/sagin_marl_phase4_learning_ablation/runs/phase4_learning_ablation/3uav20gu_t250/relational_critic/seed91457_20260712_124615_resume_u0400_bootstrapgae_nocompile/best_checkpoint.pt,,/home/sgy/workspace/sagin_marl_phase4_learning_ablation/runs/phase4_learning_ablation/3uav20gu_t250/uav_density_collision_smoke_20260715/results/6uav20gu/learned/relcritic/seed91457/selected/seedbase981000,uav_density_6uav_relcritic_seed91457_selected_seedbase981000,,,,,,,,,,,,,,,,,
end,2026-07-15T02:59:03+08:00,uav_density,1,2,6,20,1500.0,2.6666666666666665,relcritic,STARS,learned,91457,selected,981000,64,64,/home/sgy/workspace/sagin_marl_phase4_learning_ablation/runs/phase4_learning_ablation/3uav20gu_t250/uav_density_collision_smoke_20260715/configs/6uav20gu/structured_joint_mcgae_3uav20gu_t250_relational_critic.yaml,/home/sgy/workspace/sagin_marl_phase4_learning_ablation/runs/phase4_learning_ablation/3uav20gu_t250/relational_critic/seed91457_20260712_124615_resume_u0400_bootstrapgae_nocompile/best_checkpoint.pt,,/home/sgy/workspace/sagin_marl_phase4_learning_ablation/runs/phase4_learning_ablation/3uav20gu_t250/uav_density_collision_smoke_20260715/results/6uav20gu/learned/relcritic/seed91457/selected/seedbase981000,uav_density_6uav_relcritic_seed91457_selected_seedbase981000,0,7.037,30.499579313909635,0.82752986739568,0.08988903460968545,5.377597689828661,8.104346404282724,215103904.97757906,0.796875,,,0.796875,0.6800199854921436,148.890625,40000053.593356125,0.8445295013403272,
start,2026-07-15T02:59:03+08:00,uav_density,1,2,6,20,1500.0,2.6666666666666665,relcritic,STARS,learned,91457,selected,982000,64,64,/home/sgy/workspace/sagin_marl_phase4_learning_ablation/runs/phase4_learning_ablation/3uav20gu_t250/uav_density_collision_smoke_20260715/configs/6uav20gu/structured_joint_mcgae_3uav20gu_t250_relational_critic.yaml,/home/sgy/workspace/sagin_marl_phase4_learning_ablation/runs/phase4_learning_ablation/3uav20gu_t250/relational_critic/seed91457_20260712_124615_resume_u0400_bootstrapgae_nocompile/best_checkpoint.pt,,/home/sgy/workspace/sagin_marl_phase4_learning_ablation/runs/phase4_learning_ablation/3uav20gu_t250/uav_density_collision_smoke_20260715/results/6uav20gu/learned/relcritic/seed91457/selected/seedbase982000,uav_density_6uav_relcritic_seed91457_selected_seedbase982000,,,,,,,,,,,,,,,,,
end,2026-07-15T02:59:09+08:00,uav_density,1,2,6,20,1500.0,2.6666666666666665,relcritic,STARS,learned,91457,selected,982000,64,64,/home/sgy/workspace/sagin_marl_phase4_learning_ablation/runs/phase4_learning_ablation/3uav20gu_t250/uav_density_collision_smoke_20260715/configs/6uav20gu/structured_joint_mcgae_3uav20gu_t250_relational_critic.yaml,/home/sgy/workspace/sagin_marl_phase4_learning_ablation/runs/phase4_learning_ablation/3uav20gu_t250/relational_critic/seed91457_20260712_124615_resume_u0400_bootstrapgae_nocompile/best_checkpoint.pt,,/home/sgy/workspace/sagin_marl_phase4_learning_ablation/runs/phase4_learning_ablation/3uav20gu_t250/uav_density_collision_smoke_20260715/results/6uav20gu/learned/relcritic/seed91457/selected/seedbase982000,uav_density_6uav_relcritic_seed91457_selected_seedbase982000,0,6.956,29.755151715828106,0.8059308521893058,0.12129873667554276,5.74740589549291,8.881806126191837,229896232.9934819,0.828125,,,0.828125,0.6856218354947182,146.453125,40000112.19509054,0.816215240045478,
start,2026-07-15T02:59:09+08:00,uav_density,1,2,6,20,1500.0,2.6666666666666665,globalcritic,STARS-GC,learned,45211,selected,980000,64,64,/home/sgy/workspace/sagin_marl_phase4_learning_ablation/runs/phase4_learning_ablation/3uav20gu_t250/uav_density_collision_smoke_20260715/configs/6uav20gu/structured_joint_mcgae_3uav20gu_t250_global_only_critic.yaml,/home/sgy/workspace/sagin_marl_phase4_learning_ablation/runs/phase4_learning_ablation/3uav20gu_t250/global_only_critic/seed45211_20260712_124615_bootstrapgae_nocompile/best_checkpoint.pt,,/home/sgy/workspace/sagin_marl_phase4_learning_ablation/runs/phase4_learning_ablation/3uav20gu_t250/uav_density_collision_smoke_20260715/results/6uav20gu/learned/globalcritic/seed45211/selected/seedbase980000,uav_density_6uav_globalcritic_seed45211_selected_seedbase980000,,,,,,,,,,,,,,,,,
end,2026-07-15T02:59:16+08:00,uav_density,1,2,6,20,1500.0,2.6666666666666665,globalcritic,STARS-GC,learned,45211,selected,980000,64,64,/home/sgy/workspace/sagin_marl_phase4_learning_ablation/runs/phase4_learning_ablation/3uav20gu_t250/uav_density_collision_smoke_20260715/configs/6uav20gu/structured_joint_mcgae_3uav20gu_t250_global_only_critic.yaml,/home/sgy/workspace/sagin_marl_phase4_learning_ablation/runs/phase4_learning_ablation/3uav20gu_t250/global_only_critic/seed45211_20260712_124615_bootstrapgae_nocompile/best_checkpoint.pt,,/home/sgy/workspace/sagin_marl_phase4_learning_ablation/runs/phase4_learning_ablation/3uav20gu_t250/uav_density_collision_smoke_20260715/results/6uav20gu/learned/globalcritic/seed45211/selected/seedbase980000,uav_density_6uav_globalcritic_seed45211_selected_seedbase980000,0,7.024,37.391377185005695,0.8484165527637064,0.08592228779617155,6.130624468328859,8.072170674067282,245224975.93796656,0.546875,,,0.546875,0.6476441526172649,172.875,40000168.949849516,0.8704237219702233,
start,2026-07-15T02:59:16+08:00,uav_density,1,2,6,20,1500.0,2.6666666666666665,globalcritic,STARS-GC,learned,45211,selected,981000,64,64,/home/sgy/workspace/sagin_marl_phase4_learning_ablation/runs/phase4_learning_ablation/3uav20gu_t250/uav_density_collision_smoke_20260715/configs/6uav20gu/structured_joint_mcgae_3uav20gu_t250_global_only_critic.yaml,/home/sgy/workspace/sagin_marl_phase4_learning_ablation/runs/phase4_learning_ablation/3uav20gu_t250/global_only_critic/seed45211_20260712_124615_bootstrapgae_nocompile/best_checkpoint.pt,,/home/sgy/workspace/sagin_marl_phase4_learning_ablation/runs/phase4_learning_ablation/3uav20gu_t250/uav_density_collision_smoke_20260715/results/6uav20gu/learned/globalcritic/seed45211/selected/seedbase981000,uav_density_6uav_globalcritic_seed45211_selected_seedbase981000,,,,,,,,,,,,,,,,,
end,2026-07-15T02:59:24+08:00,uav_density,1,2,6,20,1500.0,2.6666666666666665,globalcritic,STARS-GC,learned,45211,selected,981000,64,64,/home/sgy/workspace/sagin_marl_phase4_learning_ablation/runs/phase4_learning_ablation/3uav20gu_t250/uav_density_collision_smoke_20260715/configs/6uav20gu/structured_joint_mcgae_3uav20gu_t250_global_only_critic.yaml,/home/sgy/workspace/sagin_marl_phase4_learning_ablation/runs/phase4_learning_ablation/3uav20gu_t250/global_only_critic/seed45211_20260712_124615_bootstrapgae_nocompile/best_checkpoint.pt,,/home/sgy/workspace/sagin_marl_phase4_learning_ablation/runs/phase4_learning_ablation/3uav20gu_t250/uav_density_collision_smoke_20260715/results/6uav20gu/learned/globalcritic/seed45211/selected/seedbase981000,uav_density_6uav_globalcritic_seed45211_selected_seedbase981000,0,7.078,34.05946190608665,0.8220562828014863,0.09694007555246621,5.694288434427708,7.825598695492947,227771534.48297355,0.734375,,,0.734375,0.6434448868481605,156.75,40000005.531301394,0.8470641815498108,
start,2026-07-15T02:59:24+08:00,uav_density,1,2,6,20,1500.0,2.6666666666666665,globalcritic,STARS-GC,learned,45211,selected,982000,64,64,/home/sgy/workspace/sagin_marl_phase4_learning_ablation/runs/phase4_learning_ablation/3uav20gu_t250/uav_density_collision_smoke_20260715/configs/6uav20gu/structured_joint_mcgae_3uav20gu_t250_global_only_critic.yaml,/home/sgy/workspace/sagin_marl_phase4_learning_ablation/runs/phase4_learning_ablation/3uav20gu_t250/global_only_critic/seed45211_20260712_124615_bootstrapgae_nocompile/best_checkpoint.pt,,/home/sgy/workspace/sagin_marl_phase4_learning_ablation/runs/phase4_learning_ablation/3uav20gu_t250/uav_density_collision_smoke_20260715/results/6uav20gu/learned/globalcritic/seed45211/selected/seedbase982000,uav_density_6uav_globalcritic_seed45211_selected_seedbase982000,,,,,,,,,,,,,,,,,
end,2026-07-15T02:59:31+08:00,uav_density,1,2,6,20,1500.0,2.6666666666666665,globalcritic,STARS-GC,learned,45211,selected,982000,64,64,/home/sgy/workspace/sagin_marl_phase4_learning_ablation/runs/phase4_learning_ablation/3uav20gu_t250/uav_density_collision_smoke_20260715/configs/6uav20gu/structured_joint_mcgae_3uav20gu_t250_global_only_critic.yaml,/home/sgy/workspace/sagin_marl_phase4_learning_ablation/runs/phase4_learning_ablation/3uav20gu_t250/global_only_critic/seed45211_20260712_124615_bootstrapgae_nocompile/best_checkpoint.pt,,/home/sgy/workspace/sagin_marl_phase4_learning_ablation/runs/phase4_learning_ablation/3uav20gu_t250/uav_density_collision_smoke_20260715/results/6uav20gu/learned/globalcritic/seed45211/selected/seedbase982000,uav_density_6uav_globalcritic_seed45211_selected_seedbase982000,0,7.277,36.895483122207224,0.8320278852250594,0.11190046357171306,6.357375854751252,8.589831647060523,254295031.1823116,0.5625,,,0.546875,0.6458245841920529,178.71875,40000096.892324455,0.8548952182662294,
start,2026-07-15T02:59:31+08:00,uav_density,1,2,6,20,1500.0,2.6666666666666665,globalcritic,STARS-GC,learned,73129,selected,980000,64,64,/home/sgy/workspace/sagin_marl_phase4_learning_ablation/runs/phase4_learning_ablation/3uav20gu_t250/uav_density_collision_smoke_20260715/configs/6uav20gu/structured_joint_mcgae_3uav20gu_t250_global_only_critic.yaml,/home/sgy/workspace/sagin_marl_phase4_learning_ablation/runs/phase4_learning_ablation/3uav20gu_t250/global_only_critic/seed73129_20260712_124615_bootstrapgae_nocompile/best_checkpoint.pt,,/home/sgy/workspace/sagin_marl_phase4_learning_ablation/runs/phase4_learning_ablation/3uav20gu_t250/uav_density_collision_smoke_20260715/results/6uav20gu/learned/globalcritic/seed73129/selected/seedbase980000,uav_density_6uav_globalcritic_seed73129_selected_seedbase980000,,,,,,,,,,,,,,,,,
end,2026-07-15T02:59:38+08:00,uav_density,1,2,6,20,1500.0,2.6666666666666665,globalcritic,STARS-GC,learned,73129,selected,980000,64,64,/home/sgy/workspace/sagin_marl_phase4_learning_ablation/runs/phase4_learning_ablation/3uav20gu_t250/uav_density_collision_smoke_20260715/configs/6uav20gu/structured_joint_mcgae_3uav20gu_t250_global_only_critic.yaml,/home/sgy/workspace/sagin_marl_phase4_learning_ablation/runs/phase4_learning_ablation/3uav20gu_t250/global_only_critic/seed73129_20260712_124615_bootstrapgae_nocompile/best_checkpoint.pt,,/home/sgy/workspace/sagin_marl_phase4_learning_ablation/runs/phase4_learning_ablation/3uav20gu_t250/uav_density_collision_smoke_20260715/results/6uav20gu/learned/globalcritic/seed73129/selected/seedbase980000,uav_density_6uav_globalcritic_seed73129_selected_seedbase980000,0,7.051,13.257892275229096,0.5895802560640742,0.2437728664389389,7.092287775910609,13.795886002924057,283691507.6243227,0.984375,,,0.984375,0.9989229752605729,85.78125,40000036.18224848,0.5902743072190266,
start,2026-07-15T02:59:38+08:00,uav_density,1,2,6,20,1500.0,2.6666666666666665,globalcritic,STARS-GC,learned,73129,selected,981000,64,64,/home/sgy/workspace/sagin_marl_phase4_learning_ablation/runs/phase4_learning_ablation/3uav20gu_t250/uav_density_collision_smoke_20260715/configs/6uav20gu/structured_joint_mcgae_3uav20gu_t250_global_only_critic.yaml,/home/sgy/workspace/sagin_marl_phase4_learning_ablation/runs/phase4_learning_ablation/3uav20gu_t250/global_only_critic/seed73129_20260712_124615_bootstrapgae_nocompile/best_checkpoint.pt,,/home/sgy/workspace/sagin_marl_phase4_learning_ablation/runs/phase4_learning_ablation/3uav20gu_t250/uav_density_collision_smoke_20260715/results/6uav20gu/learned/globalcritic/seed73129/selected/seedbase981000,uav_density_6uav_globalcritic_seed73129_selected_seedbase981000,,,,,,,,,,,,,,,,,
end,2026-07-15T02:59:45+08:00,uav_density,1,2,6,20,1500.0,2.6666666666666665,globalcritic,STARS-GC,learned,73129,selected,981000,64,64,/home/sgy/workspace/sagin_marl_phase4_learning_ablation/runs/phase4_learning_ablation/3uav20gu_t250/uav_density_collision_smoke_20260715/configs/6uav20gu/structured_joint_mcgae_3uav20gu_t250_global_only_critic.yaml,/home/sgy/workspace/sagin_marl_phase4_learning_ablation/runs/phase4_learning_ablation/3uav20gu_t250/global_only_critic/seed73129_20260712_124615_bootstrapgae_nocompile/best_checkpoint.pt,,/home/sgy/workspace/sagin_marl_phase4_learning_ablation/runs/phase4_learning_ablation/3uav20gu_t250/uav_density_collision_smoke_20260715/results/6uav20gu/learned/globalcritic/seed73129/selected/seedbase981000,uav_density_6uav_globalcritic_seed73129_selected_seedbase981000,0,7.092,14.71465386566706,0.5742575313162024,0.24686672611340907,6.9255450825932705,13.531725968759984,277021800.3153928,0.921875,,,0.921875,0.9980611331829101,94.921875,40000095.77984602,0.5756550964238943,
start,2026-07-15T02:59:45+08:00,uav_density,1,2,6,20,1500.0,2.6666666666666665,globalcritic,STARS-GC,learned,73129,selected,982000,64,64,/home/sgy/workspace/sagin_marl_phase4_learning_ablation/runs/phase4_learning_ablation/3uav20gu_t250/uav_density_collision_smoke_20260715/configs/6uav20gu/structured_joint_mcgae_3uav20gu_t250_global_only_critic.yaml,/home/sgy/workspace/sagin_marl_phase4_learning_ablation/runs/phase4_learning_ablation/3uav20gu_t250/global_only_critic/seed73129_20260712_124615_bootstrapgae_nocompile/best_checkpoint.pt,,/home/sgy/workspace/sagin_marl_phase4_learning_ablation/runs/phase4_learning_ablation/3uav20gu_t250/uav_density_collision_smoke_20260715/results/6uav20gu/learned/globalcritic/seed73129/selected/seedbase982000,uav_density_6uav_globalcritic_seed73129_selected_seedbase982000,,,,,,,,,,,,,,,,,
end,2026-07-15T02:59:52+08:00,uav_density,1,2,6,20,1500.0,2.6666666666666665,globalcritic,STARS-GC,learned,73129,selected,982000,64,64,/home/sgy/workspace/sagin_marl_phase4_learning_ablation/runs/phase4_learning_ablation/3uav20gu_t250/uav_density_collision_smoke_20260715/configs/6uav20gu/structured_joint_mcgae_3uav20gu_t250_global_only_critic.yaml,/home/sgy/workspace/sagin_marl_phase4_learning_ablation/runs/phase4_learning_ablation/3uav20gu_t250/global_only_critic/seed73129_20260712_124615_bootstrapgae_nocompile/best_checkpoint.pt,,/home/sgy/workspace/sagin_marl_phase4_learning_ablation/runs/phase4_learning_ablation/3uav20gu_t250/uav_density_collision_smoke_20260715/results/6uav20gu/learned/globalcritic/seed73129/selected/seedbase982000,uav_density_6uav_globalcritic_seed73129_selected_seedbase982000,0,7.090,14.439368398860097,0.600204893652802,0.2741241143359238,7.329924730727857,14.440511639453332,293196985.8096055,0.984375,,,0.984375,0.9993217443723155,93.5,40000189.039650306,0.6015318644304505,
start,2026-07-15T02:59:52+08:00,uav_density,1,2,6,20,1500.0,2.6666666666666665,globalcritic,STARS-GC,learned,91457,selected,980000,64,64,/home/sgy/workspace/sagin_marl_phase4_learning_ablation/runs/phase4_learning_ablation/3uav20gu_t250/uav_density_collision_smoke_20260715/configs/6uav20gu/structured_joint_mcgae_3uav20gu_t250_global_only_critic.yaml,/home/sgy/workspace/sagin_marl_phase4_learning_ablation/runs/phase4_learning_ablation/3uav20gu_t250/global_only_critic/seed91457_20260712_124615_bootstrapgae_nocompile/best_checkpoint.pt,,/home/sgy/workspace/sagin_marl_phase4_learning_ablation/runs/phase4_learning_ablation/3uav20gu_t250/uav_density_collision_smoke_20260715/results/6uav20gu/learned/globalcritic/seed91457/selected/seedbase980000,uav_density_6uav_globalcritic_seed91457_selected_seedbase980000,,,,,,,,,,,,,,,,,
end,2026-07-15T02:59:59+08:00,uav_density,1,2,6,20,1500.0,2.6666666666666665,globalcritic,STARS-GC,learned,91457,selected,980000,64,64,/home/sgy/workspace/sagin_marl_phase4_learning_ablation/runs/phase4_learning_ablation/3uav20gu_t250/uav_density_collision_smoke_20260715/configs/6uav20gu/structured_joint_mcgae_3uav20gu_t250_global_only_critic.yaml,/home/sgy/workspace/sagin_marl_phase4_learning_ablation/runs/phase4_learning_ablation/3uav20gu_t250/global_only_critic/seed91457_20260712_124615_bootstrapgae_nocompile/best_checkpoint.pt,,/home/sgy/workspace/sagin_marl_phase4_learning_ablation/runs/phase4_learning_ablation/3uav20gu_t250/uav_density_collision_smoke_20260715/results/6uav20gu/learned/globalcritic/seed91457/selected/seedbase980000,uav_density_6uav_globalcritic_seed91457_selected_seedbase980000,0,6.969,12.587150370352902,0.5632991636596831,0.27571695479210423,7.768050149840466,18.61974305660695,310722002.47276795,1.0,,,1.0,0.7874650464138735,85.203125,40000040.428729296,0.5642897335945611,
start,2026-07-15T02:59:59+08:00,uav_density,1,2,6,20,1500.0,2.6666666666666665,globalcritic,STARS-GC,learned,91457,selected,981000,64,64,/home/sgy/workspace/sagin_marl_phase4_learning_ablation/runs/phase4_learning_ablation/3uav20gu_t250/uav_density_collision_smoke_20260715/configs/6uav20gu/structured_joint_mcgae_3uav20gu_t250_global_only_critic.yaml,/home/sgy/workspace/sagin_marl_phase4_learning_ablation/runs/phase4_learning_ablation/3uav20gu_t250/global_only_critic/seed91457_20260712_124615_bootstrapgae_nocompile/best_checkpoint.pt,,/home/sgy/workspace/sagin_marl_phase4_learning_ablation/runs/phase4_learning_ablation/3uav20gu_t250/uav_density_collision_smoke_20260715/results/6uav20gu/learned/globalcritic/seed91457/selected/seedbase981000,uav_density_6uav_globalcritic_seed91457_selected_seedbase981000,,,,,,,,,,,,,,,,,
end,2026-07-15T03:00:06+08:00,uav_density,1,2,6,20,1500.0,2.6666666666666665,globalcritic,STARS-GC,learned,91457,selected,981000,64,64,/home/sgy/workspace/sagin_marl_phase4_learning_ablation/runs/phase4_learning_ablation/3uav20gu_t250/uav_density_collision_smoke_20260715/configs/6uav20gu/structured_joint_mcgae_3uav20gu_t250_global_only_critic.yaml,/home/sgy/workspace/sagin_marl_phase4_learning_ablation/runs/phase4_learning_ablation/3uav20gu_t250/global_only_critic/seed91457_20260712_124615_bootstrapgae_nocompile/best_checkpoint.pt,,/home/sgy/workspace/sagin_marl_phase4_learning_ablation/runs/phase4_learning_ablation/3uav20gu_t250/uav_density_collision_smoke_20260715/results/6uav20gu/learned/globalcritic/seed91457/selected/seedbase981000,uav_density_6uav_globalcritic_seed91457_selected_seedbase981000,0,6.947,11.817046949639916,0.5466038884218225,0.26189715235195465,7.309161801650934,17.481053868205137,292366584.5677704,0.984375,,,0.984375,0.8012521026943265,80.171875,40000079.536406934,0.5511598905813268,
start,2026-07-15T03:00:06+08:00,uav_density,1,2,6,20,1500.0,2.6666666666666665,globalcritic,STARS-GC,learned,91457,selected,982000,64,64,/home/sgy/workspace/sagin_marl_phase4_learning_ablation/runs/phase4_learning_ablation/3uav20gu_t250/uav_density_collision_smoke_20260715/configs/6uav20gu/structured_joint_mcgae_3uav20gu_t250_global_only_critic.yaml,/home/sgy/workspace/sagin_marl_phase4_learning_ablation/runs/phase4_learning_ablation/3uav20gu_t250/global_only_critic/seed91457_20260712_124615_bootstrapgae_nocompile/best_checkpoint.pt,,/home/sgy/workspace/sagin_marl_phase4_learning_ablation/runs/phase4_learning_ablation/3uav20gu_t250/uav_density_collision_smoke_20260715/results/6uav20gu/learned/globalcritic/seed91457/selected/seedbase982000,uav_density_6uav_globalcritic_seed91457_selected_seedbase982000,,,,,,,,,,,,,,,,,
end,2026-07-15T03:00:13+08:00,uav_density,1,2,6,20,1500.0,2.6666666666666665,globalcritic,STARS-GC,learned,91457,selected,982000,64,64,/home/sgy/workspace/sagin_marl_phase4_learning_ablation/runs/phase4_learning_ablation/3uav20gu_t250/uav_density_collision_smoke_20260715/configs/6uav20gu/structured_joint_mcgae_3uav20gu_t250_global_only_critic.yaml,/home/sgy/workspace/sagin_marl_phase4_learning_ablation/runs/phase4_learning_ablation/3uav20gu_t250/global_only_critic/seed91457_20260712_124615_bootstrapgae_nocompile/best_checkpoint.pt,,/home/sgy/workspace/sagin_marl_phase4_learning_ablation/runs/phase4_learning_ablation/3uav20gu_t250/uav_density_collision_smoke_20260715/results/6uav20gu/learned/globalcritic/seed91457/selected/seedbase982000,uav_density_6uav_globalcritic_seed91457_selected_seedbase982000,0,7.090,11.383468779851682,0.5771784681874448,0.26280158201493314,7.2080502034764615,17.745448612378436,288322331.0703118,1.0,,,1.0,0.7878865763286104,74.109375,40000192.14345863,0.5790290194549541,
start,2026-07-15T03:00:13+08:00,uav_density,1,2,6,20,1500.0,2.6666666666666665,cluster_center_queue_aware,QCCS,fixed,,fixed,980000,64,64,/home/sgy/workspace/sagin_marl_phase4_learning_ablation/runs/phase4_learning_ablation/3uav20gu_t250/uav_density_collision_smoke_20260715/configs/6uav20gu/structured_joint_mcgae_3uav20gu_t250_relational_critic.yaml,,cluster_center_queue_aware,/home/sgy/workspace/sagin_marl_phase4_learning_ablation/runs/phase4_learning_ablation/3uav20gu_t250/uav_density_collision_smoke_20260715/results/6uav20gu/fixed/cluster_center_queue_aware/seedbase980000,uav_density_6uav_cluster_center_queue_aware_fixed_seedbase980000,,,,,,,,,,,,,,,,,
end,2026-07-15T03:00:19+08:00,uav_density,1,2,6,20,1500.0,2.6666666666666665,cluster_center_queue_aware,QCCS,fixed,,fixed,980000,64,64,/home/sgy/workspace/sagin_marl_phase4_learning_ablation/runs/phase4_learning_ablation/3uav20gu_t250/uav_density_collision_smoke_20260715/configs/6uav20gu/structured_joint_mcgae_3uav20gu_t250_relational_critic.yaml,,cluster_center_queue_aware,/home/sgy/workspace/sagin_marl_phase4_learning_ablation/runs/phase4_learning_ablation/3uav20gu_t250/uav_density_collision_smoke_20260715/results/6uav20gu/fixed/cluster_center_queue_aware/seedbase980000,uav_density_6uav_cluster_center_queue_aware_fixed_seedbase980000,0,6.374,6.929956733598374,0.5529853852571168,0.15887620668207475,6.9111751483543085,14.734326322904208,276447002.85610276,1.0,,,1.0,0.9009649437695392,40.734375,40000102.54430501,0.5855807912739294,
start,2026-07-15T03:00:19+08:00,uav_density,1,2,6,20,1500.0,2.6666666666666665,cluster_center_queue_aware,QCCS,fixed,,fixed,981000,64,64,/home/sgy/workspace/sagin_marl_phase4_learning_ablation/runs/phase4_learning_ablation/3uav20gu_t250/uav_density_collision_smoke_20260715/configs/6uav20gu/structured_joint_mcgae_3uav20gu_t250_relational_critic.yaml,,cluster_center_queue_aware,/home/sgy/workspace/sagin_marl_phase4_learning_ablation/runs/phase4_learning_ablation/3uav20gu_t250/uav_density_collision_smoke_20260715/results/6uav20gu/fixed/cluster_center_queue_aware/seedbase981000,uav_density_6uav_cluster_center_queue_aware_fixed_seedbase981000,,,,,,,,,,,,,,,,,
end,2026-07-15T03:00:26+08:00,uav_density,1,2,6,20,1500.0,2.6666666666666665,cluster_center_queue_aware,QCCS,fixed,,fixed,981000,64,64,/home/sgy/workspace/sagin_marl_phase4_learning_ablation/runs/phase4_learning_ablation/3uav20gu_t250/uav_density_collision_smoke_20260715/configs/6uav20gu/structured_joint_mcgae_3uav20gu_t250_relational_critic.yaml,,cluster_center_queue_aware,/home/sgy/workspace/sagin_marl_phase4_learning_ablation/runs/phase4_learning_ablation/3uav20gu_t250/uav_density_collision_smoke_20260715/results/6uav20gu/fixed/cluster_center_queue_aware/seedbase981000,uav_density_6uav_cluster_center_queue_aware_fixed_seedbase981000,0,6.208,6.365140721201897,0.5552143677586368,0.15958964590087185,6.274760362737236,13.173836127147888,250990411.4085564,1.0,,,1.0,0.9127386830664607,36.671875,40000302.64838705,0.5943158460118237,
start,2026-07-15T03:00:26+08:00,uav_density,1,2,6,20,1500.0,2.6666666666666665,cluster_center_queue_aware,QCCS,fixed,,fixed,982000,64,64,/home/sgy/workspace/sagin_marl_phase4_learning_ablation/runs/phase4_learning_ablation/3uav20gu_t250/uav_density_collision_smoke_20260715/configs/6uav20gu/structured_joint_mcgae_3uav20gu_t250_relational_critic.yaml,,cluster_center_queue_aware,/home/sgy/workspace/sagin_marl_phase4_learning_ablation/runs/phase4_learning_ablation/3uav20gu_t250/uav_density_collision_smoke_20260715/results/6uav20gu/fixed/cluster_center_queue_aware/seedbase982000,uav_density_6uav_cluster_center_queue_aware_fixed_seedbase982000,,,,,,,,,,,,,,,,,
end,2026-07-15T03:00:32+08:00,uav_density,1,2,6,20,1500.0,2.6666666666666665,cluster_center_queue_aware,QCCS,fixed,,fixed,982000,64,64,/home/sgy/workspace/sagin_marl_phase4_learning_ablation/runs/phase4_learning_ablation/3uav20gu_t250/uav_density_collision_smoke_20260715/configs/6uav20gu/structured_joint_mcgae_3uav20gu_t250_relational_critic.yaml,,cluster_center_queue_aware,/home/sgy/workspace/sagin_marl_phase4_learning_ablation/runs/phase4_learning_ablation/3uav20gu_t250/uav_density_collision_smoke_20260715/results/6uav20gu/fixed/cluster_center_queue_aware/seedbase982000,uav_density_6uav_cluster_center_queue_aware_fixed_seedbase982000,0,6.326,7.253319265320897,0.5596060155570275,0.16965995272475817,6.713571469824174,13.908848044001477,268542855.7099856,1.0,,,1.0,0.9008445807178197,41.765625,40000177.85311306,0.6042404385755705,
start,2026-07-15T03:00:32+08:00,uav_density,1,2,6,20,1500.0,2.6666666666666665,maxweight_lyapunov,Lyapunov,fixed,,fixed,980000,64,64,/home/sgy/workspace/sagin_marl_phase4_learning_ablation/runs/phase4_learning_ablation/3uav20gu_t250/uav_density_collision_smoke_20260715/configs/6uav20gu/structured_joint_mcgae_3uav20gu_t250_relational_critic.yaml,,maxweight_lyapunov,/home/sgy/workspace/sagin_marl_phase4_learning_ablation/runs/phase4_learning_ablation/3uav20gu_t250/uav_density_collision_smoke_20260715/results/6uav20gu/fixed/maxweight_lyapunov/seedbase980000,uav_density_6uav_maxweight_lyapunov_fixed_seedbase980000,,,,,,,,,,,,,,,,,
end,2026-07-15T03:00:38+08:00,uav_density,1,2,6,20,1500.0,2.6666666666666665,maxweight_lyapunov,Lyapunov,fixed,,fixed,980000,64,64,/home/sgy/workspace/sagin_marl_phase4_learning_ablation/runs/phase4_learning_ablation/3uav20gu_t250/uav_density_collision_smoke_20260715/configs/6uav20gu/structured_joint_mcgae_3uav20gu_t250_relational_critic.yaml,,maxweight_lyapunov,/home/sgy/workspace/sagin_marl_phase4_learning_ablation/runs/phase4_learning_ablation/3uav20gu_t250/uav_density_collision_smoke_20260715/results/6uav20gu/fixed/maxweight_lyapunov/seedbase980000,uav_density_6uav_maxweight_lyapunov_fixed_seedbase980000,0,6.286,25.41175676556304,0.7206582047017664,0.18086419991634123,9.650384976259863,14.846268715992432,386015394.6097784,0.84375,,,0.828125,0.997689035462022,155.015625,40000106.51668733,0.7625506819601604,
start,2026-07-15T03:00:38+08:00,uav_density,1,2,6,20,1500.0,2.6666666666666665,maxweight_lyapunov,Lyapunov,fixed,,fixed,981000,64,64,/home/sgy/workspace/sagin_marl_phase4_learning_ablation/runs/phase4_learning_ablation/3uav20gu_t250/uav_density_collision_smoke_20260715/configs/6uav20gu/structured_joint_mcgae_3uav20gu_t250_relational_critic.yaml,,maxweight_lyapunov,/home/sgy/workspace/sagin_marl_phase4_learning_ablation/runs/phase4_learning_ablation/3uav20gu_t250/uav_density_collision_smoke_20260715/results/6uav20gu/fixed/maxweight_lyapunov/seedbase981000,uav_density_6uav_maxweight_lyapunov_fixed_seedbase981000,,,,,,,,,,,,,,,,,
end,2026-07-15T03:00:45+08:00,uav_density,1,2,6,20,1500.0,2.6666666666666665,maxweight_lyapunov,Lyapunov,fixed,,fixed,981000,64,64,/home/sgy/workspace/sagin_marl_phase4_learning_ablation/runs/phase4_learning_ablation/3uav20gu_t250/uav_density_collision_smoke_20260715/configs/6uav20gu/structured_joint_mcgae_3uav20gu_t250_relational_critic.yaml,,maxweight_lyapunov,/home/sgy/workspace/sagin_marl_phase4_learning_ablation/runs/phase4_learning_ablation/3uav20gu_t250/uav_density_collision_smoke_20260715/results/6uav20gu/fixed/maxweight_lyapunov/seedbase981000,uav_density_6uav_maxweight_lyapunov_fixed_seedbase981000,0,6.249,23.801347954315133,0.7119530486323191,0.18376271016370968,8.969811550883872,14.09391424097274,358792457.9267892,0.8125,,,0.8125,0.9982671976536787,144.515625,40000091.67715491,0.745293304371712,
start,2026-07-15T03:00:45+08:00,uav_density,1,2,6,20,1500.0,2.6666666666666665,maxweight_lyapunov,Lyapunov,fixed,,fixed,982000,64,64,/home/sgy/workspace/sagin_marl_phase4_learning_ablation/runs/phase4_learning_ablation/3uav20gu_t250/uav_density_collision_smoke_20260715/configs/6uav20gu/structured_joint_mcgae_3uav20gu_t250_relational_critic.yaml,,maxweight_lyapunov,/home/sgy/workspace/sagin_marl_phase4_learning_ablation/runs/phase4_learning_ablation/3uav20gu_t250/uav_density_collision_smoke_20260715/results/6uav20gu/fixed/maxweight_lyapunov/seedbase982000,uav_density_6uav_maxweight_lyapunov_fixed_seedbase982000,,,,,,,,,,,,,,,,,
end,2026-07-15T03:00:51+08:00,uav_density,1,2,6,20,1500.0,2.6666666666666665,maxweight_lyapunov,Lyapunov,fixed,,fixed,982000,64,64,/home/sgy/workspace/sagin_marl_phase4_learning_ablation/runs/phase4_learning_ablation/3uav20gu_t250/uav_density_collision_smoke_20260715/configs/6uav20gu/structured_joint_mcgae_3uav20gu_t250_relational_critic.yaml,,maxweight_lyapunov,/home/sgy/workspace/sagin_marl_phase4_learning_ablation/runs/phase4_learning_ablation/3uav20gu_t250/uav_density_collision_smoke_20260715/results/6uav20gu/fixed/maxweight_lyapunov/seedbase982000,uav_density_6uav_maxweight_lyapunov_fixed_seedbase982000,0,6.268,26.62634810199961,0.7066583525818503,0.2125444331120332,9.697575872328162,15.167847042302357,387903030.2059388,0.765625,,,0.765625,0.9980909760117467,164.90625,40000093.195184566,0.7358789089593878,
