scenario,kind,method,update,seed_base,episodes,num_envs,checkpoint,out_dir,reward_sum,processed_ratio_eval,drop_ratio_eval,gu_drop_ratio,uav_drop_ratio,sat_drop_ratio,pre_backlog_steps_eval,D_sys_report,queue_total_mean,gu_queue_mean,uav_queue_mean,sat_queue_mean,sat_overlap_eval,collision_episode_fraction,terminated_early,episode_length,outflow_arrival_ratio,sat_processed_arrival_ratio
6uav40gu,learned,bootstrap_seed45210_best_u0375,seed45210_u0375,980000,64,64,runs/phase3/main_6uav80gu_bootstrap_auto_ref_multiseed_critic_eager_20260710_173132/seed45210/bootstrap_seed45210/checkpoint_update0375.pt,/home/sgy/workspace/sagin_marl/runs/phase3/diagnostics/diagnostic_6uav_load_transfer_new_multiseed_20260711_142042/formal/6uav40gu/seed980000/bootstrap_seed45210_best_u0375,35.33732772723306,0.5322280238543625,0.40670217356963684,0.4064830547487028,0.0002192536387950345,0.0,8.240137373215745,16.30121958209151,659214437.9999862,12846491.929913433,24225217.515391417,23.997666666666667,0.9446960089465997,0.0625,0.0625,240.859375,0.552659564820652,0.5322276683838811
6uav40gu,learned,bootstrap_seed45211_best_u0375,seed45211_u0375,980000,64,64,runs/phase3/main_6uav80gu_bootstrap_auto_ref_multiseed_critic_eager_20260710_173132/seed45211/bootstrap_seed45211/checkpoint_update0375.pt,/home/sgy/workspace/sagin_marl/runs/phase3/diagnostics/diagnostic_6uav_load_transfer_new_multiseed_20260711_142042/formal/6uav40gu/seed980000/bootstrap_seed45211_best_u0375,32.354239770327695,0.4708676503000244,0.4358688971224942,0.43371852106192876,0.0021504569952825164,0.0,10.095657000384689,22.818787971423294,807680518.0876168,13534370.990108982,44379618.442800485,194.22199999999998,1.0,0.125,0.125,227.046875,0.5156376706024496,0.4708672481378796
6uav40gu,learned,bootstrap_seed61723_best_u0325,seed61723_u0325,980000,64,64,runs/phase3/main_6uav80gu_bootstrap_auto_ref_multiseed_critic_eager_20260710_173132/seed61723/bootstrap_seed61723/checkpoint_update0325.pt,/home/sgy/workspace/sagin_marl/runs/phase3/diagnostics/diagnostic_6uav_load_transfer_new_multiseed_20260711_142042/formal/6uav40gu/seed980000/bootstrap_seed61723_best_u0325,33.52407868264709,0.4851828808039786,0.4443309739603663,0.4440653369436099,0.00026601987941175895,0.0,10.059130150600256,21.72459964949314,804730402.7275635,14108333.570847638,40066176.587126255,0.0,0.8803375913936213,0.078125,0.078125,237.03125,0.5072670539237949,0.4851829117870293
6uav40gu,baseline,cluster_center_queue_aware,,980000,64,64,,/home/sgy/workspace/sagin_marl/runs/phase3/diagnostics/diagnostic_6uav_load_transfer_new_multiseed_20260711_142042/formal/6uav40gu/seed980000/cluster_center_queue_aware,34.53565564507153,0.5787059889384779,0.3520237256670365,0.3506640656953601,0.0013599196355537435,0.0,10.119363258260753,19.104776043867343,809551709.9047103,12569115.588998249,51130737.95861617,18.463166666666666,0.8097116414948058,0.0625,0.0625,235.765625,0.6030558700038555,0.5787062439151822
6uav40gu,baseline,maxweight_lyapunov,,980000,64,64,,/home/sgy/workspace/sagin_marl/runs/phase3/diagnostics/diagnostic_6uav_load_transfer_new_multiseed_20260711_142042/formal/6uav40gu/seed980000/maxweight_lyapunov,30.884955044835806,0.5081017063570783,0.44391678948233726,0.4438053057919744,0.00011163819858115908,0.0,9.074683889040816,18.68340722924473,725974702.663856,16589341.32275198,10400174.956400443,0.0,0.9955574843251083,0.203125,0.203125,232.484375,0.5150176246356175,0.5081019094428674
6uav40gu,baseline,static_uniform,,980000,64,64,,/home/sgy/workspace/sagin_marl/runs/phase3/diagnostics/diagnostic_6uav_load_transfer_new_multiseed_20260711_142042/formal/6uav40gu/seed980000/static_uniform,28.442654906772077,0.33422691206261534,0.5998886325434984,0.5998889004971873,0.0,0.0,11.978926726177335,42.17957395619527,958314127.0650002,23507321.371234372,3003545.3679999993,0.0,0.48650001757964506,0.015625,0.015625,246.109375,0.3348312262268507,0.33422660988869485
6uav40gu,learned,bootstrap_seed45210_best_u0375,seed45210_u0375,981000,64,64,runs/phase3/main_6uav80gu_bootstrap_auto_ref_multiseed_critic_eager_20260710_173132/seed45210/bootstrap_seed45210/checkpoint_update0375.pt,/home/sgy/workspace/sagin_marl/runs/phase3/diagnostics/diagnostic_6uav_load_transfer_new_multiseed_20260711_142042/formal/6uav40gu/seed981000/bootstrap_seed45210_best_u0375,34.86713486374356,0.5435794276641686,0.3758518249096343,0.3757824133975095,6.959408522340087e-05,0.0,8.301878213353453,15.898693076975645,664155105.3122501,12863773.616881251,24933217.496000014,33.72049999999999,0.9446083365306259,0.046875,0.046875,238.328125,0.567243935072075,0.543580518458828
6uav40gu,learned,bootstrap_seed45211_best_u0375,seed45211_u0375,981000,64,64,runs/phase3/main_6uav80gu_bootstrap_auto_ref_multiseed_critic_eager_20260710_173132/seed45211/bootstrap_seed45211/checkpoint_update0375.pt,/home/sgy/workspace/sagin_marl/runs/phase3/diagnostics/diagnostic_6uav_load_transfer_new_multiseed_20260711_142042/formal/6uav40gu/seed981000/bootstrap_seed45211_best_u0375,32.116819413146004,0.491079162370371,0.4041257285140549,0.40226869538543464,0.0018572755349427856,0.0,10.057126255428704,21.532899487427073,804669247.135324,13379598.786572715,44897690.0418654,688.5821392865664,0.9996874999962747,0.125,0.125,225.84375,0.5359489977419309,0.49108036341690137
6uav40gu,learned,bootstrap_seed61723_best_u0325,seed61723_u0325,981000,64,64,runs/phase3/main_6uav80gu_bootstrap_auto_ref_multiseed_critic_eager_20260710_173132/seed61723/bootstrap_seed61723/checkpoint_update0325.pt,/home/sgy/workspace/sagin_marl/runs/phase3/diagnostics/diagnostic_6uav_load_transfer_new_multiseed_20260711_142042/formal/6uav40gu/seed981000/bootstrap_seed61723_best_u0325,32.41978475416545,0.4869608868779068,0.4111193009126746,0.410298606473403,0.0008207506426038376,0.0,10.71083194796631,22.274336787895027,856866560.3259046,14083093.977604225,48923797.83137254,0.09961111111111111,0.8753110354119252,0.078125,0.078125,231.40625,0.5136277890334007,0.4869614809777647
6uav40gu,baseline,cluster_center_queue_aware,,981000,64,64,,/home/sgy/workspace/sagin_marl/runs/phase3/diagnostics/diagnostic_6uav_load_transfer_new_multiseed_20260711_142042/formal/6uav40gu/seed981000/cluster_center_queue_aware,33.106639199424535,0.5947427894732639,0.31294308375230334,0.3111363001205667,0.0018071852399665679,0.0,10.134731528834369,18.14248044762987,810779242.5854565,12224997.43474443,53629769.31737656,5.065,0.8282038399678922,0.109375,0.109375,225.828125,0.624828505815001,0.5947433544783629
6uav40gu,baseline,maxweight_lyapunov,,981000,64,64,,/home/sgy/workspace/sagin_marl/runs/phase3/diagnostics/diagnostic_6uav_load_transfer_new_multiseed_20260711_142042/formal/6uav40gu/seed981000/maxweight_lyapunov,29.91598566796165,0.5324144000364911,0.39758636391214575,0.3975864717630489,0.0,0.0,9.124957855640949,17.906086805151745,729996619.7507509,16517514.761561325,11549338.200064112,0.0,0.9936455779167406,0.21875,0.21875,224.65625,0.5423407288753879,0.532415068508556
6uav40gu,baseline,static_uniform,,981000,64,64,,/home/sgy/workspace/sagin_marl/runs/phase3/diagnostics/diagnostic_6uav_load_transfer_new_multiseed_20260711_142042/formal/6uav40gu/seed981000/static_uniform,28.114228121354245,0.35301934714103106,0.5637024431785529,0.5633320262743919,0.00037061985348328175,0.0,11.87311795304343,37.20612244676613,949849425.0957501,22819792.491131246,6176287.572000001,0.0,0.48803751792758693,0.046875,0.046875,238.328125,0.3558556200559388,0.35302054795944504
6uav40gu,learned,bootstrap_seed45210_best_u0375,seed45210_u0375,982000,64,64,runs/phase3/main_6uav80gu_bootstrap_auto_ref_multiseed_critic_eager_20260710_173132/seed45210/bootstrap_seed45210/checkpoint_update0375.pt,/home/sgy/workspace/sagin_marl/runs/phase3/diagnostics/diagnostic_6uav_load_transfer_new_multiseed_20260711_142042/formal/6uav40gu/seed982000/bootstrap_seed45210_best_u0375,36.06380197010003,0.5493413471888,0.3985843056910414,0.39756266340554197,0.0010215871896897906,0.0,8.613130346340924,16.801496688951133,689054515.1589626,13526587.154773464,24664488.924295656,28.439722222222226,0.9401039605276669,0.03125,0.03125,247.015625,0.5734341166150676,0.5493414256004701
6uav40gu,learned,bootstrap_seed45211_best_u0375,seed45211_u0375,982000,64,64,runs/phase3/main_6uav80gu_bootstrap_auto_ref_multiseed_critic_eager_20260710_173132/seed45211/bootstrap_seed45211/checkpoint_update0375.pt,/home/sgy/workspace/sagin_marl/runs/phase3/diagnostics/diagnostic_6uav_load_transfer_new_multiseed_20260711_142042/formal/6uav40gu/seed982000/bootstrap_seed45211_best_u0375,31.293492523254827,0.48987654260429725,0.42454991848258394,0.4203918916739984,0.0041581927029301,0.0,9.961057912717152,21.883690456551648,797016540.922211,13994126.86446298,39519924.862877734,916.0909379719527,0.9995020833685995,0.1875,0.1875,220.15625,0.5309924828646033,0.4898766585250399
6uav40gu,learned,bootstrap_seed61723_best_u0325,seed61723_u0325,982000,64,64,runs/phase3/main_6uav80gu_bootstrap_auto_ref_multiseed_critic_eager_20260710_173132/seed61723/bootstrap_seed61723/checkpoint_update0325.pt,/home/sgy/workspace/sagin_marl/runs/phase3/diagnostics/diagnostic_6uav_load_transfer_new_multiseed_20260711_142042/formal/6uav40gu/seed982000/bootstrap_seed61723_best_u0325,33.36706337425858,0.48970842100654693,0.43664433741017533,0.43511529699424456,0.0015292025704741322,0.0,10.924724930799568,23.330041092823514,873978073.7405016,14741308.072364364,47387610.227900326,0.6223333333333333,0.8805955710948178,0.0625,0.0625,239.171875,0.5167638230544854,0.48970863982484697
6uav40gu,baseline,cluster_center_queue_aware,,982000,64,64,,/home/sgy/workspace/sagin_marl/runs/phase3/diagnostics/diagnostic_6uav_load_transfer_new_multiseed_20260711_142042/formal/6uav40gu/seed982000/cluster_center_queue_aware,35.418139796704054,0.5941959803676574,0.3485226717869975,0.34467016372852033,0.003852456104972659,0.0,10.83465720005294,19.81848527102362,866772622.3660753,12969047.491385816,58001777.7265344,0.38961111111111113,0.7996122547139427,0.03125,0.03125,243.796875,0.625178220147632,0.5941960061406911
6uav40gu,baseline,maxweight_lyapunov,,982000,64,64,,/home/sgy/workspace/sagin_marl/runs/phase3/diagnostics/diagnostic_6uav_load_transfer_new_multiseed_20260711_142042/formal/6uav40gu/seed982000/maxweight_lyapunov,30.732844050624408,0.5264545988454783,0.4239805810014763,0.42398050924708125,0.0,0.0,9.350470751431594,18.63064595514729,748037651.192906,17272369.95704693,9523808.816630322,0.0,0.9939918752375232,0.171875,0.171875,232.84375,0.534412465580553,0.5264545380913849
6uav40gu,baseline,static_uniform,,982000,64,64,,/home/sgy/workspace/sagin_marl/runs/phase3/diagnostics/diagnostic_6uav_load_transfer_new_multiseed_20260711_142042/formal/6uav40gu/seed982000/static_uniform,28.655904560699128,0.3310111441276968,0.6102318157864511,0.6102318437492006,0.0,0.0,12.712949934734032,44.23474236958845,1017035983.072,25039938.37907814,2573074.6493333327,0.0,0.4874604344833644,0.0,0.0,250.0,0.33170713425735066,0.33101116252494855
6uav60gu,learned,bootstrap_seed45210_best_u0375,seed45210_u0375,980000,64,64,runs/phase3/main_6uav80gu_bootstrap_auto_ref_multiseed_critic_eager_20260710_173132/seed45210/bootstrap_seed45210/checkpoint_update0375.pt,/home/sgy/workspace/sagin_marl/runs/phase3/diagnostics/diagnostic_6uav_load_transfer_new_multiseed_20260711_142042/formal/6uav60gu/seed980000/bootstrap_seed45210_best_u0375,31.87081526243128,0.4540540601473219,0.46623221923322067,0.46596345781663107,0.00026945438633647635,0.0,10.143360951676762,22.866778911905957,1217751445.0147488,14773390.40311332,55133319.729328126,3806.2662222222225,0.9344171847903305,0.046875,0.046875,241.09375,0.48686853001965574,0.45405476204706763
6uav60gu,learned,bootstrap_seed45211_best_u0375,seed45211_u0375,980000,64,64,runs/phase3/main_6uav80gu_bootstrap_auto_ref_multiseed_critic_eager_20260710_173132/seed45211/bootstrap_seed45211/checkpoint_update0375.pt,/home/sgy/workspace/sagin_marl/runs/phase3/diagnostics/diagnostic_6uav_load_transfer_new_multiseed_20260711_142042/formal/6uav60gu/seed980000/bootstrap_seed45211_best_u0375,31.130222905427217,0.40602750170365326,0.48434386144423497,0.4818568655527889,0.0024878132944761476,0.0,12.412815009856933,31.910334595727097,1490299721.5045404,15240552.996882638,95850776.13299274,5290.866111111111,0.9971020833291113,0.046875,0.046875,239.25,0.4648192714716476,0.4060283612406741
6uav60gu,learned,bootstrap_seed61723_best_u0325,seed61723_u0325,980000,64,64,runs/phase3/main_6uav80gu_bootstrap_auto_ref_multiseed_critic_eager_20260710_173132/seed61723/bootstrap_seed61723/checkpoint_update0325.pt,/home/sgy/workspace/sagin_marl/runs/phase3/diagnostics/diagnostic_6uav_load_transfer_new_multiseed_20260711_142042/formal/6uav60gu/seed980000/bootstrap_seed61723_best_u0325,30.385639289743267,0.42210444715531276,0.4956817748239049,0.49568250206487285,0.0,0.0,11.134920856838528,26.777746817846033,1336234382.967806,16202083.287041388,60677589.65388709,304.5012222222223,0.835278818112,0.0625,0.0625,236.859375,0.44586283497555074,0.4221050814624033
6uav60gu,baseline,cluster_center_queue_aware,,980000,64,64,,/home/sgy/workspace/sagin_marl/runs/phase3/diagnostics/diagnostic_6uav_load_transfer_new_multiseed_20260711_142042/formal/6uav60gu/seed980000/cluster_center_queue_aware,30.7008629378397,0.47436568279969127,0.4217594500173427,0.4210855358021637,0.0006743390550658524,0.0,12.30973967053366,26.665170366026025,1477197633.8051832,14798781.226559216,98206987.02541748,200.26472222222216,0.8088437616676092,0.0625,0.0625,235.3125,0.5122753033860774,0.4743662089322098
6uav60gu,baseline,maxweight_lyapunov,,980000,64,64,,/home/sgy/workspace/sagin_marl/runs/phase3/diagnostics/diagnostic_6uav_load_transfer_new_multiseed_20260711_142042/formal/6uav60gu/seed980000/maxweight_lyapunov,29.10555751877837,0.43834096972292586,0.5015896389384913,0.5015901137633967,0.0,0.0,11.190832574871099,27.288004135378134,1342900612.2116468,20036705.106676366,23449605.689928718,4.662111111111111,0.989493243557111,0.078125,0.078125,241.34375,0.450699410367508,0.43834144989435353
6uav60gu,baseline,static_uniform,,980000,64,64,,/home/sgy/workspace/sagin_marl/runs/phase3/diagnostics/diagnostic_6uav_load_transfer_new_multiseed_20260711_142042/formal/6uav60gu/seed980000/static_uniform,26.384527092217468,0.2703682290692813,0.6545292893278164,0.6545301103233895,0.0,0.0,13.188301153628156,57.03068284986169,1582596176.28425,25902154.45149375,4744484.9026666675,0.0,0.48650001757964506,0.015625,0.015625,246.109375,0.27118475062731073,0.270368719899228
6uav60gu,learned,bootstrap_seed45210_best_u0375,seed45210_u0375,981000,64,64,runs/phase3/main_6uav80gu_bootstrap_auto_ref_multiseed_critic_eager_20260710_173132/seed45210/bootstrap_seed45210/checkpoint_update0375.pt,/home/sgy/workspace/sagin_marl/runs/phase3/diagnostics/diagnostic_6uav_load_transfer_new_multiseed_20260711_142042/formal/6uav60gu/seed981000/bootstrap_seed45210_best_u0375,30.35337510262616,0.4576704725092275,0.4397994649594973,0.43953067102081866,0.000268873358968054,0.0,10.454027760920138,23.227228110937265,1254686772.0701637,15176295.502486845,57317605.13045091,1412.577195402299,0.9361369744540513,0.09375,0.09375,231.3125,0.4911757737250483,0.4576711153769839
6uav60gu,learned,bootstrap_seed45211_best_u0375,seed45211_u0375,981000,64,64,runs/phase3/main_6uav80gu_bootstrap_auto_ref_multiseed_critic_eager_20260710_173132/seed45211/bootstrap_seed45211/checkpoint_update0375.pt,/home/sgy/workspace/sagin_marl/runs/phase3/diagnostics/diagnostic_6uav_load_transfer_new_multiseed_20260711_142042/formal/6uav60gu/seed981000/bootstrap_seed45211_best_u0375,29.296227546874434,0.41195697082896826,0.46029350758277204,0.4586344002335741,0.001658743218264681,0.0,12.579789760633192,31.45559733378524,1510383056.9752452,15351000.876405358,98085792.56549525,5612.841887869522,0.9967541666962206,0.109375,0.109375,226.671875,0.4695379842664795,0.41195742899688553
6uav60gu,learned,bootstrap_seed61723_best_u0325,seed61723_u0325,981000,64,64,runs/phase3/main_6uav80gu_bootstrap_auto_ref_multiseed_critic_eager_20260710_173132/seed61723/bootstrap_seed61723/checkpoint_update0325.pt,/home/sgy/workspace/sagin_marl/runs/phase3/diagnostics/diagnostic_6uav_load_transfer_new_multiseed_20260711_142042/formal/6uav60gu/seed981000/bootstrap_seed61723_best_u0325,28.14387187222019,0.4153468075939854,0.4620261495373203,0.46194255543068946,8.36673879082575e-05,0.0,11.339255815235198,27.205933082086812,1360711904.9509022,16367829.180431813,63106829.76516552,8.1605,0.831714451665629,0.125,0.125,221.328125,0.44120667948774167,0.4153473060303258
6uav60gu,baseline,cluster_center_queue_aware,,981000,64,64,,/home/sgy/workspace/sagin_marl/runs/phase3/diagnostics/diagnostic_6uav_load_transfer_new_multiseed_20260711_142042/formal/6uav60gu/seed981000/cluster_center_queue_aware,30.415963874547742,0.48984507720334425,0.4091422231754806,0.40885876728816434,0.0002832645044844404,0.0,12.60370806465424,26.48690582539064,1512481689.986735,15225131.609423388,99822851.274222,254.7660555555555,0.8114817073677799,0.078125,0.078125,232.96875,0.5269872151209065,0.4898447703476251
6uav60gu,baseline,maxweight_lyapunov,,981000,64,64,,/home/sgy/workspace/sagin_marl/runs/phase3/diagnostics/diagnostic_6uav_load_transfer_new_multiseed_20260711_142042/formal/6uav60gu/seed981000/maxweight_lyapunov,28.241883408860303,0.443888770752149,0.47512130659742696,0.4750634143994822,5.7790319944572816e-05,0.0,11.083514782631243,25.29844366923881,1330022275.7523189,19602287.748949435,25647423.385845218,3.267611111111111,0.9903821251827316,0.109375,0.109375,233.765625,0.45556392024041764,0.44388902167316924
6uav60gu,baseline,static_uniform,,981000,64,64,,/home/sgy/workspace/sagin_marl/runs/phase3/diagnostics/diagnostic_6uav_load_transfer_new_multiseed_20260711_142042/formal/6uav60gu/seed981000/static_uniform,25.915340637555346,0.2890279096064623,0.6149858636241479,0.6149858286428963,0.0,0.0,13.357982583241542,50.20205401701107,1602957948.43275,25793712.58728333,9222532.14,0.0,0.48803751792758693,0.046875,0.046875,238.328125,0.29176994753184704,0.2890285231164371
6uav60gu,learned,bootstrap_seed45210_best_u0375,seed45210_u0375,982000,64,64,runs/phase3/main_6uav80gu_bootstrap_auto_ref_multiseed_critic_eager_20260710_173132/seed45210/bootstrap_seed45210/checkpoint_update0375.pt,/home/sgy/workspace/sagin_marl/runs/phase3/diagnostics/diagnostic_6uav_load_transfer_new_multiseed_20260711_142042/formal/6uav60gu/seed982000/bootstrap_seed45210_best_u0375,32.89100312825758,0.4675291549973189,0.46397300853392426,0.4634397860194075,0.0005335674612280153,0.0,11.010887333046645,24.353081138104198,1321646368.3322504,15516236.195466664,65055389.99866665,2360.1174999999994,0.9351437550634146,0.0,0.0,250.0,0.5046657763078208,0.4675295866916378
6uav60gu,learned,bootstrap_seed45211_best_u0375,seed45211_u0375,982000,64,64,runs/phase3/main_6uav80gu_bootstrap_auto_ref_multiseed_critic_eager_20260710_173132/seed45211/bootstrap_seed45211/checkpoint_update0375.pt,/home/sgy/workspace/sagin_marl/runs/phase3/diagnostics/diagnostic_6uav_load_transfer_new_multiseed_20260711_142042/formal/6uav60gu/seed982000/bootstrap_seed45211_best_u0375,31.092228842782788,0.41516831200769,0.48335506623411617,0.4812439506391877,0.0021116179928300687,0.0,13.226474788562445,33.52450121814495,1587807188.1816807,15658085.269819243,107948649.38167106,4376.221555555556,0.9967166669517757,0.046875,0.046875,239.765625,0.4801222390900582,0.41516878837729626
6uav60gu,learned,bootstrap_seed61723_best_u0325,seed61723_u0325,982000,64,64,runs/phase3/main_6uav80gu_bootstrap_auto_ref_multiseed_critic_eager_20260710_173132/seed61723/bootstrap_seed61723/checkpoint_update0325.pt,/home/sgy/workspace/sagin_marl/runs/phase3/diagnostics/diagnostic_6uav_load_transfer_new_multiseed_20260711_142042/formal/6uav60gu/seed982000/bootstrap_seed61723_best_u0325,30.456622805213556,0.43096588125592605,0.4851553483897096,0.4847530285066578,0.0004027455168499167,0.0,11.881981178233376,28.23506359949111,1425846230.0951912,16792026.52285047,69719363.97275378,58.7115,0.8362691273173076,0.0625,0.0625,238.875,0.45996887541844994,0.4309662949622815
6uav60gu,baseline,cluster_center_queue_aware,,982000,64,64,,/home/sgy/workspace/sagin_marl/runs/phase3/diagnostics/diagnostic_6uav_load_transfer_new_multiseed_20260711_142042/formal/6uav60gu/seed982000/cluster_center_queue_aware,30.777241289732046,0.4885297577191581,0.4268594015678514,0.4257790273419307,0.0010809122775815249,0.0,13.39221688595726,28.1487092313233,1607101963.7117062,15592385.79837247,111920486.25851798,249.30072222222222,0.8009216865771936,0.0625,0.0625,236.734375,0.5305026865990947,0.48853039748520705
6uav60gu,baseline,maxweight_lyapunov,,982000,64,64,,/home/sgy/workspace/sagin_marl/runs/phase3/diagnostics/diagnostic_6uav_load_transfer_new_multiseed_20260711_142042/formal/6uav60gu/seed982000/maxweight_lyapunov,28.79234379681293,0.4436676272585866,0.49491785458031845,0.49491805338827005,0.0,0.0,11.606046451365312,26.713104221768624,1392725607.4874973,20515765.93421671,26963275.175104078,0.0,0.9896314348717782,0.09375,0.09375,239.078125,0.45658362368151584,0.4436679439695435
6uav60gu,baseline,static_uniform,,982000,64,64,,/home/sgy/workspace/sagin_marl/runs/phase3/diagnostics/diagnostic_6uav_load_transfer_new_multiseed_20260711_142042/formal/6uav60gu/seed982000/static_uniform,26.77613361319527,0.2801211833823473,0.6537216902442465,0.6537222339303507,0.0,0.0,14.07204855176434,56.83015724190325,1688645866.7150002,27571631.664270837,5724661.157333331,0.0,0.4874604344833644,0.0,0.0,250.0,0.2816949302565278,0.280121424523003
6uav80gu,learned,bootstrap_seed45210_best_u0375,seed45210_u0375,980000,64,64,runs/phase3/main_6uav80gu_bootstrap_auto_ref_multiseed_critic_eager_20260710_173132/seed45210/bootstrap_seed45210/checkpoint_update0375.pt,/home/sgy/workspace/sagin_marl/runs/phase3/diagnostics/diagnostic_6uav_load_transfer_new_multiseed_20260711_142042/formal/6uav80gu/seed980000/bootstrap_seed45210_best_u0375,30.409933577058837,0.3997574763125741,0.5160064179559561,0.5160067748160346,0.0,0.0,11.499184866763647,29.013733869470652,1841880566.7725003,16298105.755987499,89336849.6706667,13965.340611111107,0.9178375058136882,0.015625,0.015625,246.109375,0.43788814241174634,0.39975769740158373
6uav80gu,learned,bootstrap_seed45211_best_u0375,seed45211_u0375,980000,64,64,runs/phase3/main_6uav80gu_bootstrap_auto_ref_multiseed_critic_eager_20260710_173132/seed45211/bootstrap_seed45211/checkpoint_update0375.pt,/home/sgy/workspace/sagin_marl/runs/phase3/diagnostics/diagnostic_6uav_load_transfer_new_multiseed_20260711_142042/formal/6uav80gu/seed980000/bootstrap_seed45211_best_u0375,29.89572035172023,0.3479697885336355,0.5362125143940205,0.5352136925026929,0.0009991715884804157,0.0,14.530807149209085,43.992430590942504,2326746284.1785007,17043943.371153127,160235607.58800003,12619.22183333334,0.9897604167796672,0.015625,0.015625,246.109375,0.4177233785132607,0.34796998585052713
6uav80gu,learned,bootstrap_seed61723_best_u0325,seed61723_u0325,980000,64,64,runs/phase3/main_6uav80gu_bootstrap_auto_ref_multiseed_critic_eager_20260710_173132/seed61723/bootstrap_seed61723/checkpoint_update0325.pt,/home/sgy/workspace/sagin_marl/runs/phase3/diagnostics/diagnostic_6uav_load_transfer_new_multiseed_20260711_142042/formal/6uav80gu/seed980000/bootstrap_seed61723_best_u0325,28.38370016636327,0.3842215793864242,0.5233810909517557,0.5233104279571372,7.092987215485322e-05,0.0,13.93330591729261,36.78526016847482,2229804295.3112903,19278261.5424156,114511332.89402924,3301.209722222222,0.8309663864164031,0.046875,0.046875,242.90625,0.4197630815626077,0.38422169744712276
6uav80gu,baseline,cluster_center_queue_aware,,980000,64,64,,/home/sgy/workspace/sagin_marl/runs/phase3/diagnostics/diagnostic_6uav_load_transfer_new_multiseed_20260711_142042/formal/6uav80gu/seed980000/cluster_center_queue_aware,29.54856997029856,0.41819173260331355,0.4965479475320683,0.4963777503979294,0.00017076165597785994,0.0,13.814776641864803,33.45077464496172,2210525838.9274487,17047928.097454388,141088331.40080807,1122.2438333333337,0.7786583446543661,0.03125,0.03125,242.921875,0.4584308574729295,0.41819214759497464
6uav80gu,baseline,maxweight_lyapunov,,980000,64,64,,/home/sgy/workspace/sagin_marl/runs/phase3/diagnostics/diagnostic_6uav_load_transfer_new_multiseed_20260711_142042/formal/6uav80gu/seed980000/maxweight_lyapunov,27.924461010028608,0.37509287376263206,0.5588278128574014,0.5588281398681721,0.0,0.0,12.845077400738209,34.64043082127212,2055280462.811824,22678399.38328268,40156734.69539243,472.94244444444445,0.9853583353385331,0.03125,0.03125,246.359375,0.39094690443790536,0.37509302952031226
6uav80gu,baseline,static_uniform,,980000,64,64,,/home/sgy/workspace/sagin_marl/runs/phase3/diagnostics/diagnostic_6uav_load_transfer_new_multiseed_20260711_142042/formal/6uav80gu/seed980000/static_uniform,25.104327888344415,0.23972965969494536,0.6792690912238147,0.6792695432841549,0.0,0.0,14.288176151555033,67.18299166323987,2286108260.2845,28038582.153628122,7170264.427999999,0.7063333333333334,0.48650001757964506,0.015625,0.015625,246.109375,0.2412630545448048,0.23972978672362366
6uav80gu,learned,bootstrap_seed45210_best_u0375,seed45210_u0375,981000,64,64,runs/phase3/main_6uav80gu_bootstrap_auto_ref_multiseed_critic_eager_20260710_173132/seed45210/bootstrap_seed45210/checkpoint_update0375.pt,/home/sgy/workspace/sagin_marl/runs/phase3/diagnostics/diagnostic_6uav_load_transfer_new_multiseed_20260711_142042/formal/6uav80gu/seed981000/bootstrap_seed45210_best_u0375,28.99039913539309,0.398681390275122,0.4862906693221391,0.4861835938095972,0.0001070535725214039,0.0,11.994955642181445,30.2235500666992,1921705128.5234423,16612554.785638222,98364749.46100001,17446.16777777778,0.9220320969772022,0.0625,0.0625,236.046875,0.44043479257282503,0.39868124000309135
6uav80gu,learned,bootstrap_seed45211_best_u0375,seed45211_u0375,981000,64,64,runs/phase3/main_6uav80gu_bootstrap_auto_ref_multiseed_critic_eager_20260710_173132/seed45211/bootstrap_seed45211/checkpoint_update0375.pt,/home/sgy/workspace/sagin_marl/runs/phase3/diagnostics/diagnostic_6uav_load_transfer_new_multiseed_20260711_142042/formal/6uav80gu/seed981000/bootstrap_seed45211_best_u0375,28.898385584470816,0.3578654885240833,0.4990396414699772,0.4975106693509454,0.0015289001277791743,0.0,15.180873699124904,44.39588099671154,2431809099.938501,17127501.707606245,176456604.49733332,19925.948388888886,0.9889791669510304,0.046875,0.046875,238.328125,0.4317238343771935,0.35786535402463165
6uav80gu,learned,bootstrap_seed61723_best_u0325,seed61723_u0325,981000,64,64,runs/phase3/main_6uav80gu_bootstrap_auto_ref_multiseed_critic_eager_20260710_173132/seed61723/bootstrap_seed61723/checkpoint_update0325.pt,/home/sgy/workspace/sagin_marl/runs/phase3/diagnostics/diagnostic_6uav_load_transfer_new_multiseed_20260711_142042/formal/6uav80gu/seed981000/bootstrap_seed61723_best_u0325,27.52178625552915,0.38343882220664877,0.4945973613906914,0.49448638662544303,0.00011090898562541519,0.0,14.41425795784063,37.57479994092803,2307221652.3802633,19814572.666984867,120185905.64378947,6530.600166666665,0.8266455116706266,0.0625,0.0625,237.390625,0.4218305803465617,0.38343868360183414
6uav80gu,baseline,cluster_center_queue_aware,,981000,64,64,,/home/sgy/workspace/sagin_marl/runs/phase3/diagnostics/diagnostic_6uav_load_transfer_new_multiseed_20260711_142042/formal/6uav80gu/seed981000/cluster_center_queue_aware,26.676946133491583,0.4114856808899632,0.45103553786991546,0.45071963788301506,0.000316110106572828,0.0,14.222587328613905,34.394540996446345,2275691679.1266837,17062100.271748964,151774320.71302086,539.8172222222221,0.815899283414393,0.140625,0.140625,219.875,0.45789019181285606,0.4114854774551237
6uav80gu,baseline,maxweight_lyapunov,,981000,64,64,,/home/sgy/workspace/sagin_marl/runs/phase3/diagnostics/diagnostic_6uav_load_transfer_new_multiseed_20260711_142042/formal/6uav80gu/seed981000/maxweight_lyapunov,26.74102207366377,0.3821216701687835,0.5203332880338039,0.5203332139411198,0.0,0.0,13.491413966922154,35.14776227777976,2158654826.3967505,22980070.436946034,53370095.89733208,198.72605555555555,0.9828854184374214,0.078125,0.078125,236.109375,0.40340906010898275,0.3821213474220247
6uav80gu,baseline,static_uniform,,981000,64,64,,/home/sgy/workspace/sagin_marl/runs/phase3/diagnostics/diagnostic_6uav_load_transfer_new_multiseed_20260711_142042/formal/6uav80gu/seed981000/static_uniform,24.59554352820851,0.2515242716784123,0.6440457851741646,0.6440457087126982,0.0,0.0,14.553297623217102,62.09254752651603,2328527592.292,28026943.01835,14395358.554666663,0.0,0.48803751792758693,0.046875,0.046875,238.328125,0.25496171147502766,0.25152414864358064
6uav80gu,learned,bootstrap_seed45210_best_u0375,seed45210_u0375,982000,64,64,runs/phase3/main_6uav80gu_bootstrap_auto_ref_multiseed_critic_eager_20260710_173132/seed45210/bootstrap_seed45210/checkpoint_update0375.pt,/home/sgy/workspace/sagin_marl/runs/phase3/diagnostics/diagnostic_6uav_load_transfer_new_multiseed_20260711_142042/formal/6uav80gu/seed982000/bootstrap_seed45210_best_u0375,30.37082106154412,0.4095944095100694,0.5097168299474218,0.5097131131343593,3.952579993758025e-06,0.0,12.377517520448075,30.813306904617964,1981884509.361706,17078212.63241517,102357628.12213778,10289.784922356097,0.9153124158597117,0.03125,0.03125,246.6875,0.4527750499832364,0.4095945968103654
6uav80gu,learned,bootstrap_seed45211_best_u0375,seed45211_u0375,982000,64,64,runs/phase3/main_6uav80gu_bootstrap_auto_ref_multiseed_critic_eager_20260710_173132/seed45211/bootstrap_seed45211/checkpoint_update0375.pt,/home/sgy/workspace/sagin_marl/runs/phase3/diagnostics/diagnostic_6uav_load_transfer_new_multiseed_20260711_142042/formal/6uav80gu/seed982000/bootstrap_seed45211_best_u0375,29.925453864503652,0.35840921520255514,0.523038646681896,0.5218524841436807,0.0011865849980960436,0.0,15.570530332628634,45.95218195951731,2493184616.3695,17474374.23899375,182222481.088,13192.998055555558,0.9930020835548639,0.015625,0.015625,246.484375,0.43572873298426046,0.35840953913399864
6uav80gu,learned,bootstrap_seed61723_best_u0325,seed61723_u0325,982000,64,64,runs/phase3/main_6uav80gu_bootstrap_auto_ref_multiseed_critic_eager_20260710_173132/seed61723/bootstrap_seed61723/checkpoint_update0325.pt,/home/sgy/workspace/sagin_marl/runs/phase3/diagnostics/diagnostic_6uav_load_transfer_new_multiseed_20260711_142042/formal/6uav80gu/seed982000/bootstrap_seed61723_best_u0325,28.394849284668453,0.3914045209312162,0.5171908473761458,0.5171584989101964,3.268438796022488e-05,0.0,14.856769394736576,38.797719384592945,2377357607.10984,20224607.20657635,126519083.05995537,1906.475111111111,0.8368907071881662,0.03125,0.03125,243.953125,0.4321914213789006,0.39140473517645125
6uav80gu,baseline,cluster_center_queue_aware,,982000,64,64,,/home/sgy/workspace/sagin_marl/runs/phase3/diagnostics/diagnostic_6uav_load_transfer_new_multiseed_20260711_142042/formal/6uav80gu/seed982000/cluster_center_queue_aware,28.709129733382724,0.4227324583368266,0.4846488769835436,0.48464159264460427,7.360305852944935e-06,0.0,15.009470952587423,35.80354835379419,2401582423.3573265,17331537.97603227,169165380.8545856,465.9755555555554,0.8005688823401383,0.0625,0.0625,236.796875,0.47009106045953386,0.42273259297464316
6uav80gu,baseline,maxweight_lyapunov,,982000,64,64,,/home/sgy/workspace/sagin_marl/runs/phase3/diagnostics/diagnostic_6uav_load_transfer_new_multiseed_20260711_142042/formal/6uav80gu/seed982000/maxweight_lyapunov,27.47441658284515,0.38568968793314284,0.5371987452004319,0.5371990104605324,0.0,0.0,13.529902812411796,35.644423538744704,2164866825.5810013,23115524.01767362,52590416.984283224,572.2344119014413,0.9817995489198419,0.078125,0.078125,241.9375,0.40719374694614197,0.3856899241051723
6uav80gu,baseline,static_uniform,,982000,64,64,,/home/sgy/workspace/sagin_marl/runs/phase3/diagnostics/diagnostic_6uav_load_transfer_new_multiseed_20260711_142042/formal/6uav80gu/seed982000/static_uniform,25.50003426184412,0.24529334916826334,0.681590702694274,0.6815911268658152,0.0,0.0,15.216327563941482,69.94738911348584,2434612465.3169994,29488721.3707375,12585778.811999999,0.5786666666666667,0.4874604344833644,0.0,0.0,250.0,0.24808995512893475,0.245293488646108
