sweep,point_index,multiplier,task_arrival_rate_bits_per_gu_slot,task_arrival_rate_mbit_per_gu_slot,b_acc_hz,b_acc_mhz,b_backhaul_per_sat_hz,b_backhaul_per_sat_mhz,sat_cpu_freq_hz,sat_cpu_freq_gbps_equiv,method_id,paper_label,method_family,n_rows,n_training_seeds,n_eval_seed_bases,episodes_per_eval_seed_base,total_episodes,reward_sum_mean,reward_sum_std,processed_ratio_eval_mean,processed_ratio_eval_std,drop_ratio_eval_mean,drop_ratio_eval_std,pre_backlog_steps_eval_mean,pre_backlog_steps_eval_std,D_sys_report_mean,D_sys_report_std,queue_total_mean_mean,queue_total_mean_std,collision_episode_fraction_mean,collision_episode_fraction_std,sat_overlap_eval_mean,sat_overlap_eval_std,episode_length_mean,episode_length_std,arrival_step_mean_mean,arrival_step_mean_std,outflow_arrival_ratio_mean,outflow_arrival_ratio_std
load,1,0.50,1000000.0,1.0,2000000.0,2.0,10000000.0,10.0,50000000000.0,50.0,relcritic,STARS,learned,9,3,3,64.0,576,212.68767099928422,6.556839106547591,0.9945855106101588,0.005008394774164279,0.0025140567132655054,0.0030280427161190945,0.7150343633032242,0.3086407500536369,0.9755014983900241,0.5591437618383897,14300687.10001662,6172814.934657721,0.006944444444444444,0.01135129933213717,0.6030141567116293,0.03223233099275792,248.765625,2.102215860333448,19999991.11739957,56.852403972234335,0.9946008104019438,0.005004239583735257
load,1,0.50,1000000.0,1.0,2000000.0,2.0,10000000.0,10.0,50000000000.0,50.0,globalcritic,STARS-GC,learned,9,3,3,64.0,576,90.06795692624291,89.25716681703155,0.7701998755173751,0.1694434705366369,0.16820837355746476,0.1284933465110556,10.449452605112755,7.252397501228707,30.049961959710064,22.632889903006333,208989049.64526913,145047948.32517484,0.09895833333333333,0.06629126073623882,0.8440425326511078,0.10665684084517381,238.28298611111111,7.809794236307053,20000001.75190868,47.73701580097376,0.7703079061281747,0.16945601471540095
load,1,0.50,1000000.0,1.0,2000000.0,2.0,10000000.0,10.0,50000000000.0,50.0,cluster_center_queue_aware,QCCS,fixed,3,0,3,64.0,192,97.80251186798948,2.164609329656711,0.9906523247867589,0.002948985996811284,0.0068061149647707375,0.0029586076024835095,1.8097946482104212,0.33250429844301665,2.408138264093654,0.5704021564020874,36195892.53218751,6650085.890991952,0.005208333333333333,0.009021097956087902,0.7618333399947738,0.011937640611909257,248.95833333333334,1.8042195912175805,20000008.082375,29.597253376141577,0.9906544117833215,0.0029481812413189997
load,1,0.50,1000000.0,1.0,2000000.0,2.0,10000000.0,10.0,50000000000.0,50.0,maxweight_lyapunov,Lyapunov,fixed,3,0,3,64.0,192,88.93889005226083,5.262002668542815,0.9900653670676209,0.00429692362572403,0.006902881180780848,0.003447025008713995,2.34738516444352,0.7083178115521875,2.9853679086115297,1.03849810633232,46947702.74537499,14166356.066627698,0.0,0.0,0.9987916667386888,0.00038017263548366354,250.0,0.0,20000007.625875,30.369838307806166,0.990064966140504,0.004297100355599054
load,1,0.50,1000000.0,1.0,2000000.0,2.0,10000000.0,10.0,50000000000.0,50.0,queue_aware_bw,QBS,fixed,3,0,3,64.0,192,37.455028228267714,1.2822660196529563,0.7320232166082908,0.027389237024601238,0.17716765418852545,0.024940187156238167,17.38680566447492,1.4458114022765076,30.291625083806665,4.984737328524891,347736109.19135416,28916227.75132439,0.005208333333333333,0.009021097956087902,1.0,0.0,248.703125,2.246253391065888,19999981.072041668,75.95346877606544,0.7417546999129528,0.027726032611699813
load,1,0.50,1000000.0,1.0,2000000.0,2.0,10000000.0,10.0,50000000000.0,50.0,static_uniform,Uniform,fixed,3,0,3,64.0,192,36.84343903123712,0.6498959208588682,0.7067091775353378,0.025761473349922816,0.20936575315345116,0.024243825654980032,16.802397763028566,1.231057022898321,32.32847971854675,5.603278199711849,336047951.1319583,24621140.317753766,0.005208333333333333,0.009021097956087902,0.48287848269101225,0.001331718320960347,248.703125,2.246253391065888,19999981.072041668,75.95346877606544,0.7068148755168769,0.025772389173572375
load,2,0.75,1500000.0,1.5,2000000.0,2.0,10000000.0,10.0,50000000000.0,50.0,relcritic,STARS,learned,9,3,3,64.0,576,138.132897698411,4.4319766925677975,0.9778587848305673,0.010772794574470534,0.015199207856355961,0.007851688877836133,2.0152641389763364,0.3987107087869825,2.7156397704662645,0.778944184683556,60457925.604068264,11961321.532454742,0.006944444444444444,0.013779954745128076,0.5544652109906277,0.045703074153823214,248.40451388888889,3.1696078378067707,29999988.13209922,68.44413439259024,0.9781864092697997,0.01088742027830866
load,2,0.75,1500000.0,1.5,2000000.0,2.0,10000000.0,10.0,50000000000.0,50.0,globalcritic,STARS-GC,learned,9,3,3,64.0,576,67.93109900944789,52.37811522744196,0.7656029117747396,0.15578238383211881,0.19432648577498657,0.13144644136906986,7.894856498601722,4.199939205037553,18.73303408393596,11.898187913745748,236845700.59506297,125998179.13682671,0.08159722222222222,0.06287862743567518,0.8331499865571518,0.11356979610896108,241.60243055555554,7.103530870254087,30000002.492341775,53.86584140020373,0.7659206800905223,0.15579042823892375
load,2,0.75,1500000.0,1.5,2000000.0,2.0,10000000.0,10.0,50000000000.0,50.0,cluster_center_queue_aware,QCCS,fixed,3,0,3,64.0,192,67.98782940530994,0.6694281588996539,0.9644774467709941,0.005514138043051581,0.023672150646480074,0.005893568225188929,3.527996937330386,0.15696999801408565,4.642823916686437,0.3215995613429641,105839910.63754167,4709100.065295564,0.005208333333333333,0.009021097956087902,0.7618333399947738,0.011937640611909257,248.95833333333334,1.8042195912175805,30000009.423916664,36.19822499935643,0.9697139089280782,0.005587159310334129
load,2,0.75,1500000.0,1.5,2000000.0,2.0,10000000.0,10.0,50000000000.0,50.0,maxweight_lyapunov,Lyapunov,fixed,3,0,3,64.0,192,60.728333082476944,1.3157715101809038,0.9451850115393365,0.00957167388272737,0.041822065296245305,0.008617902730476187,5.11998826884752,0.4789999148522651,6.761947277053175,0.9255457924466836,153599651.73595834,14369997.749530846,0.0,0.0,0.9831423621140422,0.000523983496911926,250.0,0.0,30000008.86445833,37.14511695176392,0.9482794691341457,0.0096775509676328
load,2,0.75,1500000.0,1.5,2000000.0,2.0,10000000.0,10.0,50000000000.0,50.0,queue_aware_bw,QBS,fixed,3,0,3,64.0,192,33.97549703981107,0.5766399417324398,0.5809788315071881,0.02471367573621476,0.3244209088489985,0.022669724005181163,17.808937150101997,0.9841249270939059,36.21496310479194,4.352902647550348,534268127.3452917,29523748.573909063,0.005208333333333333,0.009021097956087902,1.0,0.0,248.703125,2.246253391065888,29999976.354291663,92.95535587202787,0.6070326685297209,0.019637470541659634
load,2,0.75,1500000.0,1.5,2000000.0,2.0,10000000.0,10.0,50000000000.0,50.0,static_uniform,Uniform,fixed,3,0,3,64.0,192,34.02369731051537,0.5065719682046024,0.5719022766929119,0.01770435343016395,0.35374874352142294,0.017834644275109352,15.483057186152921,0.6555335561319174,35.729790326034625,4.579598709907749,464491726.5068542,19666007.107206896,0.005208333333333333,0.009021097956087902,0.48287848269101225,0.001331718320960347,248.703125,2.246253391065888,29999976.354291663,92.95535587202787,0.57218660572956,0.017608763998436708
load,3,1.00,2000000.0,2.0,2000000.0,2.0,10000000.0,10.0,50000000000.0,50.0,relcritic,STARS,learned,9,3,3,64.0,576,71.03967188246962,1.5464709201850215,0.9106397460474843,0.013950712090453366,0.07277009162629755,0.012425719024246138,4.462752303307601,0.46609702888766447,6.2869644082950265,0.8204415981742349,178510089.9823755,18643880.93906039,0.005208333333333333,0.0078125,0.5429978207388378,0.04427384888111802,248.89583333333334,1.7302703399234323,39999985.68672421,81.127734091038,0.9111427571233359,0.014060841605492279
load,3,1.00,2000000.0,2.0,2000000.0,2.0,10000000.0,10.0,50000000000.0,50.0,globalcritic,STARS-GC,learned,9,3,3,64.0,576,47.371860947860924,19.63995587824901,0.7253130449843097,0.1366326474798746,0.2375591389587705,0.12119082707338777,7.537831866574487,2.348692385377818,16.18259584091116,7.70148612547122,301513271.1024788,93947694.27768299,0.03298611111111111,0.03355234043418001,0.8279887329033735,0.11933172016766462,244.96527777777777,4.342427419054571,39999997.44494422,65.29897026216595,0.725787170386305,0.13655886434826178
load,3,1.00,2000000.0,2.0,2000000.0,2.0,10000000.0,10.0,50000000000.0,50.0,cluster_center_queue_aware,QCCS,fixed,3,0,3,64.0,192,50.44828254438471,0.335359255179831,0.8932024265182359,0.007021421203577952,0.079441526034458,0.0053306056851333845,6.178708912102767,0.11536641115269991,8.512473941654628,0.3360439341148677,247148353.63220835,4614656.396575903,0.005208333333333333,0.009021097956087902,0.7618333399947738,0.011937640611909257,248.95833333333334,1.8042195912175805,40000011.265083335,41.87003494915618,0.9025490984159038,0.007195365244679377
load,3,1.00,2000000.0,2.0,2000000.0,2.0,10000000.0,10.0,50000000000.0,50.0,maxweight_lyapunov,Lyapunov,fixed,3,0,3,64.0,192,44.65631763163643,0.5582279179665249,0.8452853448087118,0.00719774480941254,0.12417910694608607,0.005775662198460206,7.728779154651954,0.25068373034420927,10.969330898876875,0.6466734387481913,309151162.5816666,10027349.075788308,0.0,0.0,0.9723576405160133,0.00034459068565437137,250.0,0.0,40000010.617416665,42.966102660487735,0.8510054291331328,0.006533216063535436
load,3,1.00,2000000.0,2.0,2000000.0,2.0,10000000.0,10.0,50000000000.0,50.0,queue_aware_bw,QBS,fixed,3,0,3,64.0,192,32.96464970017163,0.462241715190997,0.4740623552009928,0.021570332982378523,0.43751464540674595,0.020260837194267217,16.58910953643926,0.7174540129437901,39.70814979702786,4.256462251285661,663564373.560771,28698160.224306587,0.005208333333333333,0.009021097956087902,1.0,0.0,248.703125,2.246253391065888,39999973.05016667,107.45483522033899,0.5065377001787058,0.015462406096492467
load,3,1.00,2000000.0,2.0,2000000.0,2.0,10000000.0,10.0,50000000000.0,50.0,static_uniform,Uniform,fixed,3,0,3,64.0,192,33.228889282948025,0.46615097654611654,0.47280663133862744,0.014752805203524132,0.4625712588484993,0.015729132757365705,13.613806173820764,0.5883627451413829,37.05277736449977,4.439453284208994,544552240.6469792,23534509.474136535,0.005208333333333333,0.009021097956087902,0.48287848269101225,0.001331718320960347,248.703125,2.246253391065888,39999973.05016667,107.45483522033899,0.47337972635013004,0.014215741526860958
load,4,1.25,2500000.0,2.5,2000000.0,2.0,10000000.0,10.0,50000000000.0,50.0,relcritic,STARS,learned,9,3,3,64.0,576,46.083586645506635,0.5423305271507994,0.8242124936879403,0.012611019692349387,0.1521105397056836,0.010278394067035656,5.7404625996695,0.37596405191194376,8.814289470725615,0.7507475871316825,287023131.63595265,18798202.615646437,0.006944444444444444,0.01135129933213717,0.5529079011380893,0.02945286810393864,248.66493055555554,2.2320123969812036,49999987.14188713,89.68129860763122,0.8257483428499464,0.01250037955397872
load,4,1.25,2500000.0,2.5,2000000.0,2.0,10000000.0,10.0,50000000000.0,50.0,globalcritic,STARS-GC,learned,9,3,3,64.0,576,38.48857952988086,5.974615320689592,0.6703367729096736,0.11131514488601024,0.2922169866886178,0.10094432646949232,7.277249723383682,1.2683527753503896,15.084933889082356,5.274219212494514,363862488.2993375,63417639.1611981,0.05381944444444445,0.04885849749816072,0.8246512272765846,0.12404576816151668,243.22395833333334,5.209174411255108,49999999.74736859,73.29117147433686,0.6710483251994555,0.11121966509659009
load,4,1.25,2500000.0,2.5,2000000.0,2.0,10000000.0,10.0,50000000000.0,50.0,cluster_center_queue_aware,QCCS,fixed,3,0,3,64.0,192,43.208107931966275,0.2693175972365274,0.8043195791117226,0.006617408840128839,0.162151722808578,0.005181454157575093,7.090009239720337,0.1987163027772128,10.572255180985278,0.34617209822918016,354500464.12420833,9935815.199518494,0.005208333333333333,0.009021097956087902,0.7618333399947738,0.011937640611909257,248.95833333333334,1.8042195912175805,50000015.10966666,46.93205001292086,0.814559635913523,0.006567400184022829
load,4,1.25,2500000.0,2.5,2000000.0,2.0,10000000.0,10.0,50000000000.0,50.0,maxweight_lyapunov,Lyapunov,fixed,3,0,3,64.0,192,40.196888230314165,0.5658194189831867,0.7520176318851298,0.006711919049364854,0.2125524490878479,0.005473368703280292,8.204105201427748,0.3133325148662426,12.607399654983308,0.7376399923730659,410205262.573625,15666625.88904262,0.0,0.0,0.9679131962644558,0.0005867028032855812,250.0,0.0,50000014.385416664,48.15823495040604,0.7587269410587857,0.005961147997780778
load,4,1.25,2500000.0,2.5,2000000.0,2.0,10000000.0,10.0,50000000000.0,50.0,queue_aware_bw,QBS,fixed,3,0,3,64.0,192,32.537949333976336,0.418854245865634,0.3981558693470822,0.018795039698627235,0.5230965366287421,0.019556204749486765,14.898002228788723,0.5157568876682965,41.66310962239342,4.184736690996681,744900115.8538749,25787844.38424573,0.005208333333333333,0.009021097956087902,1.0,0.0,248.703125,2.246253391065888,49999972.38966666,120.2595534593448,0.4309609639905522,0.014461996716132021
load,4,1.25,2500000.0,2.5,2000000.0,2.0,10000000.0,10.0,50000000000.0,50.0,static_uniform,Uniform,fixed,3,0,3,64.0,192,32.856725056190044,0.4409179410585579,0.39990062246316427,0.013978119777720857,0.5437093892998954,0.016196975795501688,11.897950173755644,0.441383563529992,37.57685757956234,4.26836309710903,594897511.5127915,22069178.386231028,0.005208333333333333,0.009021097956087902,0.48287848269101225,0.001331718320960347,248.703125,2.246253391065888,49999972.38966666,120.2595534593448,0.4005604769677838,0.013609075693366994
load,5,1.50,3000000.0,3.0,2000000.0,2.0,10000000.0,10.0,50000000000.0,50.0,relcritic,STARS,learned,9,3,3,64.0,576,42.57394482836955,0.46005577940209313,0.7390841864751808,0.011388377530897298,0.2338494180147084,0.008571810623327382,6.214116131337865,0.3080458891639175,10.49526320649741,0.798196884152348,372846976.9055834,18482753.782748125,0.005208333333333333,0.0078125,0.5666209606464468,0.03267531859883324,248.77951388888889,1.841455213280345,59999982.90902777,100.32609530444057,0.7414335020155723,0.01094380376750988
load,5,1.50,3000000.0,3.0,2000000.0,2.0,10000000.0,10.0,50000000000.0,50.0,globalcritic,STARS-GC,learned,9,3,3,64.0,576,37.61473117101317,3.8346190366295825,0.6053307719542461,0.09660689312345705,0.35912841202988544,0.08952290760984313,7.062307908877898,0.8620766311466372,15.592071684561663,4.819431038369602,423738484.63027674,51724598.880946904,0.03298611111111111,0.027559909490256152,0.8220190155152637,0.12906348730780567,244.78645833333334,4.007020511415714,60000003.65799134,65.15630684278096,0.6061592562495431,0.09647307050623063
load,5,1.50,3000000.0,3.0,2000000.0,2.0,10000000.0,10.0,50000000000.0,50.0,cluster_center_queue_aware,QCCS,fixed,3,0,3,64.0,192,41.16555630388515,0.17971201103641773,0.7200759615704884,0.0046974757099940935,0.24515405811893667,0.004351841177903356,7.090972914682081,0.18601019648721837,11.533941844773791,0.24493188597429527,425458384.95762503,11160612.033806669,0.005208333333333333,0.009021097956087902,0.7618333399947738,0.011937640611909257,248.95833333333334,1.8042195912175805,60000012.79,51.21499389800005,0.7303566365102853,0.004964647251468022
load,5,1.50,3000000.0,3.0,2000000.0,2.0,10000000.0,10.0,50000000000.0,50.0,maxweight_lyapunov,Lyapunov,fixed,3,0,3,64.0,192,39.229889218579046,0.49999639818501435,0.6745294763354275,0.006884548583793411,0.29119347435457843,0.006423747557318295,7.778930836714495,0.2199468809926913,13.138330608258336,0.6813310394085221,466735861.3215416,13196813.010802006,0.0,0.0,0.962388890999059,0.0016957850217610192,250.0,0.0,60000011.99841666,52.554481042847456,0.6812566985075256,0.0062993139766869
load,5,1.50,3000000.0,3.0,2000000.0,2.0,10000000.0,10.0,50000000000.0,50.0,queue_aware_bw,QBS,fixed,3,0,3,64.0,192,32.286634361099765,0.39706743584417714,0.34254839471238663,0.016514902669700255,0.5871299752129634,0.01862859405059097,13.357298910835755,0.4076370845360406,42.80493057905448,3.8761178935798997,801437953.715,24458225.645333253,0.005208333333333333,0.009021097956087902,1.0,0.0,248.703125,2.246253391065888,59999965.99741666,131.51815255019682,0.37396255488287555,0.01343886290275501
load,5,1.50,3000000.0,3.0,2000000.0,2.0,10000000.0,10.0,50000000000.0,50.0,static_uniform,Uniform,fixed,3,0,3,64.0,192,32.6323576720121,0.4244027949061533,0.3459523375690915,0.012890071103297231,0.6041692544917446,0.01615417489091907,10.494719156666351,0.3347406408101176,37.79997006596004,4.0889255928542125,629683164.1846665,20084438.99988956,0.005208333333333333,0.009021097956087902,0.48287848269101225,0.001331718320960347,248.703125,2.246253391065888,59999965.99741666,131.51815255019682,0.3465878827863501,0.012624870153004482
load,6,1.75,3500000.0,3.5,2000000.0,2.0,10000000.0,10.0,50000000000.0,50.0,relcritic,STARS,learned,9,3,3,64.0,576,41.18743030148713,0.4341096978088484,0.6622289910432799,0.01085925758262534,0.30859229213143524,0.009240746956668886,6.283270138476226,0.305540026974733,11.858627581461322,1.0165122203123849,439828892.9434625,21387801.098700818,0.008680555555555556,0.008235098073355155,0.5827023856259755,0.03521342718048949,248.15798611111111,1.8362773030692725,69999988.3352804,113.67041349428595,0.6656318302545435,0.010243103728453795
load,6,1.75,3500000.0,3.5,2000000.0,2.0,10000000.0,10.0,50000000000.0,50.0,globalcritic,STARS-GC,learned,9,3,3,64.0,576,37.3632472233407,3.208699682194151,0.5445265275801711,0.08648170449002542,0.4231948645848331,0.07970410544723473,6.654993020175763,0.6001018677511459,16.0104095298241,4.415950615616488,465849494.18506294,42007129.04906189,0.04513888888888889,0.041666666666666664,0.8210915570814036,0.13264018412396422,244.62673611111111,4.328565272933817,70000004.99445648,88.92194286631855,0.5454844326800353,0.08636019490896502
load,6,1.75,3500000.0,3.5,2000000.0,2.0,10000000.0,10.0,50000000000.0,50.0,cluster_center_queue_aware,QCCS,fixed,3,0,3,64.0,192,40.259605698442705,0.1575419692899378,0.6477761131479249,0.0027504243154705633,0.31815346263590766,0.0030596777494070536,6.80344695474518,0.1708879487697247,12.121733340979244,0.22035107345279265,476241268.60264593,11962155.8211385,0.005208333333333333,0.009021097956087902,0.7618333399947738,0.011937640611909257,248.95833333333334,1.8042195912175805,70000014.36033334,55.388390901394814,0.6577894526917135,0.0033394889303534044
load,6,1.75,3500000.0,3.5,2000000.0,2.0,10000000.0,10.0,50000000000.0,50.0,maxweight_lyapunov,Lyapunov,fixed,3,0,3,64.0,192,38.853218684632644,0.4675354250548787,0.6101678935203625,0.006497262459710577,0.3574032048599109,0.006359020174267284,7.238404093775277,0.17150329580224363,13.390932249201459,0.6544774652659893,506688267.2078125,12005230.256533999,0.0,0.0,0.9581076412138838,0.001220232877136001,250.0,0.0,70000013.50066666,56.843049577301564,0.6169578197411307,0.006155470206725122
load,6,1.75,3500000.0,3.5,2000000.0,2.0,10000000.0,10.0,50000000000.0,50.0,queue_aware_bw,QBS,fixed,3,0,3,64.0,192,32.122554137643114,0.3941983343622851,0.3003564577134869,0.014783328927897608,0.6361283070492364,0.017885314943333723,12.060840499586737,0.3118725455875272,43.747890732899315,3.6082372384727663,844258802.8445417,21831077.442548033,0.005208333333333333,0.009021097956087902,1.0,0.0,248.703125,2.246253391065888,69999963.795,142.1648217494522,0.32993119113905267,0.012751924570748613
load,6,1.75,3500000.0,3.5,2000000.0,2.0,10000000.0,10.0,50000000000.0,50.0,static_uniform,Uniform,fixed,3,0,3,64.0,192,32.47339092497714,0.4127537726134355,0.3048779985878306,0.011865082493197272,0.6503161037561378,0.015859160689257593,9.385580058115224,0.2715170615876471,37.97218441203732,3.9865767659601783,656990579.45725,19006193.493560612,0.005208333333333333,0.009021097956087902,0.48287848269101225,0.001331718320960347,248.703125,2.246253391065888,69999963.795,142.1648217494522,0.30550271776863486,0.011681894449283067
load,7,2.00,4000000.0,4.0,2000000.0,2.0,10000000.0,10.0,50000000000.0,50.0,relcritic,STARS,learned,9,3,3,64.0,576,40.56043991165805,0.3941332147390418,0.5980115238378074,0.011440683084236026,0.3740449534091001,0.00934510587578975,6.1370362364318245,0.2990524159887394,12.78286068192385,1.1859576587267724,490962893.01952106,23924193.00520813,0.005208333333333333,0.0078125,0.5927907866711781,0.03700437653769621,248.765625,1.8586691149600163,79999981.02174324,115.94694077746765,0.6017609360344616,0.010371434125970995
load,7,2.00,4000000.0,4.0,2000000.0,2.0,10000000.0,10.0,50000000000.0,50.0,globalcritic,STARS-GC,learned,9,3,3,64.0,576,37.35901822229304,2.6943790891292214,0.49467450934690654,0.075866780074314,0.4760340560389563,0.07145174105246632,6.217733658532322,0.4858545533013369,16.095454091844672,4.329572123868853,497418686.9415366,38868363.96843675,0.036458333333333336,0.04207160005573831,0.8182942236348761,0.13760768682847044,245.46354166666666,5.210269822292676,79999996.1852949,90.76427321211276,0.4959357714000997,0.07565679835216543
load,7,2.00,4000000.0,4.0,2000000.0,2.0,10000000.0,10.0,50000000000.0,50.0,cluster_center_queue_aware,QCCS,fixed,3,0,3,64.0,192,39.72967459536934,0.1451679651071006,0.5867994335601883,0.002167216951650963,0.38076162088531146,0.002589616362345758,6.400398699221512,0.15322663640486806,12.453894056119024,0.21494061228890973,512031889.94741666,12258130.769014467,0.005208333333333333,0.009021097956087902,0.7618333399947738,0.011937640611909257,248.95833333333334,1.8042195912175805,80000015.54316667,59.25540519258987,0.5963381457114655,0.002638566579700837
load,7,2.00,4000000.0,4.0,2000000.0,2.0,10000000.0,10.0,50000000000.0,50.0,maxweight_lyapunov,Lyapunov,fixed,3,0,3,64.0,192,38.609485289819226,0.40745893659627824,0.5552995787390973,0.006137493466800107,0.4144161495899223,0.006389959784656269,6.70361372899202,0.13796468786428026,13.562386274741963,0.5974906589083957,536289092.08925,11037174.813262777,0.0,0.0,0.9552013913604119,0.001212113879174212,250.0,0.0,80000014.6265,60.80657416102916,0.5619014426461493,0.005985188044439901
load,7,2.00,4000000.0,4.0,2000000.0,2.0,10000000.0,10.0,50000000000.0,50.0,queue_aware_bw,QBS,fixed,3,0,3,64.0,192,31.996055331624422,0.38471892983178957,0.26731852908133685,0.013361612124497843,0.6748050913995502,0.017271527931579538,10.97614207123717,0.24298682062303262,44.53298196140801,3.4539839984838805,878091355.4600835,19438945.281319335,0.005208333333333333,0.009021097956087902,1.0,0.0,248.703125,2.246253391065888,79999961.50066666,152.00004667020727,0.29481669158593077,0.012036197635777497
load,7,2.00,4000000.0,4.0,2000000.0,2.0,10000000.0,10.0,50000000000.0,50.0,static_uniform,Uniform,fixed,3,0,3,64.0,192,32.35287099669222,0.4050958536756109,0.27275254586509734,0.010997386798104093,0.6864089812143824,0.015458920710871031,8.493754279297464,0.22477999362884155,38.12397955710938,3.854577063136013,679500334.2157499,17982399.35026782,0.005208333333333333,0.009021097956087902,0.48287848269101225,0.001331718320960347,248.703125,2.246253391065888,79999961.50066666,152.00004667020727,0.2733604877891094,0.01084986788464098
resource,1,0.50,2000000.0,2.0,1000000.0,1.0,5000000.0,5.0,25000000000.0,25.0,relcritic,STARS,learned,9,3,3,64.0,576,36.77543696969386,0.3142870311763598,0.627828296668956,0.011994206151309838,0.32018427668872135,0.009530355885564277,11.220739868899138,0.4155870762199216,22.484461306291664,2.441201306603742,449173201.44062585,16922388.54658551,0.006944444444444444,0.01135129933213717,0.6318269894045584,0.12426519450030919,248.63541666666666,2.123549022089848,39999986.1292783,81.84662289653429,0.6324352392499667,0.011692473015491518
resource,1,0.50,2000000.0,2.0,1000000.0,1.0,5000000.0,5.0,25000000000.0,25.0,globalcritic,STARS-GC,learned,9,3,3,64.0,576,35.28452226696148,1.3779676111635122,0.5460526587651211,0.062229993458515515,0.3988660141612155,0.055487448538182126,12.215781099796011,0.9625540809554096,26.135041866399888,5.191666899597792,488648687.96261996,38516749.840185165,0.013888888888888888,0.01221462437454018,0.806628084887694,0.18240455295070918,248.16840277777777,2.0330337387081636,39999998.59457236,64.58295016935273,0.5463935876795466,0.06222865143013305
resource,1,0.50,2000000.0,2.0,1000000.0,1.0,5000000.0,5.0,25000000000.0,25.0,cluster_center_queue_aware,QCCS,fixed,3,0,3,64.0,192,36.25822711623429,0.07708608857268982,0.6313121160323886,0.0021346422668564093,0.3204849145456839,0.001966102602795316,11.444363331026087,0.17964190199958624,20.273565341397497,0.33983353610841655,457775494.64581245,7186106.903258244,0.005208333333333333,0.009021097956087902,0.838645838474855,0.01727332058207797,248.95833333333334,1.8042195912175805,40000011.265083335,41.87003494915618,0.6313762136545301,0.002144492905381545
resource,1,0.50,2000000.0,2.0,1000000.0,1.0,5000000.0,5.0,25000000000.0,25.0,maxweight_lyapunov,Lyapunov,fixed,3,0,3,64.0,192,35.17283915282072,0.2811279576272851,0.5927139035781536,0.005428119908176695,0.35524369483005375,0.005086204743876257,12.582069977926091,0.252686254834559,23.55704521754446,1.0892709319352831,503282793.21085423,10107450.079825027,0.0,0.0,0.9981319445557892,0.0011040355658322456,250.0,0.0,40000010.617416665,42.966102660487735,0.5927137665291076,0.005428211512010817
resource,1,0.50,2000000.0,2.0,1000000.0,1.0,5000000.0,5.0,25000000000.0,25.0,queue_aware_bw,QBS,fixed,3,0,3,64.0,192,29.851645934356686,0.3568948503038669,0.2911995482810695,0.014951761374458028,0.6132802221626645,0.015209675330151814,18.521834087878464,0.5481005982940637,70.93631314193705,7.254731860562369,740873402.6566459,21923954.54248237,0.005208333333333333,0.009021097956087902,1.0,0.0,248.703125,2.246253391065888,39999973.05016667,107.45483522033899,0.30575243645580474,0.012980453717388082
resource,1,0.50,2000000.0,2.0,1000000.0,1.0,5000000.0,5.0,25000000000.0,25.0,static_uniform,Uniform,fixed,3,0,3,64.0,192,30.095088789006695,0.3624129377692022,0.2881775109334848,0.01215891145511788,0.630987084712228,0.015054251836955667,16.75129250106588,0.4225318580205414,68.81756152469788,6.539577913261606,670051751.5118126,16901244.98341912,0.005208333333333333,0.009021097956087902,0.48287848269101225,0.001331718320960347,248.703125,2.246253391065888,39999973.05016667,107.45483522033899,0.2882231976369008,0.012161740034442387
resource,2,0.75,2000000.0,2.0,1500000.0,1.5,7500000.0,7.5,37500000000.0,37.5,relcritic,STARS,learned,9,3,3,64.0,576,42.60953479583582,0.40223717135501064,0.8073320629256264,0.012010441097053844,0.16107399623178237,0.009944300164180997,7.494421348034251,0.41034573666944046,11.82133070302255,1.1296858886886731,299786855.5490131,16421131.934956014,0.005208333333333333,0.0078125,0.5706561294419366,0.06479639345782164,248.91319444444446,1.719142553025062,39999985.44277824,81.20726707917883,0.8094784861543889,0.012159316368374397
resource,2,0.75,2000000.0,2.0,1500000.0,1.5,7500000.0,7.5,37500000000.0,37.5,globalcritic,STARS-GC,learned,9,3,3,64.0,576,37.73660694464989,3.7219167097158876,0.6932751175060986,0.08333655596480284,0.2622444913054182,0.07341398531416209,9.277193765271047,1.4342155200141078,17.36369685351208,4.923496604818295,371089064.67838657,57369615.613844104,0.036458333333333336,0.024705294220065465,0.81379607536975,0.14125921331231933,245.421875,3.629972007790659,40000001.179904796,64.38207869065708,0.6936667808978224,0.08320308739911415
resource,2,0.75,2000000.0,2.0,1500000.0,1.5,7500000.0,7.5,37500000000.0,37.5,cluster_center_queue_aware,QCCS,fixed,3,0,3,64.0,192,40.84534974896815,0.23112766930091225,0.7981441756295972,0.005799043627329212,0.1672056481630361,0.004375202545672201,8.425093022101091,0.21836598060206802,12.499114276792543,0.4402323326976166,337003968.91066664,8734846.596897954,0.005208333333333333,0.009021097956087902,0.7457500076194602,0.006284211729187505,248.95833333333334,1.8042195912175805,40000011.265083335,41.87003494915618,0.801847629098602,0.0056781781879390175
resource,2,0.75,2000000.0,2.0,1500000.0,1.5,7500000.0,7.5,37500000000.0,37.5,maxweight_lyapunov,Lyapunov,fixed,3,0,3,64.0,192,38.23471241130028,0.490645693501554,0.7456153963092946,0.005627651624926708,0.21524689814237682,0.004901785169658607,9.969077796930604,0.3353789088052904,15.373080669898078,0.8505986430093208,398763107.2495,13415156.126084542,0.0,0.0,0.9706319461663563,0.001095501190512852,250.0,0.0,40000010.617416665,42.966102660487735,0.7460985812509857,0.00536426786796487
resource,2,0.75,2000000.0,2.0,1500000.0,1.5,7500000.0,7.5,37500000000.0,37.5,queue_aware_bw,QBS,fixed,3,0,3,64.0,192,31.50392826957007,0.38843004857645425,0.392152858290472,0.019282179215121712,0.5151931006658829,0.017539806458868303,17.577321342197557,0.7377753579359467,50.374262047327434,5.613797422117444,703092845.5224375,29511013.800827257,0.005208333333333333,0.009021097956087902,1.0,0.0,248.703125,2.246253391065888,39999973.05016667,107.45483522033899,0.4170286104079359,0.014821984847540028
resource,2,0.75,2000000.0,2.0,1500000.0,1.5,7500000.0,7.5,37500000000.0,37.5,static_uniform,Uniform,fixed,3,0,3,64.0,192,31.76949541515205,0.400589054297082,0.38961034277958484,0.013720413090613566,0.5387339874906371,0.015588979637342437,14.99426471913637,0.49365628740038137,47.726763756624116,5.166335312118389,599770581.8610417,19746251.221665554,0.005208333333333333,0.009021097956087902,0.48287848269101225,0.001331718320960347,248.703125,2.246253391065888,39999973.05016667,107.45483522033899,0.3897514333359179,0.013705613088258167
resource,3,1.00,2000000.0,2.0,2000000.0,2.0,10000000.0,10.0,50000000000.0,50.0,relcritic,STARS,learned,9,3,3,64.0,576,71.01977904999836,1.5430070378924927,0.9106334494413153,0.013948404359389741,0.07277142068832505,0.012425886973376068,4.463046903399709,0.4660241552146697,6.28731520082156,0.8202953540441441,178521873.99148166,18640966.004432634,0.005208333333333333,0.0078125,0.5431505985230314,0.044200853013266275,248.89583333333334,1.7302703399234323,39999985.68672421,81.127734091038,0.9111420664693392,0.014059815738728698
resource,3,1.00,2000000.0,2.0,2000000.0,2.0,10000000.0,10.0,50000000000.0,50.0,globalcritic,STARS-GC,learned,9,3,3,64.0,576,47.380671419539595,19.636709055630263,0.7253401909774935,0.13662722954472795,0.23739789237102144,0.12106263684276296,7.544111709101643,2.353535249922285,16.150401957983433,7.682374601976852,301764464.7835994,94141408.88170187,0.034722222222222224,0.03966548492637452,0.827732731356292,0.11898730986078834,244.89756944444446,4.867576925075532,39999997.60611168,63.67507609274701,0.7258007043184662,0.13656514699981645
resource,3,1.00,2000000.0,2.0,2000000.0,2.0,10000000.0,10.0,50000000000.0,50.0,cluster_center_queue_aware,QCCS,fixed,3,0,3,64.0,192,50.44828254438471,0.335359255179831,0.8932024265182359,0.007021421203577952,0.079441526034458,0.0053306056851333845,6.178708912102767,0.11536641115269991,8.512473941654628,0.3360439341148677,247148353.63220835,4614656.396575903,0.005208333333333333,0.009021097956087902,0.7618333399947738,0.011937640611909257,248.95833333333334,1.8042195912175805,40000011.265083335,41.87003494915618,0.9025490984159038,0.007195365244679377
resource,3,1.00,2000000.0,2.0,2000000.0,2.0,10000000.0,10.0,50000000000.0,50.0,maxweight_lyapunov,Lyapunov,fixed,3,0,3,64.0,192,44.65631763163643,0.5582279179665249,0.8452853448087118,0.00719774480941254,0.12417910694608607,0.005775662198460206,7.728779154651954,0.25068373034420927,10.969330898876875,0.6466734387481913,309151162.5816666,10027349.075788308,0.0,0.0,0.9723576405160133,0.00034459068565437137,250.0,0.0,40000010.617416665,42.966102660487735,0.8510054291331328,0.006533216063535436
resource,3,1.00,2000000.0,2.0,2000000.0,2.0,10000000.0,10.0,50000000000.0,50.0,queue_aware_bw,QBS,fixed,3,0,3,64.0,192,32.96464970017163,0.462241715190997,0.4740623552009928,0.021570332982378523,0.43751464540674595,0.020260837194267217,16.58910953643926,0.7174540129437901,39.70814979702786,4.256462251285661,663564373.560771,28698160.224306587,0.005208333333333333,0.009021097956087902,1.0,0.0,248.703125,2.246253391065888,39999973.05016667,107.45483522033899,0.5065377001787058,0.015462406096492467
resource,3,1.00,2000000.0,2.0,2000000.0,2.0,10000000.0,10.0,50000000000.0,50.0,static_uniform,Uniform,fixed,3,0,3,64.0,192,33.228889282948025,0.46615097654611654,0.47280663133862744,0.014752805203524132,0.4625712588484993,0.015729132757365705,13.613806173820764,0.5883627451413829,37.05277736449977,4.439453284208994,544552240.6469792,23534509.474136535,0.005208333333333333,0.009021097956087902,0.48287848269101225,0.001331718320960347,248.703125,2.246253391065888,39999973.05016667,107.45483522033899,0.47337972635013004,0.014215741526860958
resource,4,1.25,2000000.0,2.0,2500000.0,2.5,12500000.0,12.5,62500000000.0,62.5,relcritic,STARS,learned,9,3,3,64.0,576,119.89899476085945,3.636821303538087,0.9613783456009442,0.011164119567784351,0.028966211128705822,0.00992896335404413,2.475542348260702,0.3575471363968207,3.3218980817559554,0.5836676956663626,99021692.77338406,14301885.297642946,0.006944444444444444,0.01135129933213717,0.5642825057887491,0.04007775218681402,248.77430555555554,2.4684546786266965,39999986.06650303,80.65414253261515,0.9633162454707948,0.01187967464142897
resource,4,1.25,2000000.0,2.0,2500000.0,2.5,12500000.0,12.5,62500000000.0,62.5,globalcritic,STARS-GC,learned,9,3,3,64.0,576,59.589998856781875,44.037703482540266,0.6862623720007329,0.20711645628895065,0.271451961778295,0.18359378134223403,7.527734258214191,3.5369651669716724,21.38780516146315,14.379288627772366,301109366.78461224,141478605.01061863,0.109375,0.09043622580304864,0.8434587360414438,0.1078910595963128,237.22048611111111,11.122776299783133,40000006.74825728,67.31688944266492,0.687838547328224,0.20880862438794365
resource,4,1.25,2000000.0,2.0,2500000.0,2.5,12500000.0,12.5,62500000000.0,62.5,cluster_center_queue_aware,QCCS,fixed,3,0,3,64.0,192,62.10727031928642,0.6867861867570549,0.9359765515562612,0.008940509185753849,0.0377064574777364,0.00605334608559099,4.727499718638496,0.2591096430601677,6.240640158509284,0.4653408586295149,189099986.5220833,10364385.635076134,0.005208333333333333,0.009021097956087902,0.7610555620118973,0.003095947040349056,248.95833333333334,1.8042195912175805,40000011.265083335,41.87003494915618,0.9544468174802393,0.0066534908244296085
resource,4,1.25,2000000.0,2.0,2500000.0,2.5,12500000.0,12.5,62500000000.0,62.5,maxweight_lyapunov,Lyapunov,fixed,3,0,3,64.0,192,55.78114741054984,0.6530043097798794,0.9092245831704932,0.009702877893618142,0.06818177489986135,0.008012158851226603,5.725653909729095,0.29097845704967423,7.705352826337835,0.6371011451535349,229026153.6871875,11639138.139957756,0.0,0.0,0.9824618065978094,0.0009803479305325522,250.0,0.0,40000010.617416665,42.966102660487735,0.9199335002663441,0.009192465512604074
resource,4,1.25,2000000.0,2.0,2500000.0,2.5,12500000.0,12.5,62500000000.0,62.5,queue_aware_bw,QBS,fixed,3,0,3,64.0,192,34.40813431143761,0.534353214463471,0.5420099105653353,0.022793203557592803,0.3759514098142097,0.022890115256969743,15.451721657430364,0.6843836502285569,32.81320589751809,3.4162087290901173,618068859.1175417,27375345.658193726,0.005208333333333333,0.009021097956087902,1.0,0.0,248.703125,2.246253391065888,39999973.05016667,107.45483522033899,0.5782800595154665,0.01730986026102136
resource,4,1.25,2000000.0,2.0,2500000.0,2.5,12500000.0,12.5,62500000000.0,62.5,static_uniform,Uniform,fixed,3,0,3,64.0,192,34.61053805600386,0.5361019133132761,0.5404050197293204,0.01703712570069218,0.4006544123642029,0.017245350103052445,12.47875959091983,0.6429371365686362,30.55105475234857,3.9447687929157036,499150377.7360834,25717485.27709415,0.005208333333333333,0.009021097956087902,0.48287848269101225,0.001331718320960347,248.703125,2.246253391065888,39999973.05016667,107.45483522033899,0.5418366237647572,0.01563964089842488
resource,5,1.50,2000000.0,2.0,3000000.0,3.0,15000000.0,15.0,75000000000.0,75.0,relcritic,STARS,learned,9,3,3,64.0,576,166.50229708182937,9.037660536389863,0.9818452144402643,0.007570185818656943,0.012801252802634005,0.005590169948709101,1.2378593596981209,0.2552327191512812,1.664089657763367,0.38098896404161003,49514373.801518396,10209308.639099373,0.006944444444444444,0.015840527422651615,0.58413710273418,0.04881030690249512,248.62326388888889,2.9649692665753067,39999986.59451239,79.27126903268507,0.9837129442887723,0.008170423352048043
resource,5,1.50,2000000.0,2.0,3000000.0,3.0,15000000.0,15.0,75000000000.0,75.0,globalcritic,STARS-GC,learned,9,3,3,64.0,576,71.87912230943847,66.17831709042129,0.6432004156247734,0.25637327071060956,0.3087068281568593,0.22751736495958427,8.013542026922204,4.747430822166589,28.124309578676836,21.523405816333263,320541677.2747132,189897230.6533865,0.1440972222222222,0.11970671806834587,0.8493882159945959,0.10610447979380284,233.77083333333334,13.871817008917983,40000005.11274721,60.980203443784426,0.6456460429284082,0.2595505062090819
resource,5,1.50,2000000.0,2.0,3000000.0,3.0,15000000.0,15.0,75000000000.0,75.0,cluster_center_queue_aware,QCCS,fixed,3,0,3,64.0,192,73.28534745634533,0.8408294795017084,0.9533648693014402,0.006401273376815801,0.02646680720461874,0.005891631492000221,3.352273153084252,0.2214995511584418,4.378396298065525,0.35148313865413144,134090924.55660418,8859981.968303133,0.005208333333333333,0.009021097956087902,0.8014826446138318,0.008292911790483491,248.95833333333334,1.8042195912175805,40000011.265083335,41.87003494915618,0.9715576214344065,0.006140775826982919
resource,5,1.50,2000000.0,2.0,3000000.0,3.0,15000000.0,15.0,75000000000.0,75.0,maxweight_lyapunov,Lyapunov,fixed,3,0,3,64.0,192,68.7528488872728,2.2728178756488524,0.9514532144064237,0.01248289420915286,0.03572254893422201,0.011155411705852773,3.8134778721808718,0.4315563150333467,4.923081187232428,0.7426678974583233,152539113.07506245,17262252.362098522,0.0,0.0,0.9895451395077006,0.0006104498083445555,250.0,0.0,40000010.617416665,42.966102660487735,0.9612145269085193,0.01166533403056929
resource,5,1.50,2000000.0,2.0,3000000.0,3.0,15000000.0,15.0,75000000000.0,75.0,queue_aware_bw,QBS,fixed,3,0,3,64.0,192,35.90974131036395,0.6128460876648301,0.5990294607573498,0.022854626620058813,0.3254524682023984,0.02505010856422055,14.32580751884488,0.5901998626425354,27.875419588257714,2.6035392927251637,573032294.1534792,23607994.068345316,0.005208333333333333,0.009021097956087902,1.0,0.0,248.703125,2.246253391065888,39999973.05016667,107.45483522033899,0.6370970384370253,0.01989721890927241
resource,5,1.50,2000000.0,2.0,3000000.0,3.0,15000000.0,15.0,75000000000.0,75.0,static_uniform,Uniform,fixed,3,0,3,64.0,192,35.9781082070355,0.5843214470724527,0.5961149128742982,0.019706070145403397,0.3502630512440227,0.02005699600568806,11.435790606034915,0.6408967156630614,26.082006921918072,3.6541323370824466,457431618.92139584,25635868.471111577,0.005208333333333333,0.009021097956087902,0.48287848269101225,0.001331718320960347,248.703125,2.246253391065888,39999973.05016667,107.45483522033899,0.5980779265497672,0.018344231090302195
resource,6,2.00,2000000.0,2.0,4000000.0,4.0,20000000.0,20.0,100000000000.0,100.0,relcritic,STARS,learned,9,3,3,64.0,576,203.26980799767705,7.96638134954091,0.9918760134601986,0.004630388449384419,0.0053319603156791835,0.0022947514378767724,0.6131052157724488,0.10384028748365146,0.8200450385262881,0.16697034961705343,24524208.343052045,4153611.447885973,0.006944444444444444,0.01135129933213717,0.6072584008575619,0.07994251879272839,248.8125,1.9777664317592585,39999987.40391522,80.55629814309279,0.9923151732725466,0.00479066804565141
resource,6,2.00,2000000.0,2.0,4000000.0,4.0,20000000.0,20.0,100000000000.0,100.0,globalcritic,STARS-GC,learned,9,3,3,64.0,576,81.99283038172224,85.35138363553631,0.6016740772636348,0.29468786230251043,0.34305209575618384,0.2561621822107011,8.462072302378264,5.706777479819496,35.26368213672351,27.687295358731106,338482888.0768979,228271096.49395457,0.1736111111111111,0.1385357924819832,0.845103191028803,0.09906768571311211,229.16319444444446,16.515588249262695,40000014.22601156,81.06263173550126,0.6027692030530584,0.2959470689190163
resource,6,2.00,2000000.0,2.0,4000000.0,4.0,20000000.0,20.0,100000000000.0,100.0,cluster_center_queue_aware,QCCS,fixed,3,0,3,64.0,192,92.54893865354825,1.816608560884704,0.9761431842942256,0.004362200636589329,0.016658925633411474,0.005728026929677822,1.8538633966417788,0.15032276103443434,2.3940956169100023,0.295796608479859,74154535.00252084,6012910.382574192,0.005208333333333333,0.009021097956087902,0.9918194447147349,0.005633840559595578,248.95833333333334,1.8042195912175805,40000011.265083335,41.87003494915618,0.9807890042126276,0.005378508963146321
resource,6,2.00,2000000.0,2.0,4000000.0,4.0,20000000.0,20.0,100000000000.0,100.0,maxweight_lyapunov,Lyapunov,fixed,3,0,3,64.0,192,86.21012219879776,3.2610585092992554,0.977616763034137,0.00757680369943657,0.018438800556778538,0.007633330117261766,1.9863450040588093,0.36161631213078155,2.553735459633836,0.595872470098292,79453799.23770833,14464652.30051115,0.0,0.0,0.996343750217308,0.00010974638583351354,250.0,0.0,40000010.617416665,42.966102660487735,0.979070782110123,0.008424357688892348
resource,6,2.00,2000000.0,2.0,4000000.0,4.0,20000000.0,20.0,100000000000.0,100.0,queue_aware_bw,QBS,fixed,3,0,3,64.0,192,39.08013870582605,1.1120534172004726,0.6891915079799946,0.02253047166857211,0.24683793783372576,0.02482327639568913,12.361568929096713,0.4373437874405992,21.372174755551477,1.9789956068904728,494462751.3423541,17493751.20611721,0.005208333333333333,0.009021097956087902,1.0,0.0,248.703125,2.246253391065888,39999973.05016667,107.45483522033899,0.7263565393357293,0.02605829321749224
resource,6,2.00,2000000.0,2.0,4000000.0,4.0,20000000.0,20.0,100000000000.0,100.0,static_uniform,Uniform,fixed,3,0,3,64.0,192,39.0216723367727,0.8176647424699843,0.6827245868648557,0.02358604727946532,0.2727949424330665,0.02425168370447485,9.588527114452484,0.6236977409431804,20.00338458273209,3.1826169619224394,383541079.821375,24947909.609755173,0.005208333333333333,0.009021097956087902,0.48287848269101225,0.001331718320960347,248.703125,2.246253391065888,39999973.05016667,107.45483522033899,0.6844173551742757,0.023490806859988427
resource,7,3.00,2000000.0,2.0,6000000.0,6.0,30000000.0,30.0,150000000000.0,150.0,relcritic,STARS,learned,9,3,3,64.0,576,219.91719829487718,7.465952809031028,0.9960881664652401,0.0031589514699327135,0.0015816483218538567,0.0005196880407693212,0.26287506081624623,0.07557440605899582,0.3366144730353138,0.10263959813143926,10515002.300752541,3022976.2057202943,0.013888888888888888,0.018229166666666668,0.7151954653588924,0.10172718245913512,247.63541666666666,3.1943190692863244,39999987.80334482,80.64503423451995,0.9961290701038258,0.003153371416981918
resource,7,3.00,2000000.0,2.0,6000000.0,6.0,30000000.0,30.0,150000000000.0,150.0,globalcritic,STARS-GC,learned,9,3,3,64.0,576,89.7518926117207,98.15890113809517,0.5980089466604709,0.30055609648668624,0.3492189822127977,0.26159898625708383,8.332161135536515,6.041253508028939,38.16088595685736,28.49519487213607,333286441.5329801,241650137.50191712,0.1840277777777778,0.16308821158178308,0.86712046620687,0.08844536514057759,231.08506944444446,17.328297788375565,40000012.52583382,72.65047444818116,0.5983228765536703,0.30047368247932116
resource,7,3.00,2000000.0,2.0,6000000.0,6.0,30000000.0,30.0,150000000000.0,150.0,cluster_center_queue_aware,QCCS,fixed,3,0,3,64.0,192,120.40258499087456,3.946564140978157,0.9886319269700907,0.0036412830852732662,0.009125759997572609,0.004236669338759617,0.9411277555950633,0.15352814727204933,1.2398023018151274,0.2915294540670481,37645109.78654166,6141125.826496122,0.005208333333333333,0.009021097956087902,0.9320347261230147,0.0016417847807252187,248.95833333333334,1.8042195912175805,40000011.265083335,41.87003494915618,0.9892919689702268,0.00407048455009367
resource,7,3.00,2000000.0,2.0,6000000.0,6.0,30000000.0,30.0,150000000000.0,150.0,maxweight_lyapunov,Lyapunov,fixed,3,0,3,64.0,192,114.95953042704302,3.3900691191711356,0.9908436477696523,0.0023760568293541818,0.007493954722132803,0.0024889553977865877,0.9591795070266825,0.18885477863161207,1.2179404469671498,0.27556060225936063,38367179.83225001,7554191.055396906,0.0,0.0,0.9993541667051612,0.0001705281725831073,250.0,0.0,40000010.617416665,42.966102660487735,0.9908583961507871,0.002379121148616485
resource,7,3.00,2000000.0,2.0,6000000.0,6.0,30000000.0,30.0,150000000000.0,150.0,queue_aware_bw,QBS,fixed,3,0,3,64.0,192,48.368547029832065,2.5292611095160114,0.8056383731960475,0.019568278933554253,0.14670503735879314,0.02146405720839091,9.063246447614988,0.5629448475668621,13.976705510267355,1.880524395807716,362529853.55616665,22517793.646021403,0.005208333333333333,0.009021097956087902,1.0,0.0,248.703125,2.246253391065888,39999973.05016667,107.45483522033899,0.8357312569008903,0.02586877196847325
resource,7,3.00,2000000.0,2.0,6000000.0,6.0,30000000.0,30.0,150000000000.0,150.0,static_uniform,Uniform,fixed,3,0,3,64.0,192,50.27296315599233,3.9496481936301637,0.7919583614870596,0.026641847499318243,0.17556142446549466,0.027026417602713775,6.9124886255488,0.6630524720373688,13.2189803144806,2.6921771495044817,276499541.4219792,26522098.77498148,0.005208333333333333,0.009021097956087902,0.48287848269101225,0.001331718320960347,248.703125,2.246253391065888,39999973.05016667,107.45483522033899,0.7933787448858358,0.02692276114855518
