multiplier,baseline,seed_base,episodes,num_envs,config,out_dir,reward_sum,processed_ratio_eval,drop_ratio_eval,gu_drop_ratio,uav_drop_ratio,sat_drop_ratio,pre_backlog_steps_eval,D_sys_report,queue_total_mean,gu_queue_mean,uav_queue_mean,sat_queue_mean,sat_overlap_eval,collision_episode_fraction,terminated_early,episode_length,outflow_arrival_ratio,sat_processed_arrival_ratio
1.0,cluster_center_queue_aware,980000,64,64,/home/sgy/workspace/sagin_marl/runs/phase3/diagnostics/diagnostic_6uav40_density_resource_sweep_baseline_20260711_175223/configs/main_6uav40gu_density_ctrl_resource_x1p0_t250.yaml,/home/sgy/workspace/sagin_marl/runs/phase3/diagnostics/diagnostic_6uav40_density_resource_sweep_baseline_20260711_175223/formal/x1p0/seed980000/cluster_center_queue_aware,36.02474782394711,0.6115649942778801,0.3256382931706672,0.3185765199861603,0.007061987675420273,0.0,11.89231109689627,20.87413316264982,951386654.9350784,12308717.884074247,76506026.95543438,12.346055555555555,0.7468661402661345,0.03125,0.03125,245.9375,0.6585350214038178,0.6115653583762691
1.0,observable_cluster_queue_aware,980000,64,64,/home/sgy/workspace/sagin_marl/runs/phase3/diagnostics/diagnostic_6uav40_density_resource_sweep_baseline_20260711_175223/configs/main_6uav40gu_density_ctrl_resource_x1p0_t250.yaml,/home/sgy/workspace/sagin_marl/runs/phase3/diagnostics/diagnostic_6uav40_density_resource_sweep_baseline_20260711_175223/formal/x1p0/seed980000/observable_cluster_queue_aware,18.567967826034874,0.41136820452305006,0.44750690235567103,0.44750751580143994,0.0,0.0,8.891043008732094,23.64993702266741,711283432.4985769,16998342.277441114,5224956.876567113,0.0,0.8075148814504456,0.671875,0.671875,144.625,0.4183094219295284,0.4113686065855651
1.0,maxweight_lyapunov,980000,64,64,/home/sgy/workspace/sagin_marl/runs/phase3/diagnostics/diagnostic_6uav40_density_resource_sweep_baseline_20260711_175223/configs/main_6uav40gu_density_ctrl_resource_x1p0_t250.yaml,/home/sgy/workspace/sagin_marl/runs/phase3/diagnostics/diagnostic_6uav40_density_resource_sweep_baseline_20260711_175223/formal/x1p0/seed980000/maxweight_lyapunov,32.506687967455946,0.5296195195852652,0.4143747968382244,0.41154872567742745,0.0028263450553065407,0.0,11.037275791997327,21.606841030198332,882982053.4250835,16520715.690863175,37025571.01624956,0.0,0.9901855418842451,0.078125,0.078125,245.328125,0.5543044224806313,0.5296198618879696
1.0,cluster_center_queue_aware,981000,64,64,/home/sgy/workspace/sagin_marl/runs/phase3/diagnostics/diagnostic_6uav40_density_resource_sweep_baseline_20260711_175223/configs/main_6uav40gu_density_ctrl_resource_x1p0_t250.yaml,/home/sgy/workspace/sagin_marl/runs/phase3/diagnostics/diagnostic_6uav40_density_resource_sweep_baseline_20260711_175223/formal/x1p0/seed981000/cluster_center_queue_aware,34.38929447485134,0.6244388721816388,0.29605556879732253,0.28703894514751116,0.009016529197049405,0.0,12.291473176869514,21.04235339533982,983322874.315637,12172384.638345782,82737076.18857647,34.942055555555555,0.7571865988386989,0.078125,0.078125,234.734375,0.6754078184244727,0.6244388301537168
1.0,observable_cluster_queue_aware,981000,64,64,/home/sgy/workspace/sagin_marl/runs/phase3/diagnostics/diagnostic_6uav40_density_resource_sweep_baseline_20260711_175223/configs/main_6uav40gu_density_ctrl_resource_x1p0_t250.yaml,/home/sgy/workspace/sagin_marl/runs/phase3/diagnostics/diagnostic_6uav40_density_resource_sweep_baseline_20260711_175223/formal/x1p0/seed981000/observable_cluster_queue_aware,20.747236597933806,0.43284072745010066,0.4325065656283303,0.4325060351739928,0.0,0.0,9.63643295451688,23.69583733611897,770914627.1143306,17934084.712384343,8925206.434363918,0.0,0.7982477472232846,0.578125,0.578125,162.625,0.4403700717586516,0.43284052290391156
1.0,maxweight_lyapunov,981000,64,64,/home/sgy/workspace/sagin_marl/runs/phase3/diagnostics/diagnostic_6uav40_density_resource_sweep_baseline_20260711_175223/configs/main_6uav40gu_density_ctrl_resource_x1p0_t250.yaml,/home/sgy/workspace/sagin_marl/runs/phase3/diagnostics/diagnostic_6uav40_density_resource_sweep_baseline_20260711_175223/formal/x1p0/seed981000/maxweight_lyapunov,30.702814355841838,0.5418420703965221,0.3890263682799978,0.3876298296952737,0.0013962573980112526,0.0,10.845686942091781,20.893398101716812,867654945.1294616,16663313.498096079,33520400.898711212,0.0,0.9898727900858353,0.203125,0.203125,231.078125,0.5653606271843933,0.541841964530684
1.0,cluster_center_queue_aware,982000,64,64,/home/sgy/workspace/sagin_marl/runs/phase3/diagnostics/diagnostic_6uav40_density_resource_sweep_baseline_20260711_175223/configs/main_6uav40gu_density_ctrl_resource_x1p0_t250.yaml,/home/sgy/workspace/sagin_marl/runs/phase3/diagnostics/diagnostic_6uav40_density_resource_sweep_baseline_20260711_175223/formal/x1p0/seed982000/cluster_center_queue_aware,35.743171247188,0.6270370896614577,0.3043146529703398,0.2952000978812725,0.009114674328620643,0.0,12.477147447871559,21.5674887873431,998173720.7552891,12437936.794878703,83442385.2937778,13.451277777777776,0.7493060541968866,0.03125,0.03125,244.578125,0.6791313725363104,0.6270370530647844
1.0,observable_cluster_queue_aware,982000,64,64,/home/sgy/workspace/sagin_marl/runs/phase3/diagnostics/diagnostic_6uav40_density_resource_sweep_baseline_20260711_175223/configs/main_6uav40gu_density_ctrl_resource_x1p0_t250.yaml,/home/sgy/workspace/sagin_marl/runs/phase3/diagnostics/diagnostic_6uav40_density_resource_sweep_baseline_20260711_175223/formal/x1p0/seed982000/observable_cluster_queue_aware,19.670177120831795,0.4164948229524708,0.442418137844714,0.4424180764790388,0.0,0.0,9.774636520377937,25.37955613861781,781970912.5025462,18572855.463702362,6509448.989367474,0.0,0.8074106823533239,0.609375,0.609375,155.734375,0.42419919538563594,0.41649468905904735
1.0,maxweight_lyapunov,982000,64,64,/home/sgy/workspace/sagin_marl/runs/phase3/diagnostics/diagnostic_6uav40_density_resource_sweep_baseline_20260711_175223/configs/main_6uav40gu_density_ctrl_resource_x1p0_t250.yaml,/home/sgy/workspace/sagin_marl/runs/phase3/diagnostics/diagnostic_6uav40_density_resource_sweep_baseline_20260711_175223/formal/x1p0/seed982000/maxweight_lyapunov,31.412535173119977,0.5371334584066821,0.4034138912353521,0.401835712541898,0.0015782403644947736,0.0,11.073229023261545,21.583199449722027,885858311.7717966,17013235.08322816,34221484.78233139,0.0,0.9907088998565701,0.15625,0.15625,237.96875,0.5601114626154339,0.5371335746810033
1.5,cluster_center_queue_aware,980000,64,64,/home/sgy/workspace/sagin_marl/runs/phase3/diagnostics/diagnostic_6uav40_density_resource_sweep_baseline_20260711_175223/configs/main_6uav40gu_density_ctrl_resource_x1p5_t250.yaml,/home/sgy/workspace/sagin_marl/runs/phase3/diagnostics/diagnostic_6uav40_density_resource_sweep_baseline_20260711_175223/formal/x1p5/seed980000/cluster_center_queue_aware,38.526483520283364,0.7043636651709886,0.23118307012482595,0.1933854823428852,0.03779774760184617,0.0,12.729317084032049,19.40128065237308,1018844776.9488926,9532630.957742149,106173352.72835594,3468.2109444444436,0.9215041691046213,0.03125,0.03125,245.9375,0.7893764741677305,0.7043640589508801
1.5,observable_cluster_queue_aware,980000,64,64,/home/sgy/workspace/sagin_marl/runs/phase3/diagnostics/diagnostic_6uav40_density_resource_sweep_baseline_20260711_175223/configs/main_6uav40gu_density_ctrl_resource_x1p5_t250.yaml,/home/sgy/workspace/sagin_marl/runs/phase3/diagnostics/diagnostic_6uav40_density_resource_sweep_baseline_20260711_175223/formal/x1p5/seed980000/observable_cluster_queue_aware,20.758367022499442,0.5047220433505984,0.36934800646419286,0.3693480262874303,0.0,0.0,7.483701762016246,16.819614751161062,598704495.9000516,13832643.062634619,7565068.563317241,58.06930430072519,0.9699000889950954,0.625,0.625,150.140625,0.5130146932765903,0.5047221028374725
1.5,maxweight_lyapunov,980000,64,64,/home/sgy/workspace/sagin_marl/runs/phase3/diagnostics/diagnostic_6uav40_density_resource_sweep_baseline_20260711_175223/configs/main_6uav40gu_density_ctrl_resource_x1p5_t250.yaml,/home/sgy/workspace/sagin_marl/runs/phase3/diagnostics/diagnostic_6uav40_density_resource_sweep_baseline_20260711_175223/formal/x1p5/seed980000/maxweight_lyapunov,33.43430070672184,0.6153659774360504,0.3316955831364207,0.32267537766553034,0.009020452642555531,0.0,10.142470493707753,17.263985499620084,811417484.6340662,13649443.966690075,44236645.247169964,137.87822677063028,0.9970268236394667,0.125,0.125,239.3125,0.6466554102249248,0.6153664498852071
1.5,cluster_center_queue_aware,981000,64,64,/home/sgy/workspace/sagin_marl/runs/phase3/diagnostics/diagnostic_6uav40_density_resource_sweep_baseline_20260711_175223/configs/main_6uav40gu_density_ctrl_resource_x1p5_t250.yaml,/home/sgy/workspace/sagin_marl/runs/phase3/diagnostics/diagnostic_6uav40_density_resource_sweep_baseline_20260711_175223/formal/x1p5/seed981000/cluster_center_queue_aware,37.112287219730206,0.7272729075108513,0.19830229699686983,0.16540146035649098,0.03290077175809256,0.0,12.022173188151386,17.750828043233977,962676237.9654505,9004479.049468752,100265780.23119482,6266.627833333332,0.9139833376351746,0.078125,0.078125,234.734375,0.8069057164687506,0.727272945243694
1.5,observable_cluster_queue_aware,981000,64,64,/home/sgy/workspace/sagin_marl/runs/phase3/diagnostics/diagnostic_6uav40_density_resource_sweep_baseline_20260711_175223/configs/main_6uav40gu_density_ctrl_resource_x1p5_t250.yaml,/home/sgy/workspace/sagin_marl/runs/phase3/diagnostics/diagnostic_6uav40_density_resource_sweep_baseline_20260711_175223/formal/x1p5/seed981000/observable_cluster_queue_aware,22.901901601348072,0.5390387792620532,0.3563937481519358,0.356302644117172,9.072758125598142e-05,0.0,8.094731769963076,16.63145214384823,647589099.6826919,14842400.843902683,8980416.6686614,73.37324810291078,0.9691283998741763,0.578125,0.578125,168.828125,0.5500525529906433,0.5390389484148116
1.5,maxweight_lyapunov,981000,64,64,/home/sgy/workspace/sagin_marl/runs/phase3/diagnostics/diagnostic_6uav40_density_resource_sweep_baseline_20260711_175223/configs/main_6uav40gu_density_ctrl_resource_x1p5_t250.yaml,/home/sgy/workspace/sagin_marl/runs/phase3/diagnostics/diagnostic_6uav40_density_resource_sweep_baseline_20260711_175223/formal/x1p5/seed981000/maxweight_lyapunov,32.90840324270539,0.6390231155393009,0.2999825464237928,0.2929234309493672,0.007058957268763646,0.0,10.000307835847467,16.41553024617521,800055778.6923342,13483826.13804872,43445261.95495745,216.39722222222218,0.9961411132771819,0.203125,0.203125,233.875,0.6696379547995424,0.6390231153152036
1.5,cluster_center_queue_aware,982000,64,64,/home/sgy/workspace/sagin_marl/runs/phase3/diagnostics/diagnostic_6uav40_density_resource_sweep_baseline_20260711_175223/configs/main_6uav40gu_density_ctrl_resource_x1p5_t250.yaml,/home/sgy/workspace/sagin_marl/runs/phase3/diagnostics/diagnostic_6uav40_density_resource_sweep_baseline_20260711_175223/formal/x1p5/seed982000/cluster_center_queue_aware,38.56646733637899,0.726185468548726,0.20467387234811243,0.16885328236395533,0.035820738431934236,0.0,12.67616730948661,18.851706245437217,1014465558.0733653,9267774.692084096,107230397.61586931,2584.6167396514156,0.913068753967062,0.03125,0.03125,244.578125,0.8134661417375304,0.7261854491788161
1.5,observable_cluster_queue_aware,982000,64,64,/home/sgy/workspace/sagin_marl/runs/phase3/diagnostics/diagnostic_6uav40_density_resource_sweep_baseline_20260711_175223/configs/main_6uav40gu_density_ctrl_resource_x1p5_t250.yaml,/home/sgy/workspace/sagin_marl/runs/phase3/diagnostics/diagnostic_6uav40_density_resource_sweep_baseline_20260711_175223/formal/x1p5/seed982000/observable_cluster_queue_aware,20.224207105813548,0.5129446668134328,0.35468710206254606,0.3546866860090453,0.0,0.0,8.186646896149181,18.347987070601995,654947472.3832865,15215892.083337901,7716010.189972873,109.2214035393929,0.975214658523544,0.640625,0.640625,150.09375,0.5205992401780065,0.5129443397732556
1.5,maxweight_lyapunov,982000,64,64,/home/sgy/workspace/sagin_marl/runs/phase3/diagnostics/diagnostic_6uav40_density_resource_sweep_baseline_20260711_175223/configs/main_6uav40gu_density_ctrl_resource_x1p5_t250.yaml,/home/sgy/workspace/sagin_marl/runs/phase3/diagnostics/diagnostic_6uav40_density_resource_sweep_baseline_20260711_175223/formal/x1p5/seed982000/maxweight_lyapunov,33.34233999776188,0.6331375753262969,0.3103340527327518,0.3028895758254848,0.007444445766700849,0.0,10.206281239653418,17.098402645304347,816553510.8881774,13887863.769709066,43497989.80674807,354.3149444444444,0.99620727126457,0.1875,0.1875,238.65625,0.6642812555553842,0.6331375812663563
2.0,cluster_center_queue_aware,980000,64,64,/home/sgy/workspace/sagin_marl/runs/phase3/diagnostics/diagnostic_6uav40_density_resource_sweep_baseline_20260711_175223/configs/main_6uav40gu_density_ctrl_resource_x2p0_t250.yaml,/home/sgy/workspace/sagin_marl/runs/phase3/diagnostics/diagnostic_6uav40_density_resource_sweep_baseline_20260711_175223/formal/x2p0/seed980000/cluster_center_queue_aware,41.315322724869475,0.7615109695565964,0.17817085200898794,0.10901674180613441,0.06915424041845705,0.0,11.625332704229438,16.90789342647581,935618677.0937724,7167588.1680169385,107220513.12392758,38833.831333333335,0.8995562608074397,0.03125,0.03125,245.9375,0.8788684036225588,0.7615113919050552
2.0,observable_cluster_queue_aware,980000,64,64,/home/sgy/workspace/sagin_marl/runs/phase3/diagnostics/diagnostic_6uav40_density_resource_sweep_baseline_20260711_175223/configs/main_6uav40gu_density_ctrl_resource_x2p0_t250.yaml,/home/sgy/workspace/sagin_marl/runs/phase3/diagnostics/diagnostic_6uav40_density_resource_sweep_baseline_20260711_175223/formal/x2p0/seed980000/observable_cluster_queue_aware,21.933946133358404,0.5856726868635093,0.30957127733164747,0.3095079737409465,6.295322522962903e-05,0.0,7.056678836465197,13.64236951198407,564724201.4608978,12177975.362873944,12902547.630568864,1318.7584875130005,0.9734169518206978,0.59375,0.59375,153.09375,0.5982856402107698,0.585671928810222
2.0,maxweight_lyapunov,980000,64,64,/home/sgy/workspace/sagin_marl/runs/phase3/diagnostics/diagnostic_6uav40_density_resource_sweep_baseline_20260711_175223/configs/main_6uav40gu_density_ctrl_resource_x2p0_t250.yaml,/home/sgy/workspace/sagin_marl/runs/phase3/diagnostics/diagnostic_6uav40_density_resource_sweep_baseline_20260711_175223/formal/x2p0/seed980000/maxweight_lyapunov,35.55001763126347,0.689115406211147,0.26489567238640943,0.24616637736069077,0.018729373689833805,0.0,9.386158716239022,14.53443028401844,751295053.5576962,11680842.189580308,47276500.1240336,2794.202968976498,0.9934448182416457,0.140625,0.140625,242.09375,0.7269723885292128,0.6891158031088932
2.0,cluster_center_queue_aware,981000,64,64,/home/sgy/workspace/sagin_marl/runs/phase3/diagnostics/diagnostic_6uav40_density_resource_sweep_baseline_20260711_175223/configs/main_6uav40gu_density_ctrl_resource_x2p0_t250.yaml,/home/sgy/workspace/sagin_marl/runs/phase3/diagnostics/diagnostic_6uav40_density_resource_sweep_baseline_20260711_175223/formal/x2p0/seed981000/cluster_center_queue_aware,40.0137575562112,0.7857103387055028,0.14880043341035867,0.0912152192590297,0.057585172136120265,0.0,10.780215958574157,15.027894842102574,867427079.7543813,6508773.346905432,100344388.76723373,34790.3671672689,0.8824593700745869,0.078125,0.078125,234.734375,0.8895976282997182,0.7857104291993846
2.0,observable_cluster_queue_aware,981000,64,64,/home/sgy/workspace/sagin_marl/runs/phase3/diagnostics/diagnostic_6uav40_density_resource_sweep_baseline_20260711_175223/configs/main_6uav40gu_density_ctrl_resource_x2p0_t250.yaml,/home/sgy/workspace/sagin_marl/runs/phase3/diagnostics/diagnostic_6uav40_density_resource_sweep_baseline_20260711_175223/formal/x2p0/seed981000/observable_cluster_queue_aware,20.595701681566425,0.6236669170926421,0.26803537898660157,0.2673678630776945,0.0006674179541907219,0.0,7.043904147870359,12.631138958201822,563996936.7787923,11825784.579992041,15080157.016491175,3365.3573206003725,0.9481870080333131,0.640625,0.640625,141.546875,0.6452522512191543,0.6236668680284376
2.0,maxweight_lyapunov,981000,64,64,/home/sgy/workspace/sagin_marl/runs/phase3/diagnostics/diagnostic_6uav40_density_resource_sweep_baseline_20260711_175223/configs/main_6uav40gu_density_ctrl_resource_x2p0_t250.yaml,/home/sgy/workspace/sagin_marl/runs/phase3/diagnostics/diagnostic_6uav40_density_resource_sweep_baseline_20260711_175223/formal/x2p0/seed981000/maxweight_lyapunov,34.77815143472981,0.7134837116121693,0.23632574783226654,0.22374432074708422,0.012581165426541025,0.0,8.61623754570101,13.01347887657258,690083896.4725826,11205084.201121729,40182604.611544825,5450.699461298389,0.9898018642648078,0.203125,0.203125,233.75,0.7466559632346246,0.7134833936138427
2.0,cluster_center_queue_aware,982000,64,64,/home/sgy/workspace/sagin_marl/runs/phase3/diagnostics/diagnostic_6uav40_density_resource_sweep_baseline_20260711_175223/configs/main_6uav40gu_density_ctrl_resource_x2p0_t250.yaml,/home/sgy/workspace/sagin_marl/runs/phase3/diagnostics/diagnostic_6uav40_density_resource_sweep_baseline_20260711_175223/formal/x2p0/seed982000/cluster_center_queue_aware,41.59999784396496,0.7874622674603383,0.15024474876420818,0.0893589925767638,0.06088593067466777,0.0,11.427145740890971,16.03612960330532,917295360.5581188,6630013.862583912,108161849.14954247,21692.44058387799,0.8657666787374766,0.03125,0.03125,244.578125,0.9001772564733546,0.7874621897559845
2.0,observable_cluster_queue_aware,982000,64,64,/home/sgy/workspace/sagin_marl/runs/phase3/diagnostics/diagnostic_6uav40_density_resource_sweep_baseline_20260711_175223/configs/main_6uav40gu_density_ctrl_resource_x2p0_t250.yaml,/home/sgy/workspace/sagin_marl/runs/phase3/diagnostics/diagnostic_6uav40_density_resource_sweep_baseline_20260711_175223/formal/x2p0/seed982000/observable_cluster_queue_aware,22.34917834890075,0.6109170235403336,0.28293607699286377,0.28237879472220606,0.0005572588290533012,0.0,7.663522030011479,14.294520156834038,613481342.1001331,12974972.496697221,15680475.870688668,2774.9088974756605,0.9450669818481353,0.703125,0.703125,156.515625,0.6233190700572306,0.6109165462690107
2.0,maxweight_lyapunov,982000,64,64,/home/sgy/workspace/sagin_marl/runs/phase3/diagnostics/diagnostic_6uav40_density_resource_sweep_baseline_20260711_175223/configs/main_6uav40gu_density_ctrl_resource_x2p0_t250.yaml,/home/sgy/workspace/sagin_marl/runs/phase3/diagnostics/diagnostic_6uav40_density_resource_sweep_baseline_20260711_175223/formal/x2p0/seed982000/maxweight_lyapunov,36.08456755906809,0.7105333895170565,0.24162918192985278,0.2236287460341669,0.018000392797073245,0.0,9.377374172583702,14.315775029389366,750799348.6190019,11457594.3641018,48647691.717940904,4232.107819600005,0.9916907504780236,0.15625,0.15625,244.296875,0.7514161380285305,0.7105334131291324
3.0,cluster_center_queue_aware,980000,64,64,/home/sgy/workspace/sagin_marl/runs/phase3/diagnostics/diagnostic_6uav40_density_resource_sweep_baseline_20260711_175223/configs/main_6uav40gu_density_ctrl_resource_x3p0_t250.yaml,/home/sgy/workspace/sagin_marl/runs/phase3/diagnostics/diagnostic_6uav40_density_resource_sweep_baseline_20260711_175223/formal/x3p0/seed980000/cluster_center_queue_aware,47.42791015736293,0.8224415521648,0.1350297820122415,0.04623039772911106,0.08879948121098899,0.0,8.523340729776967,11.813023772832697,693448882.2009363,3247630.3886445933,91993672.45970589,80427.99842634492,0.7985446856383456,0.03125,0.03125,245.9375,0.9511211124834534,0.8224420051332555
3.0,observable_cluster_queue_aware,980000,64,64,/home/sgy/workspace/sagin_marl/runs/phase3/diagnostics/diagnostic_6uav40_density_resource_sweep_baseline_20260711_175223/configs/main_6uav40gu_density_ctrl_resource_x3p0_t250.yaml,/home/sgy/workspace/sagin_marl/runs/phase3/diagnostics/diagnostic_6uav40_density_resource_sweep_baseline_20260711_175223/formal/x3p0/seed980000/observable_cluster_queue_aware,23.295497733168304,0.6821858973171858,0.20120887910596263,0.19226977914571078,0.008939511109814946,0.0,6.73620914139328,11.628635800509565,542594740.6011385,9382174.130810393,27268293.246388175,25680.664810321738,0.871496266051964,0.609375,0.609375,148.90625,0.7271105519432063,0.6821864236439078
3.0,maxweight_lyapunov,980000,64,64,/home/sgy/workspace/sagin_marl/runs/phase3/diagnostics/diagnostic_6uav40_density_resource_sweep_baseline_20260711_175223/configs/main_6uav40gu_density_ctrl_resource_x3p0_t250.yaml,/home/sgy/workspace/sagin_marl/runs/phase3/diagnostics/diagnostic_6uav40_density_resource_sweep_baseline_20260711_175223/formal/x3p0/seed980000/maxweight_lyapunov,41.74416028056294,0.8007952753245502,0.16925645656569757,0.13114226087685577,0.03811427054392921,0.0,6.9279016648402285,9.741255126125425,557391768.4792349,7529091.041051345,42178080.876474336,21941.956389318868,0.9757451539282981,0.078125,0.078125,245.90625,0.8547063886155419,0.8007957245262578
3.0,cluster_center_queue_aware,981000,64,64,/home/sgy/workspace/sagin_marl/runs/phase3/diagnostics/diagnostic_6uav40_density_resource_sweep_baseline_20260711_175223/configs/main_6uav40gu_density_ctrl_resource_x3p0_t250.yaml,/home/sgy/workspace/sagin_marl/runs/phase3/diagnostics/diagnostic_6uav40_density_resource_sweep_baseline_20260711_175223/formal/x3p0/seed981000/cluster_center_queue_aware,46.0937228432158,0.8527054910962858,0.10292711767311766,0.0405533943856127,0.06237367211356311,0.0,7.796855678785676,10.368847841172002,636453915.4425949,3187285.927242787,82709501.68542242,88232.41919169779,0.808283204407054,0.078125,0.078125,234.734375,0.9514426866376224,0.8527057181464833
3.0,observable_cluster_queue_aware,981000,64,64,/home/sgy/workspace/sagin_marl/runs/phase3/diagnostics/diagnostic_6uav40_density_resource_sweep_baseline_20260711_175223/configs/main_6uav40gu_density_ctrl_resource_x3p0_t250.yaml,/home/sgy/workspace/sagin_marl/runs/phase3/diagnostics/diagnostic_6uav40_density_resource_sweep_baseline_20260711_175223/formal/x3p0/seed981000/observable_cluster_queue_aware,26.11048149014823,0.7386734259687651,0.18676613956061666,0.18181463547264093,0.004951158454320789,0.0,6.628539657510305,10.486075128503174,535417189.0095843,8865582.664953392,29276643.329124533,35652.93389100604,0.8502020711288724,0.59375,0.59375,162.15625,0.7651229310743859,0.7386738370856409
3.0,maxweight_lyapunov,981000,64,64,/home/sgy/workspace/sagin_marl/runs/phase3/diagnostics/diagnostic_6uav40_density_resource_sweep_baseline_20260711_175223/configs/main_6uav40gu_density_ctrl_resource_x3p0_t250.yaml,/home/sgy/workspace/sagin_marl/runs/phase3/diagnostics/diagnostic_6uav40_density_resource_sweep_baseline_20260711_175223/formal/x3p0/seed981000/maxweight_lyapunov,40.22864686185494,0.8194564170930245,0.14464512171569813,0.11928405102805463,0.025360963414154513,0.0,6.545587968725458,9.043981010992947,527424166.387495,7000236.178052596,40606264.05374553,26230.10324039663,0.9726213181737219,0.21875,0.21875,229.96875,0.8645054181617957,0.8194562243246196
3.0,cluster_center_queue_aware,982000,64,64,/home/sgy/workspace/sagin_marl/runs/phase3/diagnostics/diagnostic_6uav40_density_resource_sweep_baseline_20260711_175223/configs/main_6uav40gu_density_ctrl_resource_x3p0_t250.yaml,/home/sgy/workspace/sagin_marl/runs/phase3/diagnostics/diagnostic_6uav40_density_resource_sweep_baseline_20260711_175223/formal/x3p0/seed982000/cluster_center_queue_aware,47.97150701971259,0.833886484497578,0.11966002738110221,0.03469975488236182,0.08496035368663828,0.0,8.566490194927981,12.233762837389747,700190147.7081385,2856819.3039734373,95174405.86996078,103270.41880283227,0.7734503870629796,0.03125,0.03125,244.578125,0.9625312793734315,0.8338865200429771
3.0,observable_cluster_queue_aware,982000,64,64,/home/sgy/workspace/sagin_marl/runs/phase3/diagnostics/diagnostic_6uav40_density_resource_sweep_baseline_20260711_175223/configs/main_6uav40gu_density_ctrl_resource_x3p0_t250.yaml,/home/sgy/workspace/sagin_marl/runs/phase3/diagnostics/diagnostic_6uav40_density_resource_sweep_baseline_20260711_175223/formal/x3p0/seed982000/observable_cluster_queue_aware,25.862704051309265,0.6977831949523369,0.20035635974655872,0.19604934311555489,0.004307000816512778,0.0,6.881699736745624,11.450248251860243,554634209.0091219,9789001.743659811,26495983.789629716,28459.973757713276,0.8462665900692601,0.53125,0.53125,166.921875,0.7235374354688923,0.697782743431432
3.0,maxweight_lyapunov,982000,64,64,/home/sgy/workspace/sagin_marl/runs/phase3/diagnostics/diagnostic_6uav40_density_resource_sweep_baseline_20260711_175223/configs/main_6uav40gu_density_ctrl_resource_x3p0_t250.yaml,/home/sgy/workspace/sagin_marl/runs/phase3/diagnostics/diagnostic_6uav40_density_resource_sweep_baseline_20260711_175223/formal/x3p0/seed982000/maxweight_lyapunov,41.72626205696724,0.814092649312494,0.15153149137210642,0.12168748339331625,0.02984390915077404,0.0,6.816743591863999,9.56865473198541,550376793.9057645,7154247.516874951,43194930.0274756,34981.34121280744,0.9711033679900676,0.078125,0.078125,243.734375,0.8647234672518522,0.8140928179190706
4.0,cluster_center_queue_aware,980000,64,64,/home/sgy/workspace/sagin_marl/runs/phase3/diagnostics/diagnostic_6uav40_density_resource_sweep_baseline_20260711_175223/configs/main_6uav40gu_density_ctrl_resource_x4p0_t250.yaml,/home/sgy/workspace/sagin_marl/runs/phase3/diagnostics/diagnostic_6uav40_density_resource_sweep_baseline_20260711_175223/formal/x4p0/seed980000/cluster_center_queue_aware,53.22330190392677,0.8688604558757874,0.09439186816753678,0.03305869605624817,0.061225800933757527,0.00010750330848095491,6.763984367829272,9.169767951796075,564427136.9666243,2331709.877792645,74641724.64680089,161863.84730147058,0.7620062777808366,0.03125,0.03125,245.9375,0.9651629254317194,0.8688608699406809
4.0,observable_cluster_queue_aware,980000,64,64,/home/sgy/workspace/sagin_marl/runs/phase3/diagnostics/diagnostic_6uav40_density_resource_sweep_baseline_20260711_175223/configs/main_6uav40gu_density_ctrl_resource_x4p0_t250.yaml,/home/sgy/workspace/sagin_marl/runs/phase3/diagnostics/diagnostic_6uav40_density_resource_sweep_baseline_20260711_175223/formal/x4p0/seed980000/observable_cluster_queue_aware,25.843963553896174,0.7564198589094532,0.14635335598491564,0.14089307448219066,0.005460189567207922,0.0,5.66762286609051,8.96828895262352,464123481.811842,7119668.390927171,28103848.07032333,74400.400722836,0.8326200053554742,0.609375,0.609375,151.3125,0.7968478475976946,0.7564192760727518
4.0,maxweight_lyapunov,980000,64,64,/home/sgy/workspace/sagin_marl/runs/phase3/diagnostics/diagnostic_6uav40_density_resource_sweep_baseline_20260711_175223/configs/main_6uav40gu_density_ctrl_resource_x4p0_t250.yaml,/home/sgy/workspace/sagin_marl/runs/phase3/diagnostics/diagnostic_6uav40_density_resource_sweep_baseline_20260711_175223/formal/x4p0/seed980000/maxweight_lyapunov,48.012571391882375,0.8681149046467758,0.10968083867127766,0.07763611281415676,0.032044768767137785,0.0,5.187398135902176,6.9904331036444844,420577345.4158008,4857417.656226227,36782523.311364084,38788.189556609694,0.9638560154688973,0.0625,0.0625,245.53125,0.9159664530251084,0.8681153942148306
4.0,cluster_center_queue_aware,981000,64,64,/home/sgy/workspace/sagin_marl/runs/phase3/diagnostics/diagnostic_6uav40_density_resource_sweep_baseline_20260711_175223/configs/main_6uav40gu_density_ctrl_resource_x4p0_t250.yaml,/home/sgy/workspace/sagin_marl/runs/phase3/diagnostics/diagnostic_6uav40_density_resource_sweep_baseline_20260711_175223/formal/x4p0/seed981000/cluster_center_queue_aware,50.19824177748524,0.8872821680076026,0.075654071145689,0.028298636086210832,0.047355404876552126,0.0,6.465731708085891,8.639638840934422,543155482.9990418,2343351.248218566,70587413.4518314,179839.94756785527,0.7667936680614212,0.078125,0.078125,234.734375,0.9666954466540011,0.8872824509687397
4.0,observable_cluster_queue_aware,981000,64,64,/home/sgy/workspace/sagin_marl/runs/phase3/diagnostics/diagnostic_6uav40_density_resource_sweep_baseline_20260711_175223/configs/main_6uav40gu_density_ctrl_resource_x4p0_t250.yaml,/home/sgy/workspace/sagin_marl/runs/phase3/diagnostics/diagnostic_6uav40_density_resource_sweep_baseline_20260711_175223/formal/x4p0/seed981000/observable_cluster_queue_aware,27.230584406410344,0.7653648047960511,0.14486469284590536,0.14028971414507474,0.004575287851421034,0.0,5.594175554306508,8.5824424689633,463177184.98424727,7042618.246978249,27638218.209034253,108632.95754138593,0.834070750792077,0.59375,0.59375,158.875,0.7984683557421596,0.7653650943752286
4.0,maxweight_lyapunov,981000,64,64,/home/sgy/workspace/sagin_marl/runs/phase3/diagnostics/diagnostic_6uav40_density_resource_sweep_baseline_20260711_175223/configs/main_6uav40gu_density_ctrl_resource_x4p0_t250.yaml,/home/sgy/workspace/sagin_marl/runs/phase3/diagnostics/diagnostic_6uav40_density_resource_sweep_baseline_20260711_175223/formal/x4p0/seed981000/maxweight_lyapunov,43.9309886272531,0.8791402355780301,0.09245416349025011,0.07447700784511563,0.017977124900567604,0.0,4.838893883288112,6.357926530198016,392332378.0962639,5055268.604051641,30816793.686540637,36256.054567317486,0.9656347616238469,0.28125,0.28125,223.4375,0.916170784223571,0.8791402474883451
4.0,cluster_center_queue_aware,982000,64,64,/home/sgy/workspace/sagin_marl/runs/phase3/diagnostics/diagnostic_6uav40_density_resource_sweep_baseline_20260711_175223/configs/main_6uav40gu_density_ctrl_resource_x4p0_t250.yaml,/home/sgy/workspace/sagin_marl/runs/phase3/diagnostics/diagnostic_6uav40_density_resource_sweep_baseline_20260711_175223/formal/x4p0/seed982000/cluster_center_queue_aware,51.82393275783397,0.8652253611830759,0.09560936060788328,0.024763192031086612,0.0708462343643945,0.0,7.151388000868932,10.230293215298905,592530514.3743286,2072168.5756679534,81537381.70588236,141801.95177559915,0.7582822952435225,0.03125,0.03125,244.578125,0.9729798305827327,0.8652254342849556
4.0,observable_cluster_queue_aware,982000,64,64,/home/sgy/workspace/sagin_marl/runs/phase3/diagnostics/diagnostic_6uav40_density_resource_sweep_baseline_20260711_175223/configs/main_6uav40gu_density_ctrl_resource_x4p0_t250.yaml,/home/sgy/workspace/sagin_marl/runs/phase3/diagnostics/diagnostic_6uav40_density_resource_sweep_baseline_20260711_175223/formal/x4p0/seed982000/observable_cluster_queue_aware,29.175949684460647,0.7539857273570296,0.16359796544173608,0.15386534166030133,0.009732355742414775,0.0,6.61994993077526,11.263890074954645,542210907.5998193,8093164.5688158665,34311567.58866379,87603.60482787472,0.8143674954383177,0.515625,0.515625,173.046875,0.7848058409038923,0.7539851506286948
4.0,maxweight_lyapunov,982000,64,64,/home/sgy/workspace/sagin_marl/runs/phase3/diagnostics/diagnostic_6uav40_density_resource_sweep_baseline_20260711_175223/configs/main_6uav40gu_density_ctrl_resource_x4p0_t250.yaml,/home/sgy/workspace/sagin_marl/runs/phase3/diagnostics/diagnostic_6uav40_density_resource_sweep_baseline_20260711_175223/formal/x4p0/seed982000/maxweight_lyapunov,48.428378302254714,0.8806356090447597,0.09649474466046541,0.07053584484739733,0.025958804270893372,0.0,4.994391433969423,6.678249801060391,406494573.3730534,4574809.844472194,36093152.72838904,48217.10621171899,0.9611856446341962,0.15625,0.140625,242.515625,0.9223901336691402,0.8806357280947941
6.0,cluster_center_queue_aware,980000,64,64,/home/sgy/workspace/sagin_marl/runs/phase3/diagnostics/diagnostic_6uav40_density_resource_sweep_baseline_20260711_175223/configs/main_6uav40gu_density_ctrl_resource_x6p0_t250.yaml,/home/sgy/workspace/sagin_marl/runs/phase3/diagnostics/diagnostic_6uav40_density_resource_sweep_baseline_20260711_175223/formal/x6p0/seed980000/cluster_center_queue_aware,60.307217101799324,0.9024434580367849,0.06659038882892189,0.020937920870992104,0.045641207935261545,1.1324120418611347e-05,5.4185738794790765,7.859776683773238,478306459.653885,1644887.4840075723,61281734.30937557,311253.84932472336,0.7233156367707195,0.03125,0.03125,245.9375,0.9776092584572231,0.9024439551131633
6.0,observable_cluster_queue_aware,980000,64,64,/home/sgy/workspace/sagin_marl/runs/phase3/diagnostics/diagnostic_6uav40_density_resource_sweep_baseline_20260711_175223/configs/main_6uav40gu_density_ctrl_resource_x6p0_t250.yaml,/home/sgy/workspace/sagin_marl/runs/phase3/diagnostics/diagnostic_6uav40_density_resource_sweep_baseline_20260711_175223/formal/x6p0/seed980000/observable_cluster_queue_aware,25.269933924428187,0.7971021803003069,0.10533560357762813,0.09450119990887175,0.01083437620114338,0.0,4.676106942978028,7.789279589613094,395972450.9787382,4917933.641400919,29561867.578717306,151971.52703633424,0.80080760260223,0.71875,0.703125,131.09375,0.8512877437106102,0.7971022227012184
6.0,maxweight_lyapunov,980000,64,64,/home/sgy/workspace/sagin_marl/runs/phase3/diagnostics/diagnostic_6uav40_density_resource_sweep_baseline_20260711_175223/configs/main_6uav40gu_density_ctrl_resource_x6p0_t250.yaml,/home/sgy/workspace/sagin_marl/runs/phase3/diagnostics/diagnostic_6uav40_density_resource_sweep_baseline_20260711_175223/formal/x6p0/seed980000/maxweight_lyapunov,57.054181542247534,0.9256483003582242,0.059458535924462964,0.044710868049976336,0.014747715307958383,0.0,3.5394146723115383,4.551059592661133,290858938.9769882,3038894.121291649,26932900.9517593,53512.28093327189,0.9620073850502697,0.09375,0.09375,243.046875,0.9513895508616035,0.9256485645941834
6.0,cluster_center_queue_aware,981000,64,64,/home/sgy/workspace/sagin_marl/runs/phase3/diagnostics/diagnostic_6uav40_density_resource_sweep_baseline_20260711_175223/configs/main_6uav40gu_density_ctrl_resource_x6p0_t250.yaml,/home/sgy/workspace/sagin_marl/runs/phase3/diagnostics/diagnostic_6uav40_density_resource_sweep_baseline_20260711_175223/formal/x6p0/seed981000/cluster_center_queue_aware,58.46275270788465,0.9109029702868421,0.05401279509334292,0.016104084785477507,0.03784512325072019,6.353885606412134e-05,4.848557368190571,7.244216016622796,437005188.1943496,1677465.9264716657,53464324.57706347,341115.3029304745,0.7271697452744124,0.078125,0.078125,234.734375,0.9808204555123473,0.9109032595632859
6.0,observable_cluster_queue_aware,981000,64,64,/home/sgy/workspace/sagin_marl/runs/phase3/diagnostics/diagnostic_6uav40_density_resource_sweep_baseline_20260711_175223/configs/main_6uav40gu_density_ctrl_resource_x6p0_t250.yaml,/home/sgy/workspace/sagin_marl/runs/phase3/diagnostics/diagnostic_6uav40_density_resource_sweep_baseline_20260711_175223/formal/x6p0/seed981000/observable_cluster_queue_aware,30.58328166580759,0.8359342287817816,0.09234011360101803,0.08257810453883854,0.00957631115479295,0.00018559781151619904,5.0192691815762185,7.550050904511199,432779486.23370785,4857490.799935245,34540316.268328935,216930.25285582792,0.7685840949749542,0.625,0.625,157.890625,0.8895435566754275,0.8359337802101312
6.0,maxweight_lyapunov,981000,64,64,/home/sgy/workspace/sagin_marl/runs/phase3/diagnostics/diagnostic_6uav40_density_resource_sweep_baseline_20260711_175223/configs/main_6uav40gu_density_ctrl_resource_x6p0_t250.yaml,/home/sgy/workspace/sagin_marl/runs/phase3/diagnostics/diagnostic_6uav40_density_resource_sweep_baseline_20260711_175223/formal/x6p0/seed981000/maxweight_lyapunov,52.885062471963465,0.9373349135448656,0.04229877402291941,0.03204248341870781,0.010256277927337326,0.0,3.1647608614565645,3.9480310492516995,260543928.05171263,2962997.655648117,22443493.28998112,51132.37658359829,0.96410074611454,0.296875,0.296875,219.71875,0.9638613037081006,0.9373345762686194
6.0,cluster_center_queue_aware,982000,64,64,/home/sgy/workspace/sagin_marl/runs/phase3/diagnostics/diagnostic_6uav40_density_resource_sweep_baseline_20260711_175223/configs/main_6uav40gu_density_ctrl_resource_x6p0_t250.yaml,/home/sgy/workspace/sagin_marl/runs/phase3/diagnostics/diagnostic_6uav40_density_resource_sweep_baseline_20260711_175223/formal/x6p0/seed982000/cluster_center_queue_aware,59.7629730750341,0.9096025899133515,0.05802542948575812,0.015823369416418404,0.04220209154906878,0.0,5.3168367956969345,7.739631644937381,474849424.20747054,1512554.661357138,60807458.72990851,343767.2606013072,0.7331735161728792,0.03125,0.03125,244.578125,0.9822744338123929,0.9096026739600453
6.0,observable_cluster_queue_aware,982000,64,64,/home/sgy/workspace/sagin_marl/runs/phase3/diagnostics/diagnostic_6uav40_density_resource_sweep_baseline_20260711_175223/configs/main_6uav40gu_density_ctrl_resource_x6p0_t250.yaml,/home/sgy/workspace/sagin_marl/runs/phase3/diagnostics/diagnostic_6uav40_density_resource_sweep_baseline_20260711_175223/formal/x6p0/seed982000/observable_cluster_queue_aware,33.17164485936519,0.8219301432908364,0.10284211997630546,0.08164750046829182,0.021194497598172293,0.0,5.850285499791558,9.445828078196104,498355938.4021709,5221774.291704651,43191977.153571315,210646.55571597148,0.771671101750906,0.546875,0.546875,174.0,0.8813735582012375,0.821929632497743
6.0,maxweight_lyapunov,982000,64,64,/home/sgy/workspace/sagin_marl/runs/phase3/diagnostics/diagnostic_6uav40_density_resource_sweep_baseline_20260711_175223/configs/main_6uav40gu_density_ctrl_resource_x6p0_t250.yaml,/home/sgy/workspace/sagin_marl/runs/phase3/diagnostics/diagnostic_6uav40_density_resource_sweep_baseline_20260711_175223/formal/x6p0/seed982000/maxweight_lyapunov,55.90017613139935,0.9295179043386281,0.051623019208945735,0.03829882945552074,0.013324170644096342,0.0,3.32081569952248,4.269162891193961,273459645.7801317,2864210.4817067273,25182805.612335213,54127.72802415991,0.9638661742906275,0.1875,0.1875,233.8125,0.9562701085322918,0.9295176790532048
8.0,cluster_center_queue_aware,980000,64,64,/home/sgy/workspace/sagin_marl/runs/phase3/diagnostics/diagnostic_6uav40_density_resource_sweep_baseline_20260711_175223/configs/main_6uav40gu_density_ctrl_resource_x8p0_t250.yaml,/home/sgy/workspace/sagin_marl/runs/phase3/diagnostics/diagnostic_6uav40_density_resource_sweep_baseline_20260711_175223/formal/x8p0/seed980000/cluster_center_queue_aware,67.24252961738966,0.925229796602984,0.04851814566275303,0.01483367612593283,0.03349075060857471,0.00019374488200865034,4.250989846470194,6.665581284812426,412103163.64145887,1303087.4012971455,47992614.59997285,500166.52771819994,0.7430449792068805,0.03125,0.03125,245.9375,0.9837597527446725,0.9252303269008804
8.0,observable_cluster_queue_aware,980000,64,64,/home/sgy/workspace/sagin_marl/runs/phase3/diagnostics/diagnostic_6uav40_density_resource_sweep_baseline_20260711_175223/configs/main_6uav40gu_density_ctrl_resource_x8p0_t250.yaml,/home/sgy/workspace/sagin_marl/runs/phase3/diagnostics/diagnostic_6uav40_density_resource_sweep_baseline_20260711_175223/formal/x8p0/seed980000/observable_cluster_queue_aware,32.975630287779495,0.8339137954199811,0.08269088953755788,0.06929903989340215,0.01311257367845691,0.0002794768873464619,4.145413515734051,7.011982289190677,382710847.49129903,3990293.225620604,28670224.724857394,354706.73571032495,0.7833889255327142,0.625,0.609375,157.0625,0.8928596600946113,0.8339146691918052
8.0,maxweight_lyapunov,980000,64,64,/home/sgy/workspace/sagin_marl/runs/phase3/diagnostics/diagnostic_6uav40_density_resource_sweep_baseline_20260711_175223/configs/main_6uav40gu_density_ctrl_resource_x8p0_t250.yaml,/home/sgy/workspace/sagin_marl/runs/phase3/diagnostics/diagnostic_6uav40_density_resource_sweep_baseline_20260711_175223/formal/x8p0/seed980000/maxweight_lyapunov,64.62916128220968,0.9501574649617438,0.03813644337804261,0.0314442014280935,0.006692300777402659,0.0,2.562950851066636,3.225505991360406,213245504.35157385,2275762.4775725575,19000927.77375228,57009.99004139959,0.9657759781290804,0.125,0.125,237.90625,0.9651721809757242,0.9501579273106426
8.0,cluster_center_queue_aware,981000,64,64,/home/sgy/workspace/sagin_marl/runs/phase3/diagnostics/diagnostic_6uav40_density_resource_sweep_baseline_20260711_175223/configs/main_6uav40gu_density_ctrl_resource_x8p0_t250.yaml,/home/sgy/workspace/sagin_marl/runs/phase3/diagnostics/diagnostic_6uav40_density_resource_sweep_baseline_20260711_175223/formal/x8p0/seed981000/cluster_center_queue_aware,65.78567692637444,0.934264092721111,0.03487801291070823,0.009795808855578994,0.024799163360255227,0.0002830254055616092,3.670038801032169,5.898397428614702,365994444.1446523,1304818.6231769423,40235059.26789284,502717.66361340653,0.7627145787966515,0.078125,0.078125,234.734375,0.9876114843424315,0.9342643874869412
8.0,observable_cluster_queue_aware,981000,64,64,/home/sgy/workspace/sagin_marl/runs/phase3/diagnostics/diagnostic_6uav40_density_resource_sweep_baseline_20260711_175223/configs/main_6uav40gu_density_ctrl_resource_x8p0_t250.yaml,/home/sgy/workspace/sagin_marl/runs/phase3/diagnostics/diagnostic_6uav40_density_resource_sweep_baseline_20260711_175223/formal/x8p0/seed981000/observable_cluster_queue_aware,34.27695128810592,0.8495930014103427,0.08815696602066941,0.07099964910856739,0.016986690350062207,0.0001703651834333199,4.656859264682101,8.254628397022108,423441750.4430755,3786262.4436999634,36849706.516064726,353423.7054810543,0.7678386475811979,0.5625,0.5625,164.03125,0.9106435836377295,0.8495903804170515
8.0,maxweight_lyapunov,981000,64,64,/home/sgy/workspace/sagin_marl/runs/phase3/diagnostics/diagnostic_6uav40_density_resource_sweep_baseline_20260711_175223/configs/main_6uav40gu_density_ctrl_resource_x8p0_t250.yaml,/home/sgy/workspace/sagin_marl/runs/phase3/diagnostics/diagnostic_6uav40_density_resource_sweep_baseline_20260711_175223/formal/x8p0/seed981000/maxweight_lyapunov,62.172685154597275,0.9616131247798433,0.025617534975258285,0.020287288758385712,0.005330268985751328,0.0,2.2060270042592682,2.7064323489214392,183977453.38400322,2027327.3054856951,15898177.688967507,52050.66040934279,0.9669647563104841,0.25,0.25,222.375,0.9761754130016211,0.9616137356664045
8.0,cluster_center_queue_aware,982000,64,64,/home/sgy/workspace/sagin_marl/runs/phase3/diagnostics/diagnostic_6uav40_density_resource_sweep_baseline_20260711_175223/configs/main_6uav40gu_density_ctrl_resource_x8p0_t250.yaml,/home/sgy/workspace/sagin_marl/runs/phase3/diagnostics/diagnostic_6uav40_density_resource_sweep_baseline_20260711_175223/formal/x8p0/seed982000/cluster_center_queue_aware,70.00129930954427,0.9326832790437253,0.03935679426114812,0.011459332825035397,0.027419021419212593,0.0004785277102106034,3.8210707970434212,6.618573348815385,397368934.45814455,1207508.6184742032,42897552.58031374,636689.4052668846,0.7506971694905241,0.03125,0.03125,244.578125,0.9868611584360377,0.9326832957789738
8.0,observable_cluster_queue_aware,982000,64,64,/home/sgy/workspace/sagin_marl/runs/phase3/diagnostics/diagnostic_6uav40_density_resource_sweep_baseline_20260711_175223/configs/main_6uav40gu_density_ctrl_resource_x8p0_t250.yaml,/home/sgy/workspace/sagin_marl/runs/phase3/diagnostics/diagnostic_6uav40_density_resource_sweep_baseline_20260711_175223/formal/x8p0/seed982000/observable_cluster_queue_aware,34.281690212897956,0.8486823567232102,0.06690280413136224,0.0564310459065928,0.010471637856390105,0.0,4.065388813282954,8.119677055823852,396069012.2898035,4085037.441176727,26971600.58420431,491929.93745571293,0.7819296578110035,0.625,0.609375,159.34375,0.904042411216288,0.8486805402420343
8.0,maxweight_lyapunov,982000,64,64,/home/sgy/workspace/sagin_marl/runs/phase3/diagnostics/diagnostic_6uav40_density_resource_sweep_baseline_20260711_175223/configs/main_6uav40gu_density_ctrl_resource_x8p0_t250.yaml,/home/sgy/workspace/sagin_marl/runs/phase3/diagnostics/diagnostic_6uav40_density_resource_sweep_baseline_20260711_175223/formal/x8p0/seed982000/maxweight_lyapunov,63.288640837650746,0.9499066529210883,0.03415877127700911,0.027477684520005652,0.006681054498280176,0.0,2.400887893604768,3.06599699629165,198843046.62057608,2190160.8602340464,17410765.80177824,47027.89896552633,0.9672658167407957,0.234375,0.234375,230.3125,0.9677952697442352,0.9499066172263665
