scenario,kind,method,update,seed_base,episodes,num_envs,config,checkpoint,out_dir,reward_sum,processed_ratio_eval,drop_ratio_eval,gu_drop_ratio,uav_drop_ratio,sat_drop_ratio,pre_backlog_steps_eval,D_sys_report,queue_total_mean,gu_queue_mean,uav_queue_mean,sat_queue_mean,sat_overlap_eval,collision_episode_fraction,terminated_early,episode_length,outflow_arrival_ratio,sat_processed_arrival_ratio,access_sum,backhaul_sum,sat_processed_sum
6uav40gu_density_ctrl_map2121_mindist700,learned,bootstrap_seed45210_best_u0375,seed45210_u0375,980000,64,64,/home/sgy/workspace/sagin_marl/runs/phase3/diagnostics/diagnostic_6uav40_density_resource_20260711_150245/configs/6uav40gu_density_ctrl_map2121_mindist700.yaml,runs/phase3/main_6uav80gu_bootstrap_auto_ref_multiseed_critic_eager_20260710_173132/seed45210/bootstrap_seed45210/checkpoint_update0375.pt,/home/sgy/workspace/sagin_marl/runs/phase3/diagnostics/diagnostic_6uav40_density_resource_20260711_150245/formal/6uav40gu_density_ctrl_map2121_mindist700/seed980000/bootstrap_seed45210_best_u0375,37.25888532109093,0.5757676102435214,0.35468598283012964,0.3497920276375781,0.00489417476468162,0.0,10.805604690719395,20.074712570849808,864456372.8762503,12295577.492009379,62104210.94399998,55.60816666666667,0.9411520865373314,0.0,0.0,250.0,0.6256335826624303,0.5757680038219315,,11515397674.234375,11515352068.734375
6uav40gu_density_ctrl_map2121_mindist700,learned,bootstrap_seed45211_best_u0375,seed45211_u0375,980000,64,64,/home/sgy/workspace/sagin_marl/runs/phase3/diagnostics/diagnostic_6uav40_density_resource_20260711_150245/configs/6uav40gu_density_ctrl_map2121_mindist700.yaml,runs/phase3/main_6uav80gu_bootstrap_auto_ref_multiseed_critic_eager_20260710_173132/seed45211/bootstrap_seed45211/checkpoint_update0375.pt,/home/sgy/workspace/sagin_marl/runs/phase3/diagnostics/diagnostic_6uav40_density_resource_20260711_150245/formal/6uav40gu_density_ctrl_map2121_mindist700/seed980000/bootstrap_seed45211_best_u0375,34.62689318007324,0.5033159038152847,0.40379200776824675,0.3930063801659169,0.010785949094734952,0.0,12.47563169816485,26.449316015687103,998078312.2004751,12923012.488820836,80188337.53665051,192.96846969696975,1.0,0.0625,0.0625,239.78125,0.5752632102363785,0.5033163487538637,,9689198165.609375,9689198168.734375
6uav40gu_density_ctrl_map2121_mindist700,learned,bootstrap_seed61723_best_u0325,seed61723_u0325,980000,64,64,/home/sgy/workspace/sagin_marl/runs/phase3/diagnostics/diagnostic_6uav40_density_resource_20260711_150245/configs/6uav40gu_density_ctrl_map2121_mindist700.yaml,runs/phase3/main_6uav80gu_bootstrap_auto_ref_multiseed_critic_eager_20260710_173132/seed61723/bootstrap_seed61723/checkpoint_update0325.pt,/home/sgy/workspace/sagin_marl/runs/phase3/diagnostics/diagnostic_6uav40_density_resource_20260711_150245/formal/6uav40gu_density_ctrl_map2121_mindist700/seed980000/bootstrap_seed61723_best_u0325,35.27623652899638,0.5073044445342384,0.43493158073250104,0.4330089411309153,0.0019228979704244674,0.0,11.121606035424398,23.089697435367857,889728548.9165001,14218606.936537497,53497365.73733331,0.5347222222222222,0.8804479222670195,0.0,0.0,250.0,0.5360190869450658,0.5073048024799384,,10146088771.234375,10146088770.984375
6uav40gu_density_ctrl_map2121_mindist700,baseline,cluster_center_queue_aware,,980000,64,64,/home/sgy/workspace/sagin_marl/runs/phase3/diagnostics/diagnostic_6uav40_density_resource_20260711_150245/configs/6uav40gu_density_ctrl_map2121_mindist700.yaml,,/home/sgy/workspace/sagin_marl/runs/phase3/diagnostics/diagnostic_6uav40_density_resource_20260711_150245/formal/6uav40gu_density_ctrl_map2121_mindist700/seed980000/cluster_center_queue_aware,36.02474782394711,0.6115649942778801,0.3256382931706672,0.3185765199861603,0.007061987675420273,0.0,11.89231109689627,20.87413316264982,951386654.9350784,12308717.884074247,76506026.95543438,12.346055555555555,0.7468661402661345,0.03125,0.03125,245.9375,0.6585350214038178,0.6115653583762691,,12081846008.90625,12081846010.65625
6uav40gu_density_ctrl_map2121_mindist700,baseline,maxweight_lyapunov,,980000,64,64,/home/sgy/workspace/sagin_marl/runs/phase3/diagnostics/diagnostic_6uav40_density_resource_20260711_150245/configs/6uav40gu_density_ctrl_map2121_mindist700.yaml,,/home/sgy/workspace/sagin_marl/runs/phase3/diagnostics/diagnostic_6uav40_density_resource_20260711_150245/formal/6uav40gu_density_ctrl_map2121_mindist700/seed980000/maxweight_lyapunov,32.506687967455946,0.5296195195852652,0.4143747968382244,0.41154872567742745,0.0028263450553065407,0.0,11.037275791997327,21.606841030198332,882982053.4250835,16520715.690863175,37025571.01624956,0.0,0.9901855418842451,0.078125,0.078125,245.328125,0.5543044224806313,0.5296198618879696,,10432014762.140625,10432014762.140625
6uav40gu_density_ctrl_map2121_mindist700,baseline,static_uniform,,980000,64,64,/home/sgy/workspace/sagin_marl/runs/phase3/diagnostics/diagnostic_6uav40_density_resource_20260711_150245/configs/6uav40gu_density_ctrl_map2121_mindist700.yaml,,/home/sgy/workspace/sagin_marl/runs/phase3/diagnostics/diagnostic_6uav40_density_resource_20260711_150245/formal/6uav40gu_density_ctrl_map2121_mindist700/seed980000/static_uniform,29.478499120101333,0.3365148551934399,0.6050793160531012,0.60507974385581,0.0,0.0,12.309878584150223,40.663432546582094,984790275.256625,24041450.69201562,3855374.584,0.0,0.48747085115127275,0.0,0.0,250.0,0.33795370135393976,0.3365150462402641,,6730297023.5703125,6730297023.5703125
6uav40gu_density_ctrl_map2121_mindist700,learned,bootstrap_seed45210_best_u0375,seed45210_u0375,981000,64,64,/home/sgy/workspace/sagin_marl/runs/phase3/diagnostics/diagnostic_6uav40_density_resource_20260711_150245/configs/6uav40gu_density_ctrl_map2121_mindist700.yaml,runs/phase3/main_6uav80gu_bootstrap_auto_ref_multiseed_critic_eager_20260710_173132/seed45210/bootstrap_seed45210/checkpoint_update0375.pt,/home/sgy/workspace/sagin_marl/runs/phase3/diagnostics/diagnostic_6uav40_density_resource_20260711_150245/formal/6uav40gu_density_ctrl_map2121_mindist700/seed981000/bootstrap_seed45210_best_u0375,36.684309325530194,0.5957165125949813,0.32492417575903765,0.320090554562734,0.0048334222668632585,0.0,10.444334477365999,18.76171559933095,835591555.8474724,11960734.101599317,59519564.12933333,311.1603333333333,0.9422951495475084,0.03125,0.03125,243.625,0.6460595795239392,0.5957163053104152,,11704749362.796875,11703863624.796875
6uav40gu_density_ctrl_map2121_mindist700,learned,bootstrap_seed45211_best_u0375,seed45211_u0375,981000,64,64,/home/sgy/workspace/sagin_marl/runs/phase3/diagnostics/diagnostic_6uav40_density_resource_20260711_150245/configs/6uav40gu_density_ctrl_map2121_mindist700.yaml,runs/phase3/main_6uav80gu_bootstrap_auto_ref_multiseed_critic_eager_20260710_173132/seed45211/bootstrap_seed45211/checkpoint_update0375.pt,/home/sgy/workspace/sagin_marl/runs/phase3/diagnostics/diagnostic_6uav40_density_resource_20260711_150245/formal/6uav40gu_density_ctrl_map2121_mindist700/seed981000/bootstrap_seed45211_best_u0375,32.466870498261414,0.5101691260220901,0.3825306957160538,0.37375639222250495,0.0087740202684841,0.0,11.613793209833137,24.034475195662974,929208364.2113979,12749120.72090661,69856436.18064994,728.5977179487181,1.0,0.140625,0.140625,225.09375,0.5749813832369645,0.5101689770899296,,9448643042.609375,9448643058.921875
6uav40gu_density_ctrl_map2121_mindist700,learned,bootstrap_seed61723_best_u0325,seed61723_u0325,981000,64,64,/home/sgy/workspace/sagin_marl/runs/phase3/diagnostics/diagnostic_6uav40_density_resource_20260711_150245/configs/6uav40gu_density_ctrl_map2121_mindist700.yaml,runs/phase3/main_6uav80gu_bootstrap_auto_ref_multiseed_critic_eager_20260710_173132/seed61723/bootstrap_seed61723/checkpoint_update0325.pt,/home/sgy/workspace/sagin_marl/runs/phase3/diagnostics/diagnostic_6uav40_density_resource_20260711_150245/formal/6uav40gu_density_ctrl_map2121_mindist700/seed981000/bootstrap_seed61723_best_u0325,33.99326540727634,0.5255859345382052,0.4022617590834862,0.40099534130022196,0.0012662026195481727,0.0,10.961117406023781,21.828199064717754,876889783.9158058,13962421.184423933,53065422.54714145,2.7879444444444443,0.8788849554392503,0.046875,0.046875,240.328125,0.5544802232656371,0.525585745395683,,10221291912.3125,10221291911.1875
6uav40gu_density_ctrl_map2121_mindist700,baseline,cluster_center_queue_aware,,981000,64,64,/home/sgy/workspace/sagin_marl/runs/phase3/diagnostics/diagnostic_6uav40_density_resource_20260711_150245/configs/6uav40gu_density_ctrl_map2121_mindist700.yaml,,/home/sgy/workspace/sagin_marl/runs/phase3/diagnostics/diagnostic_6uav40_density_resource_20260711_150245/formal/6uav40gu_density_ctrl_map2121_mindist700/seed981000/cluster_center_queue_aware,34.38929447485134,0.6244388721816388,0.29605556879732253,0.28703894514751116,0.009016529197049405,0.0,12.291473176869514,21.04235339533982,983322874.315637,12172384.638345782,82737076.18857647,34.942055555555555,0.7571865988386989,0.078125,0.078125,234.734375,0.6754078184244727,0.6244388301537168,,11913267688.71875,11913267689.96875
6uav40gu_density_ctrl_map2121_mindist700,baseline,maxweight_lyapunov,,981000,64,64,/home/sgy/workspace/sagin_marl/runs/phase3/diagnostics/diagnostic_6uav40_density_resource_20260711_150245/configs/6uav40gu_density_ctrl_map2121_mindist700.yaml,,/home/sgy/workspace/sagin_marl/runs/phase3/diagnostics/diagnostic_6uav40_density_resource_20260711_150245/formal/6uav40gu_density_ctrl_map2121_mindist700/seed981000/maxweight_lyapunov,30.702814355841838,0.5418420703965221,0.3890263682799978,0.3876298296952737,0.0013962573980112526,0.0,10.845686942091781,20.893398101716812,867654945.1294616,16663313.498096079,33520400.898711212,0.0,0.9898727900858353,0.203125,0.203125,231.078125,0.5653606271843933,0.541841964530684,,10154176998.53125,10154176998.53125
6uav40gu_density_ctrl_map2121_mindist700,baseline,static_uniform,,981000,64,64,/home/sgy/workspace/sagin_marl/runs/phase3/diagnostics/diagnostic_6uav40_density_resource_20260711_150245/configs/6uav40gu_density_ctrl_map2121_mindist700.yaml,,/home/sgy/workspace/sagin_marl/runs/phase3/diagnostics/diagnostic_6uav40_density_resource_20260711_150245/formal/6uav40gu_density_ctrl_map2121_mindist700/seed981000/static_uniform,29.06372010067571,0.3491535246903077,0.5835376509703859,0.5832497240092552,0.00028745215646355023,0.0,12.737863429285582,40.092651903945956,1019029062.4663745,24741857.43825937,4892460.837333335,0.0,0.48673335093632336,0.015625,0.015625,246.109375,0.35055519971243154,0.3491535442504712,,6850947537.734375,6850947537.734375
6uav40gu_density_ctrl_map2121_mindist700,learned,bootstrap_seed45210_best_u0375,seed45210_u0375,982000,64,64,/home/sgy/workspace/sagin_marl/runs/phase3/diagnostics/diagnostic_6uav40_density_resource_20260711_150245/configs/6uav40gu_density_ctrl_map2121_mindist700.yaml,runs/phase3/main_6uav80gu_bootstrap_auto_ref_multiseed_critic_eager_20260710_173132/seed45210/bootstrap_seed45210/checkpoint_update0375.pt,/home/sgy/workspace/sagin_marl/runs/phase3/diagnostics/diagnostic_6uav40_density_resource_20260711_150245/formal/6uav40gu_density_ctrl_map2121_mindist700/seed982000/bootstrap_seed45210_best_u0375,37.55476746708155,0.5998739991048239,0.32844394512365604,0.323990130437255,0.004453945361281301,0.0,10.75654751391088,19.326207838030534,860533366.9600837,12015048.21253899,63320310.489746034,66.49616666666667,0.9393288720472321,0.015625,0.015625,248.71875,0.6503532338845219,0.5998740025634411,,11941244592.6875,11941244585.5625
6uav40gu_density_ctrl_map2121_mindist700,learned,bootstrap_seed45211_best_u0375,seed45211_u0375,982000,64,64,/home/sgy/workspace/sagin_marl/runs/phase3/diagnostics/diagnostic_6uav40_density_resource_20260711_150245/configs/6uav40gu_density_ctrl_map2121_mindist700.yaml,runs/phase3/main_6uav80gu_bootstrap_auto_ref_multiseed_critic_eager_20260710_173132/seed45211/bootstrap_seed45211/checkpoint_update0375.pt,/home/sgy/workspace/sagin_marl/runs/phase3/diagnostics/diagnostic_6uav40_density_resource_20260711_150245/formal/6uav40gu_density_ctrl_map2121_mindist700/seed982000/bootstrap_seed45211_best_u0375,35.40286015078891,0.5179659272610824,0.38860188199239265,0.3793717315260313,0.009230166761286018,0.0,12.45540872793105,25.989308160086562,996604075.0316406,13238472.80520505,77815629.11956555,1190.1962777777776,0.9989916668087243,0.046875,0.046875,245.375,0.5917728410962438,0.5179659652144429,,10221895816.484375,10221895814.359375
6uav40gu_density_ctrl_map2121_mindist700,learned,bootstrap_seed61723_best_u0325,seed61723_u0325,982000,64,64,/home/sgy/workspace/sagin_marl/runs/phase3/diagnostics/diagnostic_6uav40_density_resource_20260711_150245/configs/6uav40gu_density_ctrl_map2121_mindist700.yaml,runs/phase3/main_6uav80gu_bootstrap_auto_ref_multiseed_critic_eager_20260710_173132/seed61723/bootstrap_seed61723/checkpoint_update0325.pt,/home/sgy/workspace/sagin_marl/runs/phase3/diagnostics/diagnostic_6uav40_density_resource_20260711_150245/formal/6uav40gu_density_ctrl_map2121_mindist700/seed982000/bootstrap_seed61723_best_u0325,34.76599052734673,0.5260119178449422,0.4111105550575011,0.40978719784610756,0.0013234966276720083,0.0,11.15787017785134,22.38009697070343,892629623.9760904,14355529.810476534,53068068.52320886,0.14166666666666666,0.8730590474199257,0.03125,0.03125,246.34375,0.555882419121986,0.526012050537729,,10429633931.351562,10429633931.726562
6uav40gu_density_ctrl_map2121_mindist700,baseline,cluster_center_queue_aware,,982000,64,64,/home/sgy/workspace/sagin_marl/runs/phase3/diagnostics/diagnostic_6uav40_density_resource_20260711_150245/configs/6uav40gu_density_ctrl_map2121_mindist700.yaml,,/home/sgy/workspace/sagin_marl/runs/phase3/diagnostics/diagnostic_6uav40_density_resource_20260711_150245/formal/6uav40gu_density_ctrl_map2121_mindist700/seed982000/cluster_center_queue_aware,35.743171247188,0.6270370896614577,0.3043146529703398,0.2952000978812725,0.009114674328620643,0.0,12.477147447871559,21.5674887873431,998173720.7552891,12437936.794878703,83442385.2937778,13.451277777777776,0.7493060541968866,0.03125,0.03125,244.578125,0.6791313725363104,0.6270370530647844,,12272031902.90625,12272031905.65625
6uav40gu_density_ctrl_map2121_mindist700,baseline,maxweight_lyapunov,,982000,64,64,/home/sgy/workspace/sagin_marl/runs/phase3/diagnostics/diagnostic_6uav40_density_resource_20260711_150245/configs/6uav40gu_density_ctrl_map2121_mindist700.yaml,,/home/sgy/workspace/sagin_marl/runs/phase3/diagnostics/diagnostic_6uav40_density_resource_20260711_150245/formal/6uav40gu_density_ctrl_map2121_mindist700/seed982000/maxweight_lyapunov,31.412535173119977,0.5371334584066821,0.4034138912353521,0.401835712541898,0.0015782403644947736,0.0,11.073229023261545,21.583199449722027,885858311.7717966,17013235.08322816,34221484.78233139,0.0,0.9907088998565701,0.15625,0.15625,237.96875,0.5601114626154339,0.5371335746810033,,10272749842.640625,10272749842.640625
6uav40gu_density_ctrl_map2121_mindist700,baseline,static_uniform,,982000,64,64,/home/sgy/workspace/sagin_marl/runs/phase3/diagnostics/diagnostic_6uav40_density_resource_20260711_150245/configs/6uav40gu_density_ctrl_map2121_mindist700.yaml,,/home/sgy/workspace/sagin_marl/runs/phase3/diagnostics/diagnostic_6uav40_density_resource_20260711_150245/formal/6uav40gu_density_ctrl_map2121_mindist700/seed982000/static_uniform,29.690416814526543,0.3580769040281884,0.5823125231300452,0.5814991715746505,0.0008134963248817964,0.0,12.617205456729979,40.44670293210261,1009376425.0051248,24225867.05177343,6723623.830666665,0.0,0.4875854344926775,0.0,0.0,250.0,0.36072252339308764,0.35807693630861787,,7161537996.6875,7161537996.6875
6uav40gu_resource_2x_access_backhaul,learned,bootstrap_seed45210_best_u0375,seed45210_u0375,980000,64,64,/home/sgy/workspace/sagin_marl/runs/phase3/diagnostics/diagnostic_6uav40_density_resource_20260711_150245/configs/6uav40gu_resource_2x_access_backhaul.yaml,runs/phase3/main_6uav80gu_bootstrap_auto_ref_multiseed_critic_eager_20260710_173132/seed45210/bootstrap_seed45210/checkpoint_update0375.pt,/home/sgy/workspace/sagin_marl/runs/phase3/diagnostics/diagnostic_6uav40_density_resource_20260711_150245/formal/6uav40gu_resource_2x_access_backhaul/seed980000/bootstrap_seed45210_best_u0375,39.35558602050878,0.7248996046436025,0.20138904983775066,0.17922306094201496,0.0221660784202921,0.0,10.168066363521845,15.68385800135911,839013335.7931268,8665466.576278184,77804439.3526867,177555.80735092287,0.9693456172603532,0.078125,0.078125,236.9375,0.7920509213154069,0.7248989562671293,,13952506245.625,13896981804.25
6uav40gu_resource_2x_access_backhaul,learned,bootstrap_seed45211_best_u0375,seed45211_u0375,980000,64,64,/home/sgy/workspace/sagin_marl/runs/phase3/diagnostics/diagnostic_6uav40_density_resource_20260711_150245/configs/6uav40gu_resource_2x_access_backhaul.yaml,runs/phase3/main_6uav80gu_bootstrap_auto_ref_multiseed_critic_eager_20260710_173132/seed45211/bootstrap_seed45211/checkpoint_update0375.pt,/home/sgy/workspace/sagin_marl/runs/phase3/diagnostics/diagnostic_6uav40_density_resource_20260711_150245/formal/6uav40gu_resource_2x_access_backhaul/seed980000/bootstrap_seed45211_best_u0375,37.22384003037587,0.6343673888113625,0.26424476930764745,0.24087558124771125,0.02336912604872971,0.0,9.921022598270667,17.876683253634106,795861536.8199278,9909303.062476553,66218279.37215468,15137.068426470874,0.9718287678752757,0.09375,0.09375,232.390625,0.7166091009401028,0.6343666198341262,,12062316331.65625,12062316295.5625
6uav40gu_resource_2x_access_backhaul,learned,bootstrap_seed61723_best_u0325,seed61723_u0325,980000,64,64,/home/sgy/workspace/sagin_marl/runs/phase3/diagnostics/diagnostic_6uav40_density_resource_20260711_150245/configs/6uav40gu_resource_2x_access_backhaul.yaml,runs/phase3/main_6uav80gu_bootstrap_auto_ref_multiseed_critic_eager_20260710_173132/seed61723/bootstrap_seed61723/checkpoint_update0325.pt,/home/sgy/workspace/sagin_marl/runs/phase3/diagnostics/diagnostic_6uav40_density_resource_20260711_150245/formal/6uav40gu_resource_2x_access_backhaul/seed980000/bootstrap_seed61723_best_u0325,34.49556647636928,0.6024014688671232,0.30533609051932464,0.28028302003658656,0.025052927295499218,0.0,11.185590886952093,20.085246527261592,895801777.2209836,10545806.564483695,78835833.02001916,6628.586836716322,0.9721105309157995,0.328125,0.328125,222.046875,0.679026771330215,0.6024008921807279,,10843302422.0625,10843203499.03125
6uav40gu_resource_2x_access_backhaul,baseline,cluster_center_queue_aware,,980000,64,64,/home/sgy/workspace/sagin_marl/runs/phase3/diagnostics/diagnostic_6uav40_density_resource_20260711_150245/configs/6uav40gu_resource_2x_access_backhaul.yaml,,/home/sgy/workspace/sagin_marl/runs/phase3/diagnostics/diagnostic_6uav40_density_resource_20260711_150245/formal/6uav40gu_resource_2x_access_backhaul/seed980000/cluster_center_queue_aware,39.48278513236437,0.7494101599631783,0.1783726865730685,0.1368326661704534,0.04154014053638829,0.0,10.801351133300928,16.179442260032555,866508927.7312523,7910085.318229267,91284111.24866329,16672.54976388889,0.9011791796833274,0.0625,0.0625,235.765625,0.8328765833104553,0.7494104893554222,,14414385778.671875,14394754009.671875
6uav40gu_resource_2x_access_backhaul,baseline,maxweight_lyapunov,,980000,64,64,/home/sgy/workspace/sagin_marl/runs/phase3/diagnostics/diagnostic_6uav40_density_resource_20260711_150245/configs/6uav40gu_resource_2x_access_backhaul.yaml,,/home/sgy/workspace/sagin_marl/runs/phase3/diagnostics/diagnostic_6uav40_density_resource_20260711_150245/formal/6uav40gu_resource_2x_access_backhaul/seed980000/maxweight_lyapunov,33.05270711344201,0.7033423660160092,0.2538082464710813,0.25209812002019805,0.0017103044004190013,0.0,7.555767409831974,11.500797430428968,604939821.4730805,11743807.548200263,22451513.909468494,3322.471878258128,0.9933130773786157,0.28125,0.28125,224.46875,0.7179204558075941,0.7033429587446972,,12676570363.757812,12676087073.976562
6uav40gu_resource_2x_access_backhaul,baseline,static_uniform,,980000,64,64,/home/sgy/workspace/sagin_marl/runs/phase3/diagnostics/diagnostic_6uav40_density_resource_20260711_150245/configs/6uav40gu_resource_2x_access_backhaul.yaml,,/home/sgy/workspace/sagin_marl/runs/phase3/diagnostics/diagnostic_6uav40_density_resource_20260711_150245/formal/6uav40gu_resource_2x_access_backhaul/seed980000/static_uniform,31.35243615170475,0.48519585643988106,0.46456190341186127,0.4628546230532717,0.0017074377426874265,0.0,9.78510803399142,24.996408924521877,782866483.1657501,17495676.659523442,13830261.212000001,401.73227777777777,0.48650001757964506,0.015625,0.015625,246.109375,0.4904268582301596,0.4851953083398964,,9551731640.570312,9551731640.445312
6uav40gu_resource_2x_access_backhaul,learned,bootstrap_seed45210_best_u0375,seed45210_u0375,981000,64,64,/home/sgy/workspace/sagin_marl/runs/phase3/diagnostics/diagnostic_6uav40_density_resource_20260711_150245/configs/6uav40gu_resource_2x_access_backhaul.yaml,runs/phase3/main_6uav80gu_bootstrap_auto_ref_multiseed_critic_eager_20260710_173132/seed45210/bootstrap_seed45210/checkpoint_update0375.pt,/home/sgy/workspace/sagin_marl/runs/phase3/diagnostics/diagnostic_6uav40_density_resource_20260711_150245/formal/6uav40gu_resource_2x_access_backhaul/seed981000/bootstrap_seed45210_best_u0375,38.625365619314834,0.7400405764659311,0.17943970613271243,0.15908644502491898,0.020296279227200155,5.71199370655057e-05,9.776223427677351,14.681690009138897,815655252.2694402,8210333.225168087,75614089.37400089,233037.40905708718,0.9689703009290691,0.109375,0.109375,231.21875,0.8012284187242595,0.7400423523374439,,13946467443.8125,13875812034.625
6uav40gu_resource_2x_access_backhaul,learned,bootstrap_seed45211_best_u0375,seed45211_u0375,981000,64,64,/home/sgy/workspace/sagin_marl/runs/phase3/diagnostics/diagnostic_6uav40_density_resource_20260711_150245/configs/6uav40gu_resource_2x_access_backhaul.yaml,runs/phase3/main_6uav80gu_bootstrap_auto_ref_multiseed_critic_eager_20260710_173132/seed45211/bootstrap_seed45211/checkpoint_update0375.pt,/home/sgy/workspace/sagin_marl/runs/phase3/diagnostics/diagnostic_6uav40_density_resource_20260711_150245/formal/6uav40gu_resource_2x_access_backhaul/seed981000/bootstrap_seed45211_best_u0375,35.42959306179546,0.6676275703536895,0.22580374021961588,0.20583080928238065,0.019973174405850464,0.0,9.413354465899934,15.976425360856473,755007090.7305336,9266857.359115139,63732342.3250304,13463.488695079528,0.9586231303653194,0.171875,0.171875,218.15625,0.7472798284515156,0.6676295382911143,,11787252935.0,11786850099.9375
6uav40gu_resource_2x_access_backhaul,learned,bootstrap_seed61723_best_u0325,seed61723_u0325,981000,64,64,/home/sgy/workspace/sagin_marl/runs/phase3/diagnostics/diagnostic_6uav40_density_resource_20260711_150245/configs/6uav40gu_resource_2x_access_backhaul.yaml,runs/phase3/main_6uav80gu_bootstrap_auto_ref_multiseed_critic_eager_20260710_173132/seed61723/bootstrap_seed61723/checkpoint_update0325.pt,/home/sgy/workspace/sagin_marl/runs/phase3/diagnostics/diagnostic_6uav40_density_resource_20260711_150245/formal/6uav40gu_resource_2x_access_backhaul/seed981000/bootstrap_seed61723_best_u0325,34.99881567968987,0.6051894734395296,0.285374043645439,0.26449907922526317,0.02087503661146809,0.0,11.813741951139548,20.895593908127207,947163290.9838117,10515620.98937716,87412417.53828245,14332.958407282598,0.9664248633393188,0.21875,0.21875,227.265625,0.6829031610617383,0.6051904506148785,,11241752878.484375,11241752880.390625
6uav40gu_resource_2x_access_backhaul,baseline,cluster_center_queue_aware,,981000,64,64,/home/sgy/workspace/sagin_marl/runs/phase3/diagnostics/diagnostic_6uav40_density_resource_20260711_150245/configs/6uav40gu_resource_2x_access_backhaul.yaml,,/home/sgy/workspace/sagin_marl/runs/phase3/diagnostics/diagnostic_6uav40_density_resource_20260711_150245/formal/6uav40gu_resource_2x_access_backhaul/seed981000/cluster_center_queue_aware,38.17640002036933,0.7791776634848342,0.14021750640938663,0.10347053918904886,0.03674719831121936,0.0,10.41472800745864,14.511843650190372,836790947.5412056,7102112.157510671,91515624.24609789,25088.308224802382,0.9124851444285701,0.109375,0.109375,225.828125,0.8584699994560246,0.7791785079444451,,14350932728.359375,14328497997.984375
6uav40gu_resource_2x_access_backhaul,baseline,maxweight_lyapunov,,981000,64,64,/home/sgy/workspace/sagin_marl/runs/phase3/diagnostics/diagnostic_6uav40_density_resource_20260711_150245/configs/6uav40gu_resource_2x_access_backhaul.yaml,,/home/sgy/workspace/sagin_marl/runs/phase3/diagnostics/diagnostic_6uav40_density_resource_20260711_150245/formal/6uav40gu_resource_2x_access_backhaul/seed981000/maxweight_lyapunov,31.525204651756212,0.7228575360513307,0.21957752547618212,0.21702658354549556,0.0025509494457055084,0.0,7.292207695941294,10.820944176622437,583777257.0142412,11168597.480642224,22772118.33462772,2782.2774445751597,0.9910354576062954,0.34375,0.34375,212.890625,0.7418294740246368,0.7228581987766828,,12458070884.390625,12457312885.015625
6uav40gu_resource_2x_access_backhaul,baseline,static_uniform,,981000,64,64,/home/sgy/workspace/sagin_marl/runs/phase3/diagnostics/diagnostic_6uav40_density_resource_20260711_150245/configs/6uav40gu_resource_2x_access_backhaul.yaml,,/home/sgy/workspace/sagin_marl/runs/phase3/diagnostics/diagnostic_6uav40_density_resource_20260711_150245/formal/6uav40gu_resource_2x_access_backhaul/seed981000/static_uniform,31.204271794878878,0.5086213557831942,0.428705077544781,0.42434271525332073,0.004362473068339635,0.0,9.644384408450222,21.98407991377683,771689632.8618747,16550083.414070314,18257901.20933333,964.5086666666666,0.48803751792758693,0.046875,0.046875,238.328125,0.521113349965983,0.508623120937935,,9655593039.414062,9655593043.007812
6uav40gu_resource_2x_access_backhaul,learned,bootstrap_seed45210_best_u0375,seed45210_u0375,982000,64,64,/home/sgy/workspace/sagin_marl/runs/phase3/diagnostics/diagnostic_6uav40_density_resource_20260711_150245/configs/6uav40gu_resource_2x_access_backhaul.yaml,runs/phase3/main_6uav80gu_bootstrap_auto_ref_multiseed_critic_eager_20260710_173132/seed45210/bootstrap_seed45210/checkpoint_update0375.pt,/home/sgy/workspace/sagin_marl/runs/phase3/diagnostics/diagnostic_6uav40_density_resource_20260711_150245/formal/6uav40gu_resource_2x_access_backhaul/seed982000/bootstrap_seed45210_best_u0375,41.28029165090993,0.7429909254007036,0.19533501405606293,0.17464267120971572,0.020675006483427544,1.7266242702871452e-05,9.910239422359245,15.080441964105296,816363356.1242107,8758410.394510642,73747121.50158478,163501.46686954223,0.9662602684402744,0.046875,0.046875,247.140625,0.8055987877444852,0.7429910619799237,,14761216149.328125,14721321027.578125
6uav40gu_resource_2x_access_backhaul,learned,bootstrap_seed45211_best_u0375,seed45211_u0375,982000,64,64,/home/sgy/workspace/sagin_marl/runs/phase3/diagnostics/diagnostic_6uav40_density_resource_20260711_150245/configs/6uav40gu_resource_2x_access_backhaul.yaml,runs/phase3/main_6uav80gu_bootstrap_auto_ref_multiseed_critic_eager_20260710_173132/seed45211/bootstrap_seed45211/checkpoint_update0375.pt,/home/sgy/workspace/sagin_marl/runs/phase3/diagnostics/diagnostic_6uav40_density_resource_20260711_150245/formal/6uav40gu_resource_2x_access_backhaul/seed982000/bootstrap_seed45211_best_u0375,37.75973222916946,0.6701129069781904,0.24750446991950723,0.2232470041341799,0.024257404706482206,0.0,9.463609113668337,16.22733993865075,759670613.9955311,9730481.704189358,61311575.46331345,17929.815521486078,0.9621059509822173,0.125,0.125,232.515625,0.7496684676008257,0.67011266705316,,12546008645.859375,12546008663.921875
6uav40gu_resource_2x_access_backhaul,learned,bootstrap_seed61723_best_u0325,seed61723_u0325,982000,64,64,/home/sgy/workspace/sagin_marl/runs/phase3/diagnostics/diagnostic_6uav40_density_resource_20260711_150245/configs/6uav40gu_resource_2x_access_backhaul.yaml,runs/phase3/main_6uav80gu_bootstrap_auto_ref_multiseed_critic_eager_20260710_173132/seed61723/bootstrap_seed61723/checkpoint_update0325.pt,/home/sgy/workspace/sagin_marl/runs/phase3/diagnostics/diagnostic_6uav40_density_resource_20260711_150245/formal/6uav40gu_resource_2x_access_backhaul/seed982000/bootstrap_seed61723_best_u0325,37.517248696414754,0.6189141371685195,0.30674982094536396,0.2801757040004954,0.026574028976017697,0.0,12.302940389487524,21.56634281667509,988054681.4621412,10893790.37013323,91413934.15269938,26524.042359968927,0.9791222546704956,0.125,0.125,242.953125,0.6934664627995173,0.6189140640867403,,12048606125.90625,12048606154.40625
6uav40gu_resource_2x_access_backhaul,baseline,cluster_center_queue_aware,,982000,64,64,/home/sgy/workspace/sagin_marl/runs/phase3/diagnostics/diagnostic_6uav40_density_resource_20260711_150245/configs/6uav40gu_resource_2x_access_backhaul.yaml,,/home/sgy/workspace/sagin_marl/runs/phase3/diagnostics/diagnostic_6uav40_density_resource_20260711_150245/formal/6uav40gu_resource_2x_access_backhaul/seed982000/cluster_center_queue_aware,40.89924104476813,0.7748538974939054,0.16400471134358716,0.12799316260227106,0.036011538534310425,0.0,10.72267290322102,15.335300157288504,859997952.5979875,7851908.613316478,90622913.03160317,15167.570174603174,0.8867520964127036,0.03125,0.03125,243.796875,0.8531700143286856,0.774853886056006,,15266049361.890625,15244777515.328125
6uav40gu_resource_2x_access_backhaul,baseline,maxweight_lyapunov,,982000,64,64,/home/sgy/workspace/sagin_marl/runs/phase3/diagnostics/diagnostic_6uav40_density_resource_20260711_150245/configs/6uav40gu_resource_2x_access_backhaul.yaml,,/home/sgy/workspace/sagin_marl/runs/phase3/diagnostics/diagnostic_6uav40_density_resource_20260711_150245/formal/6uav40gu_resource_2x_access_backhaul/seed982000/maxweight_lyapunov,34.430495311971754,0.7135580447444038,0.24265276222458648,0.23975851170695667,0.0028940239021472153,0.0,7.535044041053749,11.396733383869503,603040463.3428035,11940518.86608757,20863793.567691267,1645.466310710478,0.9940046291891352,0.171875,0.171875,234.9375,0.7314028946699066,0.713557683541798,,13481957360.28125,13481724292.875
6uav40gu_resource_2x_access_backhaul,baseline,static_uniform,,982000,64,64,/home/sgy/workspace/sagin_marl/runs/phase3/diagnostics/diagnostic_6uav40_density_resource_20260711_150245/configs/6uav40gu_resource_2x_access_backhaul.yaml,,/home/sgy/workspace/sagin_marl/runs/phase3/diagnostics/diagnostic_6uav40_density_resource_20260711_150245/formal/6uav40gu_resource_2x_access_backhaul/seed982000/static_uniform,31.54477944946848,0.4766704812068492,0.47705001962200455,0.47530341563139245,0.001746620048759858,0.0,10.300315948299831,26.14178311246051,824056167.4379997,18724200.954125002,12509538.010666665,214.59199999999998,0.4874604344833644,0.0,0.0,250.0,0.4824743845138025,0.4766705200546971,,9533409520.695312,9533409513.320312
6uav40gu_density_ctrl_resource_2x,learned,bootstrap_seed45210_best_u0375,seed45210_u0375,980000,64,64,/home/sgy/workspace/sagin_marl/runs/phase3/diagnostics/diagnostic_6uav40_density_resource_20260711_150245/configs/6uav40gu_density_ctrl_resource_2x.yaml,runs/phase3/main_6uav80gu_bootstrap_auto_ref_multiseed_critic_eager_20260710_173132/seed45210/bootstrap_seed45210/checkpoint_update0375.pt,/home/sgy/workspace/sagin_marl/runs/phase3/diagnostics/diagnostic_6uav40_density_resource_20260711_150245/formal/6uav40gu_density_ctrl_resource_2x/seed980000/bootstrap_seed45210_best_u0375,41.76391103095375,0.7541809046038016,0.17188649623103053,0.11819433288089994,0.05369226166651733,0.0,11.358353978754675,16.859079281818087,935034963.4469488,6930779.658497664,105239520.23509397,183101.7788312673,0.9664428894207011,0.046875,0.046875,242.796875,0.8646874915824517,0.754181217856071,,14805667008.390625,14698151374.109375
6uav40gu_density_ctrl_resource_2x,learned,bootstrap_seed45211_best_u0375,seed45211_u0375,980000,64,64,/home/sgy/workspace/sagin_marl/runs/phase3/diagnostics/diagnostic_6uav40_density_resource_20260711_150245/configs/6uav40gu_density_ctrl_resource_2x.yaml,runs/phase3/main_6uav80gu_bootstrap_auto_ref_multiseed_critic_eager_20260710_173132/seed45211/bootstrap_seed45211/checkpoint_update0375.pt,/home/sgy/workspace/sagin_marl/runs/phase3/diagnostics/diagnostic_6uav40_density_resource_20260711_150245/formal/6uav40gu_density_ctrl_resource_2x/seed980000/bootstrap_seed45211_best_u0375,37.319642019458115,0.6628353692351195,0.23874877775711686,0.18829310791444237,0.050455791904079304,0.0,11.58658522430532,19.756487765205893,929495916.9493266,9229345.382297486,92958831.99578528,17841.040720665915,0.9689003361615648,0.125,0.125,230.90625,0.7836522743546505,0.6628359788166677,,12291293962.234375,12290463874.453125
6uav40gu_density_ctrl_resource_2x,learned,bootstrap_seed61723_best_u0325,seed61723_u0325,980000,64,64,/home/sgy/workspace/sagin_marl/runs/phase3/diagnostics/diagnostic_6uav40_density_resource_20260711_150245/configs/6uav40gu_density_ctrl_resource_2x.yaml,runs/phase3/main_6uav80gu_bootstrap_auto_ref_multiseed_critic_eager_20260710_173132/seed61723/bootstrap_seed61723/checkpoint_update0325.pt,/home/sgy/workspace/sagin_marl/runs/phase3/diagnostics/diagnostic_6uav40_density_resource_20260711_150245/formal/6uav40gu_density_ctrl_resource_2x/seed980000/bootstrap_seed61723_best_u0325,38.44157501193695,0.630428282460723,0.2952273791944851,0.27370236850308094,0.02152517379267259,0.0,12.637806107663122,21.841365678419006,1016869262.0782882,10514028.725458404,98410554.66423582,40588.78508744933,0.9797738005116221,0.0625,0.0625,247.90625,0.7025170238264772,0.6304288425852751,,12495464896.5625,12495291743.09375
6uav40gu_density_ctrl_resource_2x,baseline,cluster_center_queue_aware,,980000,64,64,/home/sgy/workspace/sagin_marl/runs/phase3/diagnostics/diagnostic_6uav40_density_resource_20260711_150245/configs/6uav40gu_density_ctrl_resource_2x.yaml,,/home/sgy/workspace/sagin_marl/runs/phase3/diagnostics/diagnostic_6uav40_density_resource_20260711_150245/formal/6uav40gu_density_ctrl_resource_2x/seed980000/cluster_center_queue_aware,41.315322724869475,0.7615109695565964,0.17817085200898794,0.10901674180613441,0.06915424041845705,0.0,11.625332704229438,16.90789342647581,935618677.0937724,7167588.1680169385,107220513.12392758,38833.831333333335,0.8995562608074397,0.03125,0.03125,245.9375,0.8788684036225588,0.7615113919050552,,15062145701.828125,15019788887.484375
6uav40gu_density_ctrl_resource_2x,baseline,maxweight_lyapunov,,980000,64,64,/home/sgy/workspace/sagin_marl/runs/phase3/diagnostics/diagnostic_6uav40_density_resource_20260711_150245/configs/6uav40gu_density_ctrl_resource_2x.yaml,,/home/sgy/workspace/sagin_marl/runs/phase3/diagnostics/diagnostic_6uav40_density_resource_20260711_150245/formal/6uav40gu_density_ctrl_resource_2x/seed980000/maxweight_lyapunov,35.55001763126347,0.689115406211147,0.26489567238640943,0.24616637736069077,0.018729373689833805,0.0,9.386158716239022,14.53443028401844,751295053.5576962,11680842.189580308,47276500.1240336,2794.202968976498,0.9934448182416457,0.140625,0.140625,242.09375,0.7269723885292128,0.6891158031088932,,13367106901.703125,13365480723.265625
6uav40gu_density_ctrl_resource_2x,baseline,static_uniform,,980000,64,64,/home/sgy/workspace/sagin_marl/runs/phase3/diagnostics/diagnostic_6uav40_density_resource_20260711_150245/configs/6uav40gu_density_ctrl_resource_2x.yaml,,/home/sgy/workspace/sagin_marl/runs/phase3/diagnostics/diagnostic_6uav40_density_resource_20260711_150245/formal/6uav40gu_density_ctrl_resource_2x/seed980000/static_uniform,32.778635439579375,0.48407967373542493,0.4726740659251763,0.4693637471718298,0.003310682958540557,0.0,9.606119467930869,23.119287144440225,768516626.4003125,17301046.156781252,12741283.720000003,188.04033333333336,0.48747085115127275,0.0,0.0,250.0,0.49141102007054105,0.48407992680047796,,9681593357.257812,9681593360.789062
6uav40gu_density_ctrl_resource_2x,learned,bootstrap_seed45210_best_u0375,seed45210_u0375,981000,64,64,/home/sgy/workspace/sagin_marl/runs/phase3/diagnostics/diagnostic_6uav40_density_resource_20260711_150245/configs/6uav40gu_density_ctrl_resource_2x.yaml,runs/phase3/main_6uav80gu_bootstrap_auto_ref_multiseed_critic_eager_20260710_173132/seed45210/bootstrap_seed45210/checkpoint_update0375.pt,/home/sgy/workspace/sagin_marl/runs/phase3/diagnostics/diagnostic_6uav40_density_resource_20260711_150245/formal/6uav40gu_density_ctrl_resource_2x/seed981000/bootstrap_seed45210_best_u0375,43.21146170201246,0.7707194902074213,0.1564195728408106,0.11188025529142484,0.04453917257213174,0.0,10.113698545809315,15.052048193605206,851142518.8698198,6211709.388720835,93437916.41022226,291990.5877932099,0.9659454899117764,0.03125,0.03125,245.015625,0.8717546255424952,0.7707193039767614,,15295110307.34375,15178268853.875
6uav40gu_density_ctrl_resource_2x,learned,bootstrap_seed45211_best_u0375,seed45211_u0375,981000,64,64,/home/sgy/workspace/sagin_marl/runs/phase3/diagnostics/diagnostic_6uav40_density_resource_20260711_150245/configs/6uav40gu_density_ctrl_resource_2x.yaml,runs/phase3/main_6uav80gu_bootstrap_auto_ref_multiseed_critic_eager_20260710_173132/seed45211/bootstrap_seed45211/checkpoint_update0375.pt,/home/sgy/workspace/sagin_marl/runs/phase3/diagnostics/diagnostic_6uav40_density_resource_20260711_150245/formal/6uav40gu_density_ctrl_resource_2x/seed981000/bootstrap_seed45211_best_u0375,38.77507278556004,0.6818415722308124,0.22340810082436316,0.17977780968659363,0.04363007694494349,0.0,10.723781827378943,17.82838001677361,860922392.3344073,8548162.625599492,85996005.18523437,20971.22330313521,0.961063263942929,0.078125,0.078125,236.3125,0.7917830059633413,0.6818413448382746,,13026303204.75,13025997170.65625
6uav40gu_density_ctrl_resource_2x,learned,bootstrap_seed61723_best_u0325,seed61723_u0325,981000,64,64,/home/sgy/workspace/sagin_marl/runs/phase3/diagnostics/diagnostic_6uav40_density_resource_20260711_150245/configs/6uav40gu_density_ctrl_resource_2x.yaml,runs/phase3/main_6uav80gu_bootstrap_auto_ref_multiseed_critic_eager_20260710_173132/seed61723/bootstrap_seed61723/checkpoint_update0325.pt,/home/sgy/workspace/sagin_marl/runs/phase3/diagnostics/diagnostic_6uav40_density_resource_20260711_150245/formal/6uav40gu_density_ctrl_resource_2x/seed981000/bootstrap_seed61723_best_u0325,38.34397114138119,0.6551415485168504,0.2612803130480476,0.2388884287933629,0.022391694922375364,0.0,12.12399031361325,19.984177517610068,975436778.4450362,9667719.054658312,97201741.8750843,38316.42277101783,0.9748052544773881,0.046875,0.046875,243.953125,0.7326227702099006,0.6551413208819731,,12843833453.765625,12842785115.921875
6uav40gu_density_ctrl_resource_2x,baseline,cluster_center_queue_aware,,981000,64,64,/home/sgy/workspace/sagin_marl/runs/phase3/diagnostics/diagnostic_6uav40_density_resource_20260711_150245/configs/6uav40gu_density_ctrl_resource_2x.yaml,,/home/sgy/workspace/sagin_marl/runs/phase3/diagnostics/diagnostic_6uav40_density_resource_20260711_150245/formal/6uav40gu_density_ctrl_resource_2x/seed981000/cluster_center_queue_aware,40.0137575562112,0.7857103387055028,0.14880043341035867,0.0912152192590297,0.057585172136120265,0.0,10.780215958574157,15.027894842102574,867427079.7543813,6508773.346905432,100344388.76723373,34790.3671672689,0.8824593700745869,0.078125,0.078125,234.734375,0.8895976282997182,0.7857104291993846,,14951233820.914062,14917607013.539062
6uav40gu_density_ctrl_resource_2x,baseline,maxweight_lyapunov,,981000,64,64,/home/sgy/workspace/sagin_marl/runs/phase3/diagnostics/diagnostic_6uav40_density_resource_20260711_150245/configs/6uav40gu_density_ctrl_resource_2x.yaml,,/home/sgy/workspace/sagin_marl/runs/phase3/diagnostics/diagnostic_6uav40_density_resource_20260711_150245/formal/6uav40gu_density_ctrl_resource_2x/seed981000/maxweight_lyapunov,34.77815143472981,0.7134837116121693,0.23632574783226654,0.22374432074708422,0.012581165426541025,0.0,8.61623754570101,13.01347887657258,690083896.4725826,11205084.201121729,40182604.611544825,5450.699461298389,0.9898018642648078,0.203125,0.203125,233.75,0.7466559632346246,0.7134833936138427,,13431041048.96875,13427013365.0
6uav40gu_density_ctrl_resource_2x,baseline,static_uniform,,981000,64,64,/home/sgy/workspace/sagin_marl/runs/phase3/diagnostics/diagnostic_6uav40_density_resource_20260711_150245/configs/6uav40gu_density_ctrl_resource_2x.yaml,,/home/sgy/workspace/sagin_marl/runs/phase3/diagnostics/diagnostic_6uav40_density_resource_20260711_150245/formal/6uav40gu_density_ctrl_resource_2x/seed981000/static_uniform,32.534590434632264,0.5069292485951445,0.4430457272064683,0.43993795075046727,0.003107404378530711,0.0,9.836913626640568,22.16158033495302,786992332.9711878,17501150.819335938,14484507.992,272.58494444444443,0.48673335093632336,0.015625,0.015625,246.109375,0.5148595640702553,0.5069292725612148,,9949949072.726562,9949949061.820312
6uav40gu_density_ctrl_resource_2x,learned,bootstrap_seed45210_best_u0375,seed45210_u0375,982000,64,64,/home/sgy/workspace/sagin_marl/runs/phase3/diagnostics/diagnostic_6uav40_density_resource_20260711_150245/configs/6uav40gu_density_ctrl_resource_2x.yaml,runs/phase3/main_6uav80gu_bootstrap_auto_ref_multiseed_critic_eager_20260710_173132/seed45210/bootstrap_seed45210/checkpoint_update0375.pt,/home/sgy/workspace/sagin_marl/runs/phase3/diagnostics/diagnostic_6uav40_density_resource_20260711_150245/formal/6uav40gu_density_ctrl_resource_2x/seed982000/bootstrap_seed45210_best_u0375,42.892444937024266,0.7716836143926175,0.154026289926372,0.10567913408641266,0.04834727579573096,0.0,11.196446938981497,16.36683832868277,925977461.6974864,6582616.500491447,105401847.48385966,210150.81022514612,0.9647229200564325,0.015625,0.015625,246.6875,0.8809541730351524,0.7716838299172322,,15363101366.21875,15293566871.125
6uav40gu_density_ctrl_resource_2x,learned,bootstrap_seed45211_best_u0375,seed45211_u0375,982000,64,64,/home/sgy/workspace/sagin_marl/runs/phase3/diagnostics/diagnostic_6uav40_density_resource_20260711_150245/configs/6uav40gu_density_ctrl_resource_2x.yaml,runs/phase3/main_6uav80gu_bootstrap_auto_ref_multiseed_critic_eager_20260710_173132/seed45211/bootstrap_seed45211/checkpoint_update0375.pt,/home/sgy/workspace/sagin_marl/runs/phase3/diagnostics/diagnostic_6uav40_density_resource_20260711_150245/formal/6uav40gu_density_ctrl_resource_2x/seed982000/bootstrap_seed45211_best_u0375,40.62596305110492,0.6898088739415958,0.22324243941998753,0.17865337430102224,0.044589107248845926,0.0,11.595110564472916,19.260722917997096,930945481.824711,8829495.181470897,95738171.1264402,23171.164475937712,0.9617001868459115,0.03125,0.03125,249.140625,0.8038157720692932,0.6898089523607115,,13753559662.265625,13753559666.359375
6uav40gu_density_ctrl_resource_2x,learned,bootstrap_seed61723_best_u0325,seed61723_u0325,982000,64,64,/home/sgy/workspace/sagin_marl/runs/phase3/diagnostics/diagnostic_6uav40_density_resource_20260711_150245/configs/6uav40gu_density_ctrl_resource_2x.yaml,runs/phase3/main_6uav80gu_bootstrap_auto_ref_multiseed_critic_eager_20260710_173132/seed61723/bootstrap_seed61723/checkpoint_update0325.pt,/home/sgy/workspace/sagin_marl/runs/phase3/diagnostics/diagnostic_6uav40_density_resource_20260711_150245/formal/6uav40gu_density_ctrl_resource_2x/seed982000/bootstrap_seed61723_best_u0325,38.10036273137666,0.642289307507738,0.27888607365014795,0.25726575286424697,0.021620442834972723,0.0,12.256753304954907,20.763274733592755,985985743.6705779,10231199.672038049,95215377.77372843,37815.90554208753,0.9739269304668364,0.03125,0.03125,243.640625,0.7153941468570174,0.6422895830353328,,12563512474.828125,12563489185.796875
6uav40gu_density_ctrl_resource_2x,baseline,cluster_center_queue_aware,,982000,64,64,/home/sgy/workspace/sagin_marl/runs/phase3/diagnostics/diagnostic_6uav40_density_resource_20260711_150245/configs/6uav40gu_density_ctrl_resource_2x.yaml,,/home/sgy/workspace/sagin_marl/runs/phase3/diagnostics/diagnostic_6uav40_density_resource_20260711_150245/formal/6uav40gu_density_ctrl_resource_2x/seed982000/cluster_center_queue_aware,41.59999784396496,0.7874622674603383,0.15024474876420818,0.0893589925767638,0.06088593067466777,0.0,11.427145740890971,16.03612960330532,917295360.5581188,6630013.862583912,108161849.14954247,21692.44058387799,0.8657666787374766,0.03125,0.03125,244.578125,0.9001772564733546,0.7874621897559845,,15435685230.984375,15408094110.703125
6uav40gu_density_ctrl_resource_2x,baseline,maxweight_lyapunov,,982000,64,64,/home/sgy/workspace/sagin_marl/runs/phase3/diagnostics/diagnostic_6uav40_density_resource_20260711_150245/configs/6uav40gu_density_ctrl_resource_2x.yaml,,/home/sgy/workspace/sagin_marl/runs/phase3/diagnostics/diagnostic_6uav40_density_resource_20260711_150245/formal/6uav40gu_density_ctrl_resource_2x/seed982000/maxweight_lyapunov,36.08456755906809,0.7105333895170565,0.24162918192985278,0.2236287460341669,0.018000392797073245,0.0,9.377374172583702,14.315775029389366,750799348.6190019,11457594.3641018,48647691.717940904,4232.107819600005,0.9916907504780236,0.15625,0.15625,244.296875,0.7514161380285305,0.7105334131291324,,13904155296.09375,13898676628.71875
6uav40gu_density_ctrl_resource_2x,baseline,static_uniform,,982000,64,64,/home/sgy/workspace/sagin_marl/runs/phase3/diagnostics/diagnostic_6uav40_density_resource_20260711_150245/configs/6uav40gu_density_ctrl_resource_2x.yaml,,/home/sgy/workspace/sagin_marl/runs/phase3/diagnostics/diagnostic_6uav40_density_resource_20260711_150245/formal/6uav40gu_density_ctrl_resource_2x/seed982000/static_uniform,33.24768898508046,0.5121183704761789,0.44248002172042655,0.43844573581002266,0.0040344014553151016,0.0,9.974961042150856,23.487052206056664,798056748.4906876,17281787.240364067,17787564.04933333,415.7955,0.4875854344926775,0.0,0.0,250.0,0.5219844893931445,0.5121184202336769,,10242367287.132812,10242367290.039062
