run_id,date_hint,category,method,experiment_purpose,status,hosts,storage_locations,relative_paths,branch_commits,has_metrics,has_summary,has_checkpoint,has_archive,archive_paths,keep_or_delete,migration_decision,migration_reason,notes
service_forecast_20260925_dev1,20260925,dqs_development,DQS component and service forecast candidates,Locate mobility bottleneck and screen observation-only revision,completed,friday+local,friday:/home/sgy/workspace/sagin_marl_moreGUs/runs/experiments/dqs_development/service_forecast_20260925_dev1,runs/experiments/dqs_development/service_forecast_20260925_dev1,erik/moreGUs frozen_source=b825e60,yes,yes,no,yes,source.tar on Friday,keep,friday_primary,Development only;old scans unchanged,GPU0;seedbase2190000;18batches;576episodes;T250;32envs;K1;nominal plus load2 plus joint resources0.5;paired arrivals checked
service_forecast_20260925_dev2,20260925,dqs_development,DQS service forecast candidates,Second development seed group before locking candidate,completed,friday+local,friday:/home/sgy/workspace/sagin_marl_moreGUs/runs/experiments/dqs_development/service_forecast_20260925_dev2,runs/experiments/dqs_development/service_forecast_20260925_dev2,erik/moreGUs frozen_source=b825e60,yes,yes,no,yes,source.tar on Friday,keep,friday_primary,Development only;old scans unchanged,GPU1;seedbase2191000;12batches;384episodes;T250;32envs;K1;candidate forecast_pressure locked before heldout
service_forecast_20260925_heldout,20260925,dqs_development,DQS revised plus old DQS plus MaxWeight,Independent locked-candidate acceptance,completed,friday+local,friday:/home/sgy/workspace/sagin_marl_moreGUs/runs/experiments/dqs_development/service_forecast_20260925_heldout,runs/experiments/dqs_development/service_forecast_20260925_heldout,erik/moreGUs frozen_source=b825e60,yes,yes,no,yes,source.tar on Friday,keep,friday_primary,No retuning on heldout outcomes,GPU0;2290000/2291000;18batches;576episodes;192revisedDQS episodes;zero collisions;T250;32envs;K1;64episodes per method per point
dqs_production_parity_20260925,20260925,dqs_development,DQS service-forecast-pressure-v1,Check official entry against locked candidate,completed,friday+local,friday:/home/sgy/workspace/sagin_marl_moreGUs/runs/experiments/dqs_development/dqs_production_parity_20260925,runs/experiments/dqs_development/dqs_production_parity_20260925,erik/moreGUs frozen_source=aee84c9,yes,yes,no,yes,source.tar on Friday,keep,friday_primary,Replays not additional independent evidence,GPU1;2290000/2291000;64nominal episodes;all CSV fields except method label exactly match candidate
dqs_revised_load_20260925,20260925,dqs_development,DQS service-forecast-pressure-v1,Refresh DQS load scan after heldout acceptance,completed,friday+local,friday:/home/sgy/workspace/sagin_marl_moreGUs/runs/experiments/dqs_development/dqs_revised_load_20260925,runs/experiments/dqs_development/dqs_revised_load_20260925,erik/moreGUs frozen_source=aee84c9,yes,yes,no,yes,source.tar on Friday,keep,friday_primary,Reused screening seeds;not heldout acceptance,GPU1;1980000/1981000;14batches;448episodes;20-80Mbps;all effective configs and paired arrivals verified;zero collisions
dqs_revised_resource_20260925,20260925,dqs_development,DQS service-forecast-pressure-v1,Refresh DQS joint-resource scan after heldout acceptance,completed,friday+local,friday:/home/sgy/workspace/sagin_marl_moreGUs/runs/experiments/dqs_development/dqs_revised_resource_20260925,runs/experiments/dqs_development/dqs_revised_resource_20260925,erik/moreGUs frozen_source=aee84c9,yes,yes,no,yes,source.tar on Friday,keep,friday_primary,Reused screening seeds;not heldout acceptance,GPU0;1980000/1981000;14batches;448episodes;resources0.5-3;all effective configs and paired arrivals verified;zero collisions
stars_dqs_revised_k1_20260925,20260925,more_gus_scans,STARS plus revised DQS plus MaxWeight plus QBS plus Uniform,New figure artifact replacing only DQS rows,completed,friday+local,friday:/home/sgy/workspace/sagin_marl_moreGUs/runs/experiments/more_gus_scans/stars_dqs_revised_k1_20260925,runs/experiments/more_gus_scans/stars_dqs_revised_k1_20260925,DQS=aee84c9;controls=717b93d;parent sources recorded,yes,yes,no,no,parent archives retained,keep,friday_primary,Derived overlay;not8960new executions,896newDQS rows plus8064unchanged controls including selected/final;16PNG/PDF pairs;verification passed;original scans preserved
gc_3uav100gu_k1_seed45211_20260924,20260924,more_gus_training,STARS-GC global_only,Critic-only ablation matched to frozen STARS training,completed,friday+local,friday:/home/sgy/workspace/sagin_marl_moreGUs/runs/experiments/more_gus_training/global_critic_3seed_k1_20260924/seed45211 | local:runs/experiments/more_gus_training/global_critic_3seed_k1_20260924/seed45211,runs/experiments/more_gus_training/global_critic_3seed_k1_20260924/seed45211,erik/moreGUs frozen_source=4c2b4e0,yes,yes,yes,yes,../source.tar shared queue archive,keep,friday_primary,Only critic_value_mode and training seed differ from reference,u375 reward plateau;selected_u50;64episodes per checkpoint;selected/final reward31.322/21.511;processed84.41/29.59percent;collision2/64 and6/64;GC excluded from scan;degradation unresolved;local compact evidence only
gc_3uav100gu_k1_seed45210_20260924,20260924,more_gus_training,STARS-GC global_only,Critic-only ablation matched to frozen STARS training,completed,friday+local,friday:/home/sgy/workspace/sagin_marl_moreGUs/runs/experiments/more_gus_training/global_critic_3seed_k1_20260924/seed45210 | local:runs/experiments/more_gus_training/global_critic_3seed_k1_20260924/seed45210,runs/experiments/more_gus_training/global_critic_3seed_k1_20260924/seed45210,erik/moreGUs frozen_source=4c2b4e0,yes,yes,yes,yes,../source.tar shared queue archive,keep,friday_primary,Only critic_value_mode and training seed differ from reference,u375 reward plateau;selected_u25;64episodes per checkpoint;selected/final reward34.392/25.970;processed84.02/58.36percent;collision0/64 and5/64;GC excluded from scan;degradation unresolved;local compact evidence only
gc_3uav100gu_k1_seed61723_20260924,20260924,more_gus_training,STARS-GC global_only,Critic-only ablation matched to frozen STARS training,completed,friday+local,friday:/home/sgy/workspace/sagin_marl_moreGUs/runs/experiments/more_gus_training/global_critic_3seed_k1_20260924/seed61723 | local:runs/experiments/more_gus_training/global_critic_3seed_k1_20260924/seed61723,runs/experiments/more_gus_training/global_critic_3seed_k1_20260924/seed61723,erik/moreGUs frozen_source=4c2b4e0,yes,yes,yes,yes,../source.tar shared queue archive,keep,friday_primary,Only critic_value_mode and training seed differ from reference,u375 reward plateau;selected_u75;64episodes per checkpoint;selected/final reward34.460/24.217;processed84.97/33.18percent;collision0/64 and0/64;GC excluded from scan;degradation unresolved;local compact evidence only
stars_dqs_no_gc_k1_20260924,20260924,more_gus_scans,STARS+DQS+MaxWeight+QBS+Uniform,Load and joint-resource scans before GC completion,failed_recovered,friday,friday:/home/sgy/workspace/sagin_marl_moreGUs/runs/experiments/more_gus_scans/stars_dqs_no_gc_k1_20260924,runs/experiments/more_gus_scans/stars_dqs_no_gc_k1_20260924,erik/moreGUs frozen_source=0b74f86,yes,no,yes,yes,source.tar;checkpoints/,keep,friday_primary,Original failed evidence retained unchanged;see recovered successor,98accepted load batches;first resource0.5DQS rejected due stale b_sat_total alias;failed resource output excluded;98valid batches imported with hashes by successor
stars_dqs_no_gc_k1_20260924_recovered,20260924,more_gus_scans,STARS+DQS+MaxWeight+QBS+Uniform,Recover matched load and joint-resource scans after alias correction,failed_recovered,friday,friday:/home/sgy/workspace/sagin_marl_moreGUs/runs/experiments/more_gus_scans/stars_dqs_no_gc_k1_20260924_recovered,runs/experiments/more_gus_scans/stars_dqs_no_gc_k1_20260924_recovered,erik/moreGUs frozen_source=fcc0e02;reused_load_source=0b74f86,yes,yes,yes,yes,source.tar;checkpoints/,keep,friday_primary,Retained unchanged;208accepted jobs imported by20260925successor,196primary and12final batches complete;primary plots ready;next final batch exited-11 during PyTorch hipify import;failed output excluded;startup fault not proven fixed
stars_dqs_no_gc_k1_20260925_final_recovery,20260925,more_gus_scans,STARS+DQS+MaxWeight+QBS+Uniform,Complete final diagnostics after process startup fault,completed,friday+local,friday:/home/sgy/workspace/sagin_marl_moreGUs/runs/experiments/more_gus_scans/stars_dqs_no_gc_k1_20260925_final_recovery | local:runs/experiments/more_gus_scans/stars_dqs_no_gc_k1_20260925_final_recovery,runs/experiments/more_gus_scans/stars_dqs_no_gc_k1_20260925_final_recovery,erik/moreGUs frozen_source=717b93d;imported_source=fcc0e02,yes,yes,yes,yes,source.tar;checkpoints/,keep,friday_primary,Archived evaluator and plotting source identical to predecessor,280/280batches;8960records;208hash-verified imports plus72new jobs;6272primary plus2688final;zero observed collisions;all horizons250;16PNG/PDF pairs;verification.json passed;completed20260925T145136+0800;GC and QCCS excluded;local compact artifacts only
final_import_segfault_20260925,20260925,more_gus_scans,STARS original final45211,Isolated reproduction of failed evaluator startup,completed,friday,friday:/home/sgy/workspace/sagin_marl_moreGUs/runs/experiments/more_gus_scans/diagnostics/final_import_segfault_20260925,runs/experiments/more_gus_scans/diagnostics/final_import_segfault_20260925,erik/moreGUs frozen_source=fcc0e02,yes,yes,no,no,source and checkpoint in failed predecessor,keep,friday_primary,Diagnostic only;not in comparison matrix,Same command except output path;load1;seed45211 finalu500;eval seedbase1980000;32episodes;rc0;12.45seconds;no runtime changes;does not establish root cause
fixed_nominal_k1_20260924_173145,20260924,more_gus_baselines,DQS+MaxWeight+QBS+Uniform,Frozen-training-aligned fixed-policy acceptance,completed,friday+local,friday:/home/sgy/workspace/sagin_marl_moreGUs/runs/experiments/more_gus_baselines/fixed_nominal_k1_20260924_173145 | local:runs/experiments/more_gus_baselines/fixed_nominal_k1_20260924_173145,runs/experiments/more_gus_baselines/fixed_nominal_k1_20260924_173145,erik/moreGUs execution_source=387432c,yes,yes,no,yes,source.tar on Friday,keep,friday_primary,Matched frozen100GU training config,GPU0;320episodes executed;256current-roster +64historical QCCS;DQS replaces QCCS;32envs;K1;T250;weights0/0;native shield;10/10jobs passed;all collisions0
load_k1_20260924_173145,20260924,more_gus_baselines,fixed_scan_plan,Prepare load scan from100GU frozen config,superseded_plan,friday+local,friday:/home/sgy/workspace/sagin_marl_moreGUs/runs/experiments/more_gus_baselines/plans/load_k1_20260924_173145,runs/experiments/more_gus_baselines/plans/load_k1_20260924_173145,erik/moreGUs plan_source=387432c,no,no,no,yes,source.tar on Friday,keep,friday_primary,Superseded by four-method DQS roster; never executed,Old five-method manifest retained;QCCS excluded from current plots
load_dqs_k1_20260924,20260924,more_gus_baselines,fixed_scan_plan,Prepare load scan from100GU frozen config,superseded_plan,friday+local,friday:/home/sgy/workspace/sagin_marl_moreGUs/runs/experiments/more_gus_baselines/plans/load_dqs_k1_20260924,runs/experiments/more_gus_baselines/plans/load_dqs_k1_20260924,erik/moreGUs source recorded in manifest,no,no,no,yes,source.tar on Friday,keep,friday_primary,Superseded by combined STARS+DQS scan; not executed,7points x4methods x2seedbases=56jobs;DQS+MaxWeight+QBS+Uniform;20-80Mbps total arrival
resource_k1_20260924_173145,20260924,more_gus_baselines,fixed_scan_plan,Prepare resource scan from100GU frozen config,superseded_plan,friday+local,friday:/home/sgy/workspace/sagin_marl_moreGUs/runs/experiments/more_gus_baselines/plans/resource_k1_20260924_173145,runs/experiments/more_gus_baselines/plans/resource_k1_20260924_173145,erik/moreGUs plan_source=387432c,no,no,no,yes,source.tar on Friday,keep,friday_primary,Superseded by four-method DQS roster; never executed,Old five-method manifest retained;QCCS excluded from current plots
resource_dqs_k1_20260924,20260924,more_gus_baselines,fixed_scan_plan,Prepare resource scan from100GU frozen config,superseded_plan,friday+local,friday:/home/sgy/workspace/sagin_marl_moreGUs/runs/experiments/more_gus_baselines/plans/resource_dqs_k1_20260924,runs/experiments/more_gus_baselines/plans/resource_dqs_k1_20260924,erik/moreGUs source recorded in manifest,no,no,no,yes,source.tar on Friday,keep,friday_primary,Superseded by combined STARS+DQS scan; not executed,7points x4methods x2seedbases=56jobs;DQS+MaxWeight+QBS+Uniform;joint access+backhaul+CPU scaling
bootstrap_phase4_3uav100gu_k1_seed61723_20260920_183803,20260920,more_gus_training,bootstrap_gae,Seed-only replication of Phase4 protocol in 3UAV100GU 40Mbps 4MHz K1,running,friday,friday:/home/sgy/workspace/sagin_marl_moreGUs/runs/experiments/more_gus_training/bootstrap_phase4_3uav100gu_k1_seed61723_20260920_183803,runs/experiments/more_gus_training/bootstrap_phase4_3uav100gu_k1_seed61723_20260920_183803,erik/moreGUs source=801bcc4,yes,no,yes,no,,keep,friday_primary,independent seed replication GPU1,64envs T250 max700;eval25x32;minstop300 patience4;same training source and config except seed;reused protocol acceptance plus device smoke;automatic selected and final eval
bootstrap_phase4_3uav100gu_k1_seed45210_20260920_183803,20260920,more_gus_training,bootstrap_gae,Seed-only replication of Phase4 protocol in 3UAV100GU 40Mbps 4MHz K1,running,friday,friday:/home/sgy/workspace/sagin_marl_moreGUs/runs/experiments/more_gus_training/bootstrap_phase4_3uav100gu_k1_seed45210_20260920_183803,runs/experiments/more_gus_training/bootstrap_phase4_3uav100gu_k1_seed45210_20260920_183803,erik/moreGUs source=801bcc4,yes,no,yes,no,,keep,friday_primary,independent seed replication GPU0,64envs T250 max700;eval25x32;minstop300 patience4;same training source and config except seed;reused protocol acceptance plus device smoke;automatic selected and final eval
bootstrap_phase4_3uav100gu_k1_seed45211_20260920_120135,20260920,more_gus_training,bootstrap_gae,Phase4 protocol qualification in 3UAV100GU 40Mbps 4MHz K1,completed,friday,friday:/home/sgy/workspace/sagin_marl_moreGUs/runs/experiments/more_gus_training/bootstrap_phase4_3uav100gu_k1_seed45211_20260920_120135,runs/experiments/more_gus_training/bootstrap_phase4_3uav100gu_k1_seed45211_20260920_120135,erik/moreGUs source=b69af48 controller=1026be2,yes,yes,yes,no,,keep,friday_primary,first formal native CUDA seed,64envs T250 max700;eval25x32;minstop300 patience4;preflight passed;source isolated;started20260920T121851+0800;stopped_u500_reward_plateau;selected_u400;heldout64_reward168.761_vs_final167.170;render_seed1980000
distributed_queue_c_no_motion_penalty_20260917,20260917,more_gus,distributed_queue_c,executed C zero movement and switch penalty trial,completed,friday+local,friday:/home/sgy/workspace/sagin_marl_moreGUs/runs/experiments/distributed_queue_c_no_motion_penalty_20260917 | local:runs/experiments/distributed_queue_c_no_motion_penalty_20260917/render,runs/experiments/distributed_queue_c_no_motion_penalty_20260917,erik/moreGUs@a5215e1 with hashed isolated override harness,yes,yes,no,no,,keep,independent_worktree,Friday evaluation and local render copy,K1 40/4;16 episodes; actual weights0/0; production defaults unchanged; no control runs
distributed_queue_c_k1_20260917,20260917,more_gus,distributed_queue_c,K1 alignment and passive mobility audit,completed,friday+local,friday:/home/sgy/workspace/sagin_marl_moreGUs/runs/experiments/distributed_queue_c_k1_20260917 | local:runs/experiments/distributed_queue_c_k1_20260917/render,runs/experiments/distributed_queue_c_k1_20260917,erik/moreGUs@5446e76 + margin diagnostic76d558b,yes,yes,no,no,,keep,independent_worktree,Friday evaluation and local render copy,paired K1/K5 seed974000+975000; 16 episodes per K; no score changes; 37/48 stationary UAV traces; no training
distributed_queue_c_render_20260916,20260916,more_gus,distributed_queue_c,native episode visualization and baseline parity,completed,friday+local,friday:/home/sgy/workspace/sagin_marl_moreGUs/runs/experiments/distributed_queue_c_render_20260916/native | local:runs/experiments/distributed_queue_c_render_20260916/native,runs/experiments/distributed_queue_c_render_20260916/native,erik/moreGUs renderer change after836e847,yes,yes,no,no,,keep,independent_worktree,visual artifact copied locally,one env seed974000 T250; summary exactly matches independent baseline CLI; 51 frames; no training
distributed_queue_c_reward_20260915,20260915,more_gus,distributed_queue_c,dedicated baseline evaluation with cumulative reward,completed,friday,friday:/home/sgy/workspace/sagin_marl_moreGUs/runs/experiments/distributed_queue_c_reward_20260915,runs/experiments/distributed_queue_c_reward_20260915,erik/moreGUs@04826bb,yes,yes,no,no,,keep,independent_worktree,Friday evaluation then GitHub evidence sync,16 episodes; seed974000 and 975000; GPU0; reward mean35.3617 std4.0622; 40/4; screening
distributed_queue_c_fixed_entry_20260915,20260915,more_gus,distributed_queue_c,dedicated fixed-baseline CLI acceptance and new-seed screen,completed,friday,friday:/home/sgy/workspace/sagin_marl_moreGUs/runs/experiments/distributed_queue_c_fixed_entry_20260915,runs/experiments/distributed_queue_c_fixed_entry_20260915,erik/moreGUs@f4fb4e9,yes,yes,no,no,,keep,independent_worktree,Friday native CUDA acceptance,40/4; 2 cases x 8 episodes; seed971000 exact replay plus new973000; GPU0; not formal
distributed_queue_bc_corrected_20260915,20260915,more_gus,distributed_queue_b_c,corrected shared peer geometry evaluation,completed,friday,friday:/home/sgy/workspace/sagin_marl_moreGUs/runs/experiments/distributed_queue_bc_corrected_20260915,runs/experiments/distributed_queue_bc_corrected_20260915,erik/moreGUs@295043e,yes,yes,no,no,,keep,independent_worktree,Friday evaluation then GitHub evidence sync,8 cases x 8 episodes; seed971000 and 972000; GPU0; developmental screening not formal; supersedes invalid ABC and C2 geometry results
distributed_queue_c2_20260915,20260915,more_gus,distributed_queue_b_c2,frozen B score and corrected C risk screening,invalid_geometry_history,friday,friday:/home/sgy/workspace/sagin_marl_moreGUs/runs/experiments/distributed_queue_c2_20260915,runs/experiments/distributed_queue_c2_20260915,erik/moreGUs@9abbb34,yes,yes,no,no,,keep,independent_worktree,Friday-first implementation,8 cases x 8 episodes; seed971000 and 972000; GPU0; C2 risk sign fixed; B overlap remains frozen legacy; not formal
distributed_queue_20260915,20260915,more_gus,distributed_queue_abc,local-observation movement baseline implementation and screening,invalid_geometry_history,friday,friday:/home/sgy/workspace/sagin_marl_moreGUs/runs/experiments/distributed_queue_20260915,runs/experiments/distributed_queue_20260915,erik/moreGUs@ad0797b,yes,yes,no,no,,keep,independent_worktree,Friday-first development then GitHub sync,12 cases x 8 episodes; seed971000; GPU0; C experimental and not collision-free
more_gus_capacity_20260915,20260915,more_gus,three_native_rule_baselines,100GU load bandwidth screening,completed,friday+local,friday:/home/sgy/workspace/sagin_marl_moreGUs/runs/experiments/more_gus_capacity_20260915 | local:runs/experiments/more_gus_capacity_20260915,runs/experiments/more_gus_capacity_20260915,erik/moreGUs@70e3ce2,yes,yes,no,no,,keep,independent_worktree,GitHub mediated synchronization,27 of 27 completed; 216 episodes; seed970000; GPU0; no training; compact evidence in docs/paper/evidence_tables/more_gus_capacity_20260915.json
autodl_formal_k5_joint_mcgae_20260524_144214,20260524_144214,diagnostic,,original formal joint MC-GAE training result used as early reference policy,observed_outputs,friday+s9,s9:D:/sagin_marl/runs/diagnostics/autodl_formal_k5_joint_mcgae_20260524_144214 | friday:/home/sgy/workspace/sagin_marl/runs/historical/diagnostics/autodl_formal_k5_joint_mcgae_20260524_144214,runs/diagnostics/autodl_formal_k5_joint_mcgae_20260524_144214 | runs/historical/diagnostics/autodl_formal_k5_joint_mcgae_20260524_144214,s9:mac-python-rollout@63fbdd2 dirty=4,yes,no,yes,no,,keep,migrated_to_friday_high,migrated to friday historical on 2026-06-24T23:28:15+08:00 from s9; timestamp-preserving rsync/tar copy,friday historical copy size=535M; source locations retained
mc_formal_3uav20gu_t250_k5_300u_seed45210_20260601_112543,20260601_112543,phase2,,formal MC baseline training,observed_outputs,friday+s9,s9:D:/sagin_marl/runs/phase2/mc_formal_3uav20gu_t250_k5_300u_seed45210_20260601_112543 | friday:/home/sgy/workspace/sagin_marl/runs/historical/phase2/mc_formal_3uav20gu_t250_k5_300u_seed45210_20260601_112543,runs/phase2/mc_formal_3uav20gu_t250_k5_300u_seed45210_20260601_112543 | runs/historical/phase2/mc_formal_3uav20gu_t250_k5_300u_seed45210_20260601_112543,s9:mac-python-rollout@63fbdd2 dirty=4,yes,no,yes,no,,keep,migrated_to_friday_high,migrated to friday historical on 2026-06-25T01:26:13+08:00 from s9; timestamp-preserving rsync/tar copy,friday historical copy size=534M; source locations retained
mc_vs_bootstrap_formal_3uav20gu_t250_k5_300u_20260602_022040,20260602_022040,phase2,mc_vs_bootstrap+bootstrap,formal MC-vs-bootstrap baseline training,directory_only,friday+s9,s9:D:/sagin_marl/runs/phase2/mc_vs_bootstrap_formal_3uav20gu_t250_k5_300u_20260602_022040 | friday:/home/sgy/workspace/sagin_marl/runs/historical/phase2/mc_vs_bootstrap_formal_3uav20gu_t250_k5_300u_20260602_022040,runs/phase2/mc_vs_bootstrap_formal_3uav20gu_t250_k5_300u_20260602_022040 | runs/historical/phase2/mc_vs_bootstrap_formal_3uav20gu_t250_k5_300u_20260602_022040,s9:mac-python-rollout@63fbdd2 dirty=4,no,no,no,no,,keep,migrated_to_friday_high,migrated to friday historical on 2026-06-25T01:26:13+08:00 from s9; timestamp-preserving rsync/tar copy,friday historical copy size=208K; source locations retained
bootstrap_formal_3uav20gu_t250_k5_300u_micro250_20260602_030753,20260602_030753,phase2,bootstrap,formal bootstrap GAE baseline training,observed_outputs,friday+s9,s9:D:/sagin_marl/runs/phase2/bootstrap_formal_3uav20gu_t250_k5_300u_micro250_20260602_030753 | friday:/home/sgy/workspace/sagin_marl/runs/historical/phase2/bootstrap_formal_3uav20gu_t250_k5_300u_micro250_20260602_030753,runs/phase2/bootstrap_formal_3uav20gu_t250_k5_300u_micro250_20260602_030753 | runs/historical/phase2/bootstrap_formal_3uav20gu_t250_k5_300u_micro250_20260602_030753,s9:mac-python-rollout@63fbdd2 dirty=4,yes,no,yes,no,,keep,migrated_to_friday_high,migrated to friday historical on 2026-06-25T01:27:03+08:00 from s9; timestamp-preserving rsync/tar copy,friday historical copy size=536M; source locations retained
hybrid_mc100_bootstrap200_3uav20gu_t250_k5_300u_seed45210_autodl_20260603_145523,20260603_145523,phase2,bootstrap+hybrid,MC warm-start then bootstrap continuation experiment,observed_outputs,friday+autodl+s9,autodl:/root/autodl-tmp/sagin_marl/runs/phase2/hybrid_mc100_bootstrap200_3uav20gu_t250_k5_300u_seed45210_autodl_20260603_145523 | s9:D:/sagin_marl/runs/phase2/hybrid_mc100_bootstrap200_3uav20gu_t250_k5_300u_seed45210_autodl_20260603_145523 | friday:/home/sgy/workspace/sagin_marl/runs/historical/phase2/hybrid_mc100_bootstrap200_3uav20gu_t250_k5_300u_seed45210_autodl_20260603_145523,runs/phase2/hybrid_mc100_bootstrap200_3uav20gu_t250_k5_300u_seed45210_autodl_20260603_145523 | runs/historical/phase2/hybrid_mc100_bootstrap200_3uav20gu_t250_k5_300u_seed45210_autodl_20260603_145523,autodl:mac-python-rollout@b010c5e dirty=1 | s9:mac-python-rollout@63fbdd2 dirty=4,yes,no,yes,no,,keep,migrated_to_friday_high,migrated to friday historical on 2026-06-24T22:49:56+08:00 from autodl; timestamp-preserving rsync/tar copy,friday historical copy size=608M; source locations retained
hybrid_mix_alpha1to03_3uav20gu_t250_k5_300u_seed45210_autodl_20260603_175023,20260603_175023,phase2,hybrid,MC/bootstrap mixed-target schedule experiment,observed_outputs,friday+autodl+s9,autodl:/root/autodl-tmp/sagin_marl/runs/phase2/hybrid_mix_alpha1to03_3uav20gu_t250_k5_300u_seed45210_autodl_20260603_175023 | s9:D:/sagin_marl/runs/phase2/hybrid_mix_alpha1to03_3uav20gu_t250_k5_300u_seed45210_autodl_20260603_175023 | friday:/home/sgy/workspace/sagin_marl/runs/historical/phase2/hybrid_mix_alpha1to03_3uav20gu_t250_k5_300u_seed45210_autodl_20260603_175023,runs/phase2/hybrid_mix_alpha1to03_3uav20gu_t250_k5_300u_seed45210_autodl_20260603_175023 | runs/historical/phase2/hybrid_mix_alpha1to03_3uav20gu_t250_k5_300u_seed45210_autodl_20260603_175023,autodl:mac-python-rollout@b010c5e dirty=1 | s9:mac-python-rollout@63fbdd2 dirty=4,yes,no,yes,no,,keep,migrated_to_friday_high,migrated to friday historical on 2026-06-24T22:51:08+08:00 from autodl; timestamp-preserving rsync/tar copy,friday historical copy size=535M; source locations retained
hybrid_bootstrap_mcaux_beta0p3_3uav20gu_t250_k5_300u_seed45210_autodl_20260603_195356,20260603_195356,phase2,bootstrap+mc_aux+hybrid,bootstrap with MC auxiliary target experiment,observed_outputs,friday+autodl+s9,autodl:/root/autodl-tmp/sagin_marl/runs/phase2/hybrid_bootstrap_mcaux_beta0p3_3uav20gu_t250_k5_300u_seed45210_autodl_20260603_195356 | s9:D:/sagin_marl/runs/phase2/hybrid_bootstrap_mcaux_beta0p3_3uav20gu_t250_k5_300u_seed45210_autodl_20260603_195356 | friday:/home/sgy/workspace/sagin_marl/runs/historical/phase2/hybrid_bootstrap_mcaux_beta0p3_3uav20gu_t250_k5_300u_seed45210_autodl_20260603_195356,runs/phase2/hybrid_bootstrap_mcaux_beta0p3_3uav20gu_t250_k5_300u_seed45210_autodl_20260603_195356 | runs/historical/phase2/hybrid_bootstrap_mcaux_beta0p3_3uav20gu_t250_k5_300u_seed45210_autodl_20260603_195356,autodl:mac-python-rollout@b010c5e dirty=1 | s9:mac-python-rollout@63fbdd2 dirty=4,yes,no,yes,no,,keep,migrated_to_friday_high,migrated to friday historical on 2026-06-24T22:53:04+08:00 from autodl; timestamp-preserving rsync/tar copy,friday historical copy size=535M; source locations retained
hybrid_nstep64_3uav20gu_t250_k5_300u_seed45210_autodl_20260603_214045,20260603_214045,phase2,hybrid+nstep,n-step return hybrid target experiment,observed_outputs,friday+autodl+s9,autodl:/root/autodl-tmp/sagin_marl/runs/phase2/hybrid_nstep64_3uav20gu_t250_k5_300u_seed45210_autodl_20260603_214045 | s9:D:/sagin_marl/runs/phase2/hybrid_nstep64_3uav20gu_t250_k5_300u_seed45210_autodl_20260603_214045 | friday:/home/sgy/workspace/sagin_marl/runs/historical/phase2/hybrid_nstep64_3uav20gu_t250_k5_300u_seed45210_autodl_20260603_214045,runs/phase2/hybrid_nstep64_3uav20gu_t250_k5_300u_seed45210_autodl_20260603_214045 | runs/historical/phase2/hybrid_nstep64_3uav20gu_t250_k5_300u_seed45210_autodl_20260603_214045,autodl:mac-python-rollout@b010c5e dirty=1 | s9:mac-python-rollout@63fbdd2 dirty=4,yes,no,yes,no,,keep,migrated_to_friday_high,migrated to friday historical on 2026-06-24T22:55:51+08:00 from autodl; timestamp-preserving rsync/tar copy,friday historical copy size=535M; source locations retained
fixed_tau_causal_u150_u250_20260604_191911_autodl,20260604_191911,phase2,fixed_tau,fixed-tau causal test from u150 to u250,observed_outputs,local+friday+autodl+s9,local:/Users/erik/Documents/GitHub/sagin_marl/runs/phase2/fixed_tau_causal_u150_u250_20260604_191911_autodl | autodl:/root/autodl-tmp/sagin_marl/runs/phase2/fixed_tau_causal_u150_u250_20260604_191911_autodl | s9:D:/sagin_marl/runs/phase2/fixed_tau_causal_u150_u250_20260604_191911_autodl | friday:/home/sgy/workspace/sagin_marl/runs/historical/phase2/fixed_tau_causal_u150_u250_20260604_191911_autodl,runs/phase2/fixed_tau_causal_u150_u250_20260604_191911_autodl | runs/historical/phase2/fixed_tau_causal_u150_u250_20260604_191911_autodl,autodl:mac-python-rollout@b010c5e dirty=1 | local:phase2-bw-degradation@ff32886 | s9:mac-python-rollout@63fbdd2 dirty=4,yes,yes,yes,no,,keep,migrated_to_friday_high,migrated to friday historical on 2026-06-24T23:03:24+08:00 from autodl; timestamp-preserving rsync/tar copy,friday historical copy size=1.6G; source locations retained
bootstrap_fullrerun_3uav20gu_t250_k5_300u_seed45211_autodl_nocompile_20260605_001847,20260605_001847,phase2,bootstrap,bootstrap GAE full rerun baseline for BW collapse study,observed_outputs,friday+autodl+s9,autodl:/root/autodl-tmp/sagin_marl/runs/phase2/bootstrap_fullrerun_3uav20gu_t250_k5_300u_seed45211_autodl_nocompile_20260605_001847 | s9:D:/sagin_marl/runs/phase2/bootstrap_fullrerun_3uav20gu_t250_k5_300u_seed45211_autodl_nocompile_20260605_001847 | friday:/home/sgy/workspace/sagin_marl/runs/historical/phase2/bootstrap_fullrerun_3uav20gu_t250_k5_300u_seed45211_autodl_nocompile_20260605_001847,runs/phase2/bootstrap_fullrerun_3uav20gu_t250_k5_300u_seed45211_autodl_nocompile_20260605_001847 | runs/historical/phase2/bootstrap_fullrerun_3uav20gu_t250_k5_300u_seed45211_autodl_nocompile_20260605_001847,autodl:mac-python-rollout@b010c5e dirty=1 | s9:mac-python-rollout@63fbdd2 dirty=4,yes,yes,yes,no,,keep,migrated_to_friday_high,migrated to friday historical on 2026-06-24T23:06:17+08:00 from autodl; timestamp-preserving rsync/tar copy,friday historical copy size=535M; source locations retained
bootstrap_fixed_tau1_from_u200_to_u300_seed45211_autodl_20260605_015958,20260605_015958,phase2,bootstrap+fixed_tau,fixed-tau continuation from u200 collapse control,observed_outputs,friday+autodl+s9,autodl:/root/autodl-tmp/sagin_marl/runs/phase2/bootstrap_fixed_tau1_from_u200_to_u300_seed45211_autodl_20260605_015958 | s9:D:/sagin_marl/runs/phase2/bootstrap_fixed_tau1_from_u200_to_u300_seed45211_autodl_20260605_015958 | friday:/home/sgy/workspace/sagin_marl/runs/historical/phase2/bootstrap_fixed_tau1_from_u200_to_u300_seed45211_autodl_20260605_015958,runs/phase2/bootstrap_fixed_tau1_from_u200_to_u300_seed45211_autodl_20260605_015958 | runs/historical/phase2/bootstrap_fixed_tau1_from_u200_to_u300_seed45211_autodl_20260605_015958,autodl:mac-python-rollout@b010c5e dirty=1 | s9:mac-python-rollout@63fbdd2 dirty=4,yes,yes,yes,no,,keep,migrated_to_friday_high,migrated to friday historical on 2026-06-24T23:08:02+08:00 from autodl; timestamp-preserving rsync/tar copy,friday historical copy size=381M; source locations retained
bootstrap_fixed_tau1p0_kappa32p0_from_u275_to_u300_seed45211_autodl_20260605_024355,20260605_024355,phase2,bootstrap+fixed_tau,fixed-tau with kappa variant collapse control,observed_outputs,friday+autodl+s9,autodl:/root/autodl-tmp/sagin_marl/runs/phase2/bootstrap_fixed_tau1p0_kappa32p0_from_u275_to_u300_seed45211_autodl_20260605_024355 | s9:D:/sagin_marl/runs/phase2/bootstrap_fixed_tau1p0_kappa32p0_from_u275_to_u300_seed45211_autodl_20260605_024355 | friday:/home/sgy/workspace/sagin_marl/runs/historical/phase2/bootstrap_fixed_tau1p0_kappa32p0_from_u275_to_u300_seed45211_autodl_20260605_024355,runs/phase2/bootstrap_fixed_tau1p0_kappa32p0_from_u275_to_u300_seed45211_autodl_20260605_024355 | runs/historical/phase2/bootstrap_fixed_tau1p0_kappa32p0_from_u275_to_u300_seed45211_autodl_20260605_024355,autodl:mac-python-rollout@b010c5e dirty=1 | s9:mac-python-rollout@63fbdd2 dirty=4,yes,yes,yes,no,,keep,migrated_to_friday_high,migrated to friday historical on 2026-06-24T23:08:28+08:00 from autodl; timestamp-preserving rsync/tar copy,friday historical copy size=158M; source locations retained
bootstrap_fixed_tau1p0_freeze_bw_from_u275_to_u300_seed45211_autodl_20260605_025930,20260605_025930,phase2,bootstrap+fixed_tau+freeze_bw,fixed-tau plus freeze-BW collapse control,observed_outputs,friday+autodl+s9,autodl:/root/autodl-tmp/sagin_marl/runs/phase2/bootstrap_fixed_tau1p0_freeze_bw_from_u275_to_u300_seed45211_autodl_20260605_025930 | s9:D:/sagin_marl/runs/phase2/bootstrap_fixed_tau1p0_freeze_bw_from_u275_to_u300_seed45211_autodl_20260605_025930 | friday:/home/sgy/workspace/sagin_marl/runs/historical/phase2/bootstrap_fixed_tau1p0_freeze_bw_from_u275_to_u300_seed45211_autodl_20260605_025930,runs/phase2/bootstrap_fixed_tau1p0_freeze_bw_from_u275_to_u300_seed45211_autodl_20260605_025930 | runs/historical/phase2/bootstrap_fixed_tau1p0_freeze_bw_from_u275_to_u300_seed45211_autodl_20260605_025930,autodl:mac-python-rollout@b010c5e dirty=1 | s9:mac-python-rollout@63fbdd2 dirty=4,yes,yes,yes,no,,keep,migrated_to_friday_high,migrated to friday historical on 2026-06-24T23:08:46+08:00 from autodl; timestamp-preserving rsync/tar copy,friday historical copy size=158M; source locations retained
heldout_eval_matrix_20260609_seed930000,20260609,phase2,matrix_sweep+evaluation,held-out evaluation matrix for 4090 mitigation comparisons,directory_only,friday+s9,s9:D:/sagin_marl/runs/phase2/heldout_eval_matrix_20260609_seed930000 | friday:/home/sgy/workspace/sagin_marl/runs/historical/phase2/heldout_eval_matrix_20260609_seed930000,runs/phase2/heldout_eval_matrix_20260609_seed930000 | runs/historical/phase2/heldout_eval_matrix_20260609_seed930000,s9:mac-python-rollout@63fbdd2 dirty=4,no,no,no,no,,keep,migrated_to_friday_high,migrated to friday historical on 2026-06-25T01:27:04+08:00 from s9; timestamp-preserving rsync/tar copy,friday historical copy size=796K; source locations retained
matrix_4090_control_20260609_015123,20260609_015123,phase2,matrix_sweep,4090 control mitigation matrix sweep,observed_outputs,friday+autodl+s9,autodl:/root/autodl-tmp/sagin_marl/runs/phase2/matrix_4090_control_20260609_015123 | s9:D:/sagin_marl/runs/phase2/matrix_4090_control_20260609_015123 | friday:/home/sgy/workspace/sagin_marl/runs/historical/phase2/matrix_4090_control_20260609_015123,runs/phase2/matrix_4090_control_20260609_015123 | runs/historical/phase2/matrix_4090_control_20260609_015123,autodl:mac-python-rollout@b010c5e dirty=1 | s9:mac-python-rollout@63fbdd2 dirty=4,yes,no,yes,no,,keep,migrated_to_friday_high,migrated to friday historical on 2026-06-24T23:11:07+08:00 from autodl; timestamp-preserving rsync/tar copy,friday historical copy size=1.1G; source locations retained
matrix_4090_fixedtau_20260609_015123,20260609_015123,phase2,fixed_tau+matrix_sweep,4090 fixed-tau mitigation matrix sweep,observed_outputs,friday+autodl+s9,autodl:/root/autodl-tmp/sagin_marl/runs/phase2/matrix_4090_fixedtau_20260609_015123 | s9:D:/sagin_marl/runs/phase2/matrix_4090_fixedtau_20260609_015123 | friday:/home/sgy/workspace/sagin_marl/runs/historical/phase2/matrix_4090_fixedtau_20260609_015123,runs/phase2/matrix_4090_fixedtau_20260609_015123 | runs/historical/phase2/matrix_4090_fixedtau_20260609_015123,autodl:mac-python-rollout@b010c5e dirty=1 | s9:mac-python-rollout@63fbdd2 dirty=4,yes,no,yes,no,,keep,migrated_to_friday_high,migrated to friday historical on 2026-06-24T23:12:19+08:00 from autodl; timestamp-preserving rsync/tar copy,friday historical copy size=525M; source locations retained
matched_step_4090_calibration_20260609_184313,20260609_184313,phase2,matched_step,matched-step mitigation calibration sweep,observed_outputs,friday+autodl+s9,autodl:/root/autodl-tmp/sagin_marl/runs/phase2/matched_step_4090_calibration_20260609_184313 | s9:D:/sagin_marl/runs/phase2/matched_step_4090_calibration_20260609_184313 | friday:/home/sgy/workspace/sagin_marl/runs/historical/phase2/matched_step_4090_calibration_20260609_184313,runs/phase2/matched_step_4090_calibration_20260609_184313 | runs/historical/phase2/matched_step_4090_calibration_20260609_184313,autodl:mac-python-rollout@b010c5e dirty=1 | s9:mac-python-rollout@63fbdd2 dirty=4,yes,no,yes,no,,keep,migrated_to_friday_high,migrated to friday historical on 2026-06-24T23:19:29+08:00 from autodl; timestamp-preserving rsync/tar copy,friday historical copy size=2.2G; source locations retained
h2_probe_4090_branchfull_20260610_001431,20260610_001431,phase2,h2_probe,H2 branch-return alignment diagnostic,observed_outputs,friday+autodl,autodl:/root/autodl-tmp/sagin_marl/runs/phase2/h2_probe_4090_branchfull_20260610_001431 | friday:/home/sgy/workspace/sagin_marl/runs/historical/phase2/h2_probe_4090_branchfull_20260610_001431,runs/phase2/h2_probe_4090_branchfull_20260610_001431 | runs/historical/phase2/h2_probe_4090_branchfull_20260610_001431,autodl:mac-python-rollout@b010c5e dirty=1,yes,no,yes,no,,keep,migrated_to_friday_high,migrated to friday historical on 2026-06-24T23:20:25+08:00 from autodl; timestamp-preserving rsync/tar copy,friday historical copy size=587M; source locations retained
matched_step_4090_bwlocal_mini_20260610_171827,20260610_171827,phase2,bw_local+matched_step,matched-step BW-local mini calibration,observed_outputs,friday+autodl+s9,autodl:/root/autodl-tmp/sagin_marl/runs/phase2/matched_step_4090_bwlocal_mini_20260610_171827 | s9:D:/sagin_marl/runs/phase2/matched_step_4090_bwlocal_mini_20260610_171827 | friday:/home/sgy/workspace/sagin_marl/runs/historical/phase2/matched_step_4090_bwlocal_mini_20260610_171827,runs/phase2/matched_step_4090_bwlocal_mini_20260610_171827 | runs/historical/phase2/matched_step_4090_bwlocal_mini_20260610_171827,autodl:mac-python-rollout@b010c5e dirty=1 | s9:mac-python-rollout@63fbdd2 dirty=4,yes,yes,yes,no,,keep,migrated_to_friday_high,migrated to friday historical on 2026-06-24T23:21:12+08:00 from autodl; timestamp-preserving rsync/tar copy,friday historical copy size=440M; source locations retained
h2_timeline_4090_timeline_20260610_204618,20260610_204618,phase2,h2_probe,H2 time-axis branch-return alignment diagnostic,observed_outputs,friday+autodl+s9,autodl:/root/autodl-tmp/sagin_marl/runs/phase2/h2_timeline_4090_timeline_20260610_204618 | s9:D:/sagin_marl/runs/phase2/h2_timeline_4090_timeline_20260610_204618 | friday:/home/sgy/workspace/sagin_marl/runs/historical/phase2/h2_timeline_4090_timeline_20260610_204618,runs/phase2/h2_timeline_4090_timeline_20260610_204618 | runs/historical/phase2/h2_timeline_4090_timeline_20260610_204618,autodl:mac-python-rollout@b010c5e dirty=1 | s9:mac-python-rollout@63fbdd2 dirty=4,yes,no,yes,no,,keep,migrated_to_friday_high,migrated to friday historical on 2026-06-24T23:25:01+08:00 from autodl; timestamp-preserving rsync/tar copy,friday historical copy size=1.5G; source locations retained
bwlocal_proto_4090_u250_20260611_005009,20260611_005009,phase2,bw_local,BW-local selected-sample actor-update prototype,observed_outputs,friday+autodl+s9,autodl:/root/autodl-tmp/sagin_marl/runs/phase2/bwlocal_proto_4090_u250_20260611_005009 | s9:D:/sagin_marl/runs/phase2/bwlocal_proto_4090_u250_20260611_005009 | friday:/home/sgy/workspace/sagin_marl/runs/historical/phase2/bwlocal_proto_4090_u250_20260611_005009,runs/phase2/bwlocal_proto_4090_u250_20260611_005009 | runs/historical/phase2/bwlocal_proto_4090_u250_20260611_005009,autodl:mac-python-rollout@b010c5e dirty=1 | s9:mac-python-rollout@63fbdd2 dirty=4,yes,no,yes,no,,keep,migrated_to_friday_high,migrated to friday historical on 2026-06-24T23:25:50+08:00 from autodl; timestamp-preserving rsync/tar copy,friday historical copy size=367M; source locations retained
bwonly_global_4090_20260617_133346,20260617_133346,phase2,bw_only,BW-only global-advantage training check,observed_outputs,local+friday+autodl,local:/Users/erik/Documents/GitHub/sagin_marl/runs/phase2/autodl_archives/bwonly_global_4090_20260617_133346.tgz | autodl:/root/autodl-tmp/sagin_marl/runs/phase2/bwonly_global_4090_20260617_133346 | autodl:/root/autodl-tmp/sagin_marl/runs/phase2/bwonly_global_4090_20260617_133346.tgz | friday:/home/sgy/workspace/sagin_marl/runs/historical/phase2/bwonly_global_4090_20260617_133346,runs/phase2/autodl_archives/bwonly_global_4090_20260617_133346.tgz | runs/phase2/bwonly_global_4090_20260617_133346 | runs/phase2/bwonly_global_4090_20260617_133346.tgz | runs/historical/phase2/bwonly_global_4090_20260617_133346,autodl:mac-python-rollout@b010c5e dirty=1 | local:phase2-bw-degradation@ff32886,yes,no,yes,yes,local:/Users/erik/Documents/GitHub/sagin_marl/runs/phase2/autodl_archives/bwonly_global_4090_20260617_133346.tgz | autodl:/root/autodl-tmp/sagin_marl/runs/phase2/bwonly_global_4090_20260617_133346.tgz,keep,migrated_to_friday_high,migrated to friday historical on 2026-06-24T23:26:54+08:00 from autodl; timestamp-preserving rsync/tar copy,friday historical copy size=633M; source locations retained
bwonly_strict_bwcritic_4090_20260617_151539,20260617_151539,phase2,bw_only,BW-only global-advantage check with strict BW critic/head scope,observed_outputs,local+friday+autodl,local:/Users/erik/Documents/GitHub/sagin_marl/runs/phase2/autodl_archives/bwonly_strict_bwcritic_4090_20260617_151539.tgz | autodl:/root/autodl-tmp/sagin_marl/runs/phase2/bwonly_strict_bwcritic_4090_20260617_151539 | autodl:/root/autodl-tmp/sagin_marl/runs/phase2/bwonly_strict_bwcritic_4090_20260617_151539.tgz | friday:/home/sgy/workspace/sagin_marl/runs/historical/phase2/bwonly_strict_bwcritic_4090_20260617_151539,runs/phase2/autodl_archives/bwonly_strict_bwcritic_4090_20260617_151539.tgz | runs/phase2/bwonly_strict_bwcritic_4090_20260617_151539 | runs/phase2/bwonly_strict_bwcritic_4090_20260617_151539.tgz | runs/historical/phase2/bwonly_strict_bwcritic_4090_20260617_151539,autodl:mac-python-rollout@b010c5e dirty=1 | local:phase2-bw-degradation@ff32886,yes,no,yes,yes,local:/Users/erik/Documents/GitHub/sagin_marl/runs/phase2/autodl_archives/bwonly_strict_bwcritic_4090_20260617_151539.tgz | autodl:/root/autodl-tmp/sagin_marl/runs/phase2/bwonly_strict_bwcritic_4090_20260617_151539.tgz,keep,migrated_to_friday_high,migrated to friday historical on 2026-06-24T23:27:24+08:00 from autodl; timestamp-preserving rsync/tar copy,friday historical copy size=311M; source locations retained
friday_4090_native_64env_t250_u1_nocompile_20260619_014344,20260619_014344,benchmark,,friday formal 1-update native-CUDA speed benchmark,observed_outputs,local+friday,local:/Users/erik/Documents/GitHub/sagin_marl/runs/friday_4090_setup/benchmarks/friday_4090_native_64env_t250_u1_nocompile_20260619_014344 | friday:/home/sgy/workspace/sagin_marl/runs/benchmarks/friday_4090_native_64env_t250_u1_nocompile_20260619_014344,runs/benchmarks/friday_4090_native_64env_t250_u1_nocompile_20260619_014344 | runs/friday_4090_setup/benchmarks/friday_4090_native_64env_t250_u1_nocompile_20260619_014344,friday:phase2-bw-degradation@ff32886 | local:phase2-bw-degradation@ff32886,yes,yes,yes,no,,keep,already_on_friday,already available on friday,long-term registry; smoke-only rows omitted; verify before deleting source data
friday_dualgpu_pcie_width_compare_20260619_104150,20260619_104150,benchmark,,friday dual-4090 PCIe-width benchmark,observed_outputs,local+friday,local:/Users/erik/Documents/GitHub/sagin_marl/runs/friday_4090_setup/benchmarks/friday_dualgpu_pcie_width_compare_20260619_104150 | friday:/home/sgy/workspace/sagin_marl/runs/benchmarks/friday_dualgpu_pcie_width_compare_20260619_104150,runs/benchmarks/friday_dualgpu_pcie_width_compare_20260619_104150 | runs/friday_4090_setup/benchmarks/friday_dualgpu_pcie_width_compare_20260619_104150,friday:phase2-bw-degradation@ff32886 | local:phase2-bw-degradation@ff32886,yes,yes,yes,no,,keep,already_on_friday,already available on friday,long-term registry; smoke-only rows omitted; verify before deleting source data
friday_4090_env_20260619_014233,20260619_014233,env_record,env_record,friday reproducible environment record,directory_only,friday,friday:/home/sgy/workspace/sagin_marl/runs/env_records/friday_4090_env_20260619_014233,runs/env_records/friday_4090_env_20260619_014233,friday:phase2-bw-degradation@ff32886,no,no,no,no,,keep,already_on_friday,already available on friday,long-term registry; smoke-only rows omitted; verify before deleting source data
pre_phase2_branch_sync_20260624_201501,20260624_201501,maintenance,,friday pre-sync dirty-tree backup,directory_only,friday,friday:/home/sgy/workspace/sagin_marl/runs/maintenance/pre_phase2_branch_sync_20260624_201501,runs/maintenance/pre_phase2_branch_sync_20260624_201501,friday:phase2-bw-degradation@ff32886,no,no,no,no,,keep,already_on_friday,already available on friday,long-term registry; smoke-only rows omitted; verify before deleting source data
server9_1050ti_joint_16env100step_3upd_20260526,20260526,perf,env_record,S9 1050Ti performance comparison,observed_outputs,s9,s9:D:/sagin_marl/runs/perf/server9_1050ti_joint_16env100step_3upd_20260526,runs/perf/server9_1050ti_joint_16env100step_3upd_20260526,s9:mac-python-rollout@63fbdd2 dirty=4,yes,no,yes,no,,keep,migrate_to_friday_medium,"infrastructure/performance context, small enough to keep",long-term registry; smoke-only rows omitted; verify before deleting source data
mc_vs_bootstrap_formal_eval_20260603_1117,20260603_1117,phase2,mc_vs_bootstrap+bootstrap+evaluation,formal MC-vs-bootstrap evaluation summary,directory_only,s9,s9:D:/sagin_marl/runs/phase2/mc_vs_bootstrap_formal_eval_20260603_1117,runs/phase2/mc_vs_bootstrap_formal_eval_20260603_1117,s9:mac-python-rollout@63fbdd2 dirty=4,no,no,no,no,,keep,migrate_to_friday_medium,useful evaluation/diagnostic context; migrate after high-priority set if disk/time allows,long-term registry; smoke-only rows omitted; verify before deleting source data
mc_vs_bootstrap_formal_eval_20260603_1125,20260603_1125,phase2,mc_vs_bootstrap+bootstrap+evaluation,formal MC-vs-bootstrap evaluation summary,directory_only,s9,s9:D:/sagin_marl/runs/phase2/mc_vs_bootstrap_formal_eval_20260603_1125,runs/phase2/mc_vs_bootstrap_formal_eval_20260603_1125,s9:mac-python-rollout@63fbdd2 dirty=4,no,no,no,no,,keep,migrate_to_friday_medium,useful evaluation/diagnostic context; migrate after high-priority set if disk/time allows,long-term registry; smoke-only rows omitted; verify before deleting source data
autodl_bw_degradation_diag_20260604,20260604,phase2,,local BW degradation diagnostic summary/material,observed_outputs,local,local:/Users/erik/Documents/GitHub/sagin_marl/runs/phase2/autodl_bw_degradation_diag_20260604,runs/phase2/autodl_bw_degradation_diag_20260604,local:phase2-bw-degradation@ff32886,no,yes,no,no,,keep,migrate_to_friday_medium,useful evaluation/diagnostic context; migrate after high-priority set if disk/time allows,long-term registry; smoke-only rows omitted; verify before deleting source data
s9_abc_checkpoint_sweep_20260604,20260604,phase2,,A/B/C/D checkpoint evaluation sweep,directory_only,s9,s9:D:/sagin_marl/runs/phase2/s9_abc_checkpoint_sweep_20260604,runs/phase2/s9_abc_checkpoint_sweep_20260604,s9:mac-python-rollout@63fbdd2 dirty=4,no,no,no,no,,keep,migrate_to_friday_medium,useful evaluation/diagnostic context; migrate after high-priority set if disk/time allows,long-term registry; smoke-only rows omitted; verify before deleting source data
s9_best_representative_cross_eval_20260604,20260604,phase2,evaluation,representative checkpoint cross-evaluation,directory_only,s9,s9:D:/sagin_marl/runs/phase2/s9_best_representative_cross_eval_20260604,runs/phase2/s9_best_representative_cross_eval_20260604,s9:mac-python-rollout@63fbdd2 dirty=4,no,no,no,no,,keep,migrate_to_friday_medium,useful evaluation/diagnostic context; migrate after high-priority set if disk/time allows,long-term registry; smoke-only rows omitted; verify before deleting source data
s9_full_cross_eval_20260604,20260604,phase2,evaluation,full cross-evaluation summary,directory_only,s9,s9:D:/sagin_marl/runs/phase2/s9_full_cross_eval_20260604,runs/phase2/s9_full_cross_eval_20260604,s9:mac-python-rollout@63fbdd2 dirty=4,no,no,no,no,,keep,migrate_to_friday_medium,useful evaluation/diagnostic context; migrate after high-priority set if disk/time allows,long-term registry; smoke-only rows omitted; verify before deleting source data
s9_mc_bootstrap_checkpoint_sweep_20260604,20260604,phase2,bootstrap,MC/bootstrap checkpoint sweep evaluation,directory_only,s9,s9:D:/sagin_marl/runs/phase2/s9_mc_bootstrap_checkpoint_sweep_20260604,runs/phase2/s9_mc_bootstrap_checkpoint_sweep_20260604,s9:mac-python-rollout@63fbdd2 dirty=4,no,no,no,no,,keep,migrate_to_friday_medium,useful evaluation/diagnostic context; migrate after high-priority set if disk/time allows,long-term registry; smoke-only rows omitted; verify before deleting source data
s9_old_snapshot_tau_repro_u150_u250_20260604_210917,20260604_210917,phase2,,S9 old-snapshot tau-collapse reproduction,observed_outputs,s9,s9:D:/sagin_marl/runs/phase2/s9_old_snapshot_tau_repro_u150_u250_20260604_210917,runs/phase2/s9_old_snapshot_tau_repro_u150_u250_20260604_210917,s9:mac-python-rollout@63fbdd2 dirty=4,yes,no,no,no,,keep,migrate_to_friday_medium,useful Phase 2 diagnostic; migrate after high-priority set if disk/time allows,long-term registry; smoke-only rows omitted; verify before deleting source data
s9_clean_7e539ce_u150_u250_control_fixedtau_20260605_000648,20260605_000648,phase2,fixed_tau,Phase 2 run; purpose needs manual confirmation,observed_outputs,s9,s9:D:/sagin_marl/runs/phase2/s9_clean_7e539ce_u150_u250_control_fixedtau_20260605_000648,runs/phase2/s9_clean_7e539ce_u150_u250_control_fixedtau_20260605_000648,s9:mac-python-rollout@63fbdd2 dirty=4,yes,no,yes,no,,keep,migrate_to_friday_medium,useful Phase 2 diagnostic; migrate after high-priority set if disk/time allows,long-term registry; smoke-only rows omitted; verify before deleting source data
s9_credit_probe_currentcode_u200_u240_control_fixedtau_20260605_122013,20260605_122013,phase2,fixed_tau+credit_probe,per-update credit-direction diagnostic,observed_outputs,s9,s9:D:/sagin_marl/runs/phase2/s9_credit_probe_currentcode_u200_u240_control_fixedtau_20260605_122013,runs/phase2/s9_credit_probe_currentcode_u200_u240_control_fixedtau_20260605_122013,s9:mac-python-rollout@63fbdd2 dirty=4,yes,no,yes,no,,keep,migrate_to_friday_medium,useful Phase 2 diagnostic; migrate after high-priority set if disk/time allows,long-term registry; smoke-only rows omitted; verify before deleting source data
s9_credit_probe_actor1_u200_u240_control_fixedtau_20260605_143908,20260605_143908,phase2,fixed_tau+credit_probe,per-update credit-direction diagnostic,observed_outputs,s9,s9:D:/sagin_marl/runs/phase2/s9_credit_probe_actor1_u200_u240_control_fixedtau_20260605_143908,runs/phase2/s9_credit_probe_actor1_u200_u240_control_fixedtau_20260605_143908,s9:mac-python-rollout@63fbdd2 dirty=4,yes,no,yes,no,,keep,migrate_to_friday_medium,useful Phase 2 diagnostic; migrate after high-priority set if disk/time allows,long-term registry; smoke-only rows omitted; verify before deleting source data
s9_bw_alignment_probe_native_branch_u200_to_u201_20260606,20260606,phase2,,BW branch/alignment diagnostic,observed_outputs,s9,s9:D:/sagin_marl/runs/phase2/s9_bw_alignment_probe_native_branch_u200_to_u201_20260606,runs/phase2/s9_bw_alignment_probe_native_branch_u200_to_u201_20260606,s9:mac-python-rollout@63fbdd2 dirty=4,yes,no,yes,no,,keep,migrate_to_friday_medium,useful Phase 2 diagnostic; migrate after high-priority set if disk/time allows,long-term registry; smoke-only rows omitted; verify before deleting source data
s9_bw_alignment_probe_native_branch_u250_to_u251_20260606,20260606,phase2,,BW branch/alignment diagnostic,observed_outputs,s9,s9:D:/sagin_marl/runs/phase2/s9_bw_alignment_probe_native_branch_u250_to_u251_20260606,runs/phase2/s9_bw_alignment_probe_native_branch_u250_to_u251_20260606,s9:mac-python-rollout@63fbdd2 dirty=4,yes,no,yes,no,,keep,migrate_to_friday_medium,useful Phase 2 diagnostic; migrate after high-priority set if disk/time allows,long-term registry; smoke-only rows omitted; verify before deleting source data
s9_bw_lr_sweep_valid_u250_to_u251_lr1e4_20260606,20260606,phase2,,BW learning-rate sensitivity diagnostic,observed_outputs,s9,s9:D:/sagin_marl/runs/phase2/s9_bw_lr_sweep_valid_u250_to_u251_lr1e4_20260606,runs/phase2/s9_bw_lr_sweep_valid_u250_to_u251_lr1e4_20260606,s9:mac-python-rollout@63fbdd2 dirty=4,yes,no,yes,no,,keep,migrate_to_friday_medium,useful Phase 2 diagnostic; migrate after high-priority set if disk/time allows,long-term registry; smoke-only rows omitted; verify before deleting source data
s9_bw_lr_sweep_valid_u250_to_u251_lr1e5_20260606,20260606,phase2,,BW learning-rate sensitivity diagnostic,observed_outputs,s9,s9:D:/sagin_marl/runs/phase2/s9_bw_lr_sweep_valid_u250_to_u251_lr1e5_20260606,runs/phase2/s9_bw_lr_sweep_valid_u250_to_u251_lr1e5_20260606,s9:mac-python-rollout@63fbdd2 dirty=4,yes,no,yes,no,,keep,migrate_to_friday_medium,useful Phase 2 diagnostic; migrate after high-priority set if disk/time allows,long-term registry; smoke-only rows omitted; verify before deleting source data
s9_bw_lr_sweep_valid_u250_to_u251_lr1e6_20260606,20260606,phase2,,BW learning-rate sensitivity diagnostic,observed_outputs,s9,s9:D:/sagin_marl/runs/phase2/s9_bw_lr_sweep_valid_u250_to_u251_lr1e6_20260606,runs/phase2/s9_bw_lr_sweep_valid_u250_to_u251_lr1e6_20260606,s9:mac-python-rollout@63fbdd2 dirty=4,yes,no,yes,no,,keep,migrate_to_friday_medium,useful Phase 2 diagnostic; migrate after high-priority set if disk/time allows,long-term registry; smoke-only rows omitted; verify before deleting source data
s9_bw_lr_sweep_valid_u250_to_u251_lr3e5_20260606,20260606,phase2,,BW learning-rate sensitivity diagnostic,observed_outputs,s9,s9:D:/sagin_marl/runs/phase2/s9_bw_lr_sweep_valid_u250_to_u251_lr3e5_20260606,runs/phase2/s9_bw_lr_sweep_valid_u250_to_u251_lr3e5_20260606,s9:mac-python-rollout@63fbdd2 dirty=4,yes,no,yes,no,,keep,migrate_to_friday_medium,useful Phase 2 diagnostic; migrate after high-priority set if disk/time allows,long-term registry; smoke-only rows omitted; verify before deleting source data
s9_bw_lr_sweep_valid_u250_to_u251_lr3e6_20260606,20260606,phase2,,BW learning-rate sensitivity diagnostic,observed_outputs,s9,s9:D:/sagin_marl/runs/phase2/s9_bw_lr_sweep_valid_u250_to_u251_lr3e6_20260606,runs/phase2/s9_bw_lr_sweep_valid_u250_to_u251_lr3e6_20260606,s9:mac-python-rollout@63fbdd2 dirty=4,yes,no,yes,no,,keep,migrate_to_friday_medium,useful Phase 2 diagnostic; migrate after high-priority set if disk/time allows,long-term registry; smoke-only rows omitted; verify before deleting source data
s9_bw_lr_verify_u250_to_u251_lr0_verify_20260606,20260606,phase2,,BW learning-rate sensitivity diagnostic,observed_outputs,s9,s9:D:/sagin_marl/runs/phase2/s9_bw_lr_verify_u250_to_u251_lr0_verify_20260606,runs/phase2/s9_bw_lr_verify_u250_to_u251_lr0_verify_20260606,s9:mac-python-rollout@63fbdd2 dirty=4,yes,no,yes,no,,keep,migrate_to_friday_medium,useful Phase 2 diagnostic; migrate after high-priority set if disk/time allows,long-term registry; smoke-only rows omitted; verify before deleting source data
s9_bw_lr_verify_u250_to_u251_lr3e4_verify_20260606,20260606,phase2,,BW learning-rate sensitivity diagnostic,observed_outputs,s9,s9:D:/sagin_marl/runs/phase2/s9_bw_lr_verify_u250_to_u251_lr3e4_verify_20260606,runs/phase2/s9_bw_lr_verify_u250_to_u251_lr3e4_verify_20260606,s9:mac-python-rollout@63fbdd2 dirty=4,yes,no,yes,no,,keep,migrate_to_friday_medium,useful Phase 2 diagnostic; migrate after high-priority set if disk/time allows,long-term registry; smoke-only rows omitted; verify before deleting source data
s9_raw_norm_probe_full_u200_to_u201_20260606_fg,20260606,phase2,,raw-vs-normalized advantage diagnostic,observed_outputs,s9,s9:D:/sagin_marl/runs/phase2/s9_raw_norm_probe_full_u200_to_u201_20260606_fg,runs/phase2/s9_raw_norm_probe_full_u200_to_u201_20260606_fg,s9:mac-python-rollout@63fbdd2 dirty=4,yes,no,yes,no,,keep,migrate_to_friday_medium,useful Phase 2 diagnostic; migrate after high-priority set if disk/time allows,long-term registry; smoke-only rows omitted; verify before deleting source data
s9_raw_norm_probe_full_u250_to_u251_20260606,20260606,phase2,,raw-vs-normalized advantage diagnostic,directory_only,s9,s9:D:/sagin_marl/runs/phase2/s9_raw_norm_probe_full_u250_to_u251_20260606,runs/phase2/s9_raw_norm_probe_full_u250_to_u251_20260606,s9:mac-python-rollout@63fbdd2 dirty=4,no,no,no,no,,keep,migrate_to_friday_medium,useful Phase 2 diagnostic; migrate after high-priority set if disk/time allows,long-term registry; smoke-only rows omitted; verify before deleting source data
s9_raw_norm_probe_full_u250_to_u251_20260606_fg,20260606,phase2,,raw-vs-normalized advantage diagnostic,observed_outputs,s9,s9:D:/sagin_marl/runs/phase2/s9_raw_norm_probe_full_u250_to_u251_20260606_fg,runs/phase2/s9_raw_norm_probe_full_u250_to_u251_20260606_fg,s9:mac-python-rollout@63fbdd2 dirty=4,yes,no,yes,no,,keep,migrate_to_friday_medium,useful Phase 2 diagnostic; migrate after high-priority set if disk/time allows,long-term registry; smoke-only rows omitted; verify before deleting source data
s9_bw_alignment_probe_multih_u200_to_u201_20260607_v2,20260607,phase2,,BW branch/alignment diagnostic,observed_outputs,s9,s9:D:/sagin_marl/runs/phase2/s9_bw_alignment_probe_multih_u200_to_u201_20260607_v2,runs/phase2/s9_bw_alignment_probe_multih_u200_to_u201_20260607_v2,s9:mac-python-rollout@63fbdd2 dirty=4,yes,no,yes,no,,keep,migrate_to_friday_medium,useful Phase 2 diagnostic; migrate after high-priority set if disk/time allows,long-term registry; smoke-only rows omitted; verify before deleting source data
s9_bw_alignment_probe_multih_u250_to_u251_20260607,20260607,phase2,,BW branch/alignment diagnostic,observed_outputs,s9,s9:D:/sagin_marl/runs/phase2/s9_bw_alignment_probe_multih_u250_to_u251_20260607,runs/phase2/s9_bw_alignment_probe_multih_u250_to_u251_20260607,s9:mac-python-rollout@63fbdd2 dirty=4,yes,no,yes,no,,keep,migrate_to_friday_medium,useful Phase 2 diagnostic; migrate after high-priority set if disk/time allows,long-term registry; smoke-only rows omitted; verify before deleting source data
s9_mechcmp_s32_u200_branchbest_bw1e5_1u_20260607_codex,20260607,phase2,branch_best,one-step mechanism-comparison diagnostic,observed_outputs,s9,s9:D:/sagin_marl/runs/phase2/s9_mechcmp_s32_u200_branchbest_bw1e5_1u_20260607_codex,runs/phase2/s9_mechcmp_s32_u200_branchbest_bw1e5_1u_20260607_codex,s9:mac-python-rollout@63fbdd2 dirty=4,yes,no,yes,no,,keep,migrate_to_friday_medium,useful Phase 2 diagnostic; migrate after high-priority set if disk/time allows,long-term registry; smoke-only rows omitted; verify before deleting source data
s9_mechcmp_s32_u200_branchhard_bw1e5_1u_20260607_codex,20260607,phase2,branch_hard,one-step mechanism-comparison diagnostic,observed_outputs,s9,s9:D:/sagin_marl/runs/phase2/s9_mechcmp_s32_u200_branchhard_bw1e5_1u_20260607_codex,runs/phase2/s9_mechcmp_s32_u200_branchhard_bw1e5_1u_20260607_codex,s9:mac-python-rollout@63fbdd2 dirty=4,yes,no,yes,no,,keep,migrate_to_friday_medium,useful Phase 2 diagnostic; migrate after high-priority set if disk/time allows,long-term registry; smoke-only rows omitted; verify before deleting source data
s9_mechcmp_s32_u250_branchbest_bw1e5_1u_20260607_codex,20260607,phase2,branch_best,one-step mechanism-comparison diagnostic,observed_outputs,s9,s9:D:/sagin_marl/runs/phase2/s9_mechcmp_s32_u250_branchbest_bw1e5_1u_20260607_codex,runs/phase2/s9_mechcmp_s32_u250_branchbest_bw1e5_1u_20260607_codex,s9:mac-python-rollout@63fbdd2 dirty=4,yes,no,yes,no,,keep,migrate_to_friday_medium,useful Phase 2 diagnostic; migrate after high-priority set if disk/time allows,long-term registry; smoke-only rows omitted; verify before deleting source data
s9_mechcmp_s32_u250_branchhard_bw1e5_1u_20260607_codex,20260607,phase2,branch_hard,one-step mechanism-comparison diagnostic,observed_outputs,s9,s9:D:/sagin_marl/runs/phase2/s9_mechcmp_s32_u250_branchhard_bw1e5_1u_20260607_codex,runs/phase2/s9_mechcmp_s32_u250_branchhard_bw1e5_1u_20260607_codex,s9:mac-python-rollout@63fbdd2 dirty=4,yes,no,yes,no,,keep,migrate_to_friday_medium,useful Phase 2 diagnostic; migrate after high-priority set if disk/time allows,long-term registry; smoke-only rows omitted; verify before deleting source data
s9_mechcmp_u200_branchbest_bw1e5_1u_20260607_codex,20260607,phase2,branch_best,one-step mechanism-comparison diagnostic,observed_outputs,s9,s9:D:/sagin_marl/runs/phase2/s9_mechcmp_u200_branchbest_bw1e5_1u_20260607_codex,runs/phase2/s9_mechcmp_u200_branchbest_bw1e5_1u_20260607_codex,s9:mac-python-rollout@63fbdd2 dirty=4,yes,no,yes,no,,keep,migrate_to_friday_medium,useful Phase 2 diagnostic; migrate after high-priority set if disk/time allows,long-term registry; smoke-only rows omitted; verify before deleting source data
s9_mechcmp_u200_branchguard_bw1e5_1u_20260607_codex,20260607,phase2,branch_guard,one-step mechanism-comparison diagnostic,observed_outputs,s9,s9:D:/sagin_marl/runs/phase2/s9_mechcmp_u200_branchguard_bw1e5_1u_20260607_codex,runs/phase2/s9_mechcmp_u200_branchguard_bw1e5_1u_20260607_codex,s9:mac-python-rollout@63fbdd2 dirty=4,yes,no,yes,no,,keep,migrate_to_friday_medium,useful Phase 2 diagnostic; migrate after high-priority set if disk/time allows,long-term registry; smoke-only rows omitted; verify before deleting source data
s9_mechcmp_u200_klguard_bw1e5_1u_20260607_codex,20260607,phase2,kl_guard,one-step mechanism-comparison diagnostic,observed_outputs,s9,s9:D:/sagin_marl/runs/phase2/s9_mechcmp_u200_klguard_bw1e5_1u_20260607_codex,runs/phase2/s9_mechcmp_u200_klguard_bw1e5_1u_20260607_codex,s9:mac-python-rollout@63fbdd2 dirty=4,yes,no,yes,no,,keep,migrate_to_friday_medium,useful Phase 2 diagnostic; migrate after high-priority set if disk/time allows,long-term registry; smoke-only rows omitted; verify before deleting source data
s9_mechcmp_u200_ppo_bw1e5_1u_20260607_codex,20260607,phase2,,one-step mechanism-comparison diagnostic,observed_outputs,s9,s9:D:/sagin_marl/runs/phase2/s9_mechcmp_u200_ppo_bw1e5_1u_20260607_codex,runs/phase2/s9_mechcmp_u200_ppo_bw1e5_1u_20260607_codex,s9:mac-python-rollout@63fbdd2 dirty=4,yes,no,yes,no,,keep,migrate_to_friday_medium,useful Phase 2 diagnostic; migrate after high-priority set if disk/time allows,long-term registry; smoke-only rows omitted; verify before deleting source data
s9_mechcmp_u200_ppo_bw1e6_1u_20260607_codex,20260607,phase2,,one-step mechanism-comparison diagnostic,observed_outputs,s9,s9:D:/sagin_marl/runs/phase2/s9_mechcmp_u200_ppo_bw1e6_1u_20260607_codex,runs/phase2/s9_mechcmp_u200_ppo_bw1e6_1u_20260607_codex,s9:mac-python-rollout@63fbdd2 dirty=4,yes,no,yes,no,,keep,migrate_to_friday_medium,useful Phase 2 diagnostic; migrate after high-priority set if disk/time allows,long-term registry; smoke-only rows omitted; verify before deleting source data
s9_mechcmp_u250_branchbest_bw1e5_1u_20260607_codex,20260607,phase2,branch_best,one-step mechanism-comparison diagnostic,observed_outputs,s9,s9:D:/sagin_marl/runs/phase2/s9_mechcmp_u250_branchbest_bw1e5_1u_20260607_codex,runs/phase2/s9_mechcmp_u250_branchbest_bw1e5_1u_20260607_codex,s9:mac-python-rollout@63fbdd2 dirty=4,yes,no,yes,no,,keep,migrate_to_friday_medium,useful Phase 2 diagnostic; migrate after high-priority set if disk/time allows,long-term registry; smoke-only rows omitted; verify before deleting source data
s9_mechcmp_u250_branchguard_bw1e5_1u_20260607_codex,20260607,phase2,branch_guard,one-step mechanism-comparison diagnostic,observed_outputs,s9,s9:D:/sagin_marl/runs/phase2/s9_mechcmp_u250_branchguard_bw1e5_1u_20260607_codex,runs/phase2/s9_mechcmp_u250_branchguard_bw1e5_1u_20260607_codex,s9:mac-python-rollout@63fbdd2 dirty=4,yes,no,yes,no,,keep,migrate_to_friday_medium,useful Phase 2 diagnostic; migrate after high-priority set if disk/time allows,long-term registry; smoke-only rows omitted; verify before deleting source data
s9_mechcmp_u250_klguard_bw1e5_1u_20260607_codex,20260607,phase2,kl_guard,one-step mechanism-comparison diagnostic,observed_outputs,s9,s9:D:/sagin_marl/runs/phase2/s9_mechcmp_u250_klguard_bw1e5_1u_20260607_codex,runs/phase2/s9_mechcmp_u250_klguard_bw1e5_1u_20260607_codex,s9:mac-python-rollout@63fbdd2 dirty=4,yes,no,yes,no,,keep,migrate_to_friday_medium,useful Phase 2 diagnostic; migrate after high-priority set if disk/time allows,long-term registry; smoke-only rows omitted; verify before deleting source data
s9_mechcmp_u250_ppo_bw1e5_1u_20260607_codex,20260607,phase2,,one-step mechanism-comparison diagnostic,observed_outputs,s9,s9:D:/sagin_marl/runs/phase2/s9_mechcmp_u250_ppo_bw1e5_1u_20260607_codex,runs/phase2/s9_mechcmp_u250_ppo_bw1e5_1u_20260607_codex,s9:mac-python-rollout@63fbdd2 dirty=4,yes,no,yes,no,,keep,migrate_to_friday_medium,useful Phase 2 diagnostic; migrate after high-priority set if disk/time allows,long-term registry; smoke-only rows omitted; verify before deleting source data
s9_mechcmp_u250_ppo_bw1e6_1u_20260607_codex,20260607,phase2,,one-step mechanism-comparison diagnostic,observed_outputs,s9,s9:D:/sagin_marl/runs/phase2/s9_mechcmp_u250_ppo_bw1e6_1u_20260607_codex,runs/phase2/s9_mechcmp_u250_ppo_bw1e6_1u_20260607_codex,s9:mac-python-rollout@63fbdd2 dirty=4,yes,no,yes,no,,keep,migrate_to_friday_medium,useful Phase 2 diagnostic; migrate after high-priority set if disk/time allows,long-term registry; smoke-only rows omitted; verify before deleting source data
s9_semantic_u250_branchbest_bw1e5_1u_20260607_codex,20260607,phase2,branch_best,semantic branch-score diagnostic,observed_outputs,s9,s9:D:/sagin_marl/runs/phase2/s9_semantic_u250_branchbest_bw1e5_1u_20260607_codex,runs/phase2/s9_semantic_u250_branchbest_bw1e5_1u_20260607_codex,s9:mac-python-rollout@63fbdd2 dirty=4,yes,no,yes,no,,keep,migrate_to_friday_medium,useful Phase 2 diagnostic; migrate after high-priority set if disk/time allows,long-term registry; smoke-only rows omitted; verify before deleting source data
phase2_A_C_autodl_20260603,20260603,archive+phase2,,compressed archive for historical Phase 2 AutoDL runs,archive_only_or_archived,autodl+s9,autodl:/root/autodl-tmp/sagin_marl/runs/phase2/autodl_archive/phase2_A_C_autodl_20260603.tgz | s9:D:/sagin_marl/runs/autodl_archive/phase2_A_C_autodl_20260603.tgz,runs/autodl_archive/phase2_A_C_autodl_20260603.tgz | runs/phase2/autodl_archive/phase2_A_C_autodl_20260603.tgz,autodl:mac-python-rollout@b010c5e dirty=1 | s9:mac-python-rollout@63fbdd2 dirty=4,no,no,no,yes,autodl:/root/autodl-tmp/sagin_marl/runs/phase2/autodl_archive/phase2_A_C_autodl_20260603.tgz | s9:D:/sagin_marl/runs/autodl_archive/phase2_A_C_autodl_20260603.tgz,keep_archive_only,keep_archive_only,archive index row; restore payload only when needed,long-term registry; smoke-only rows omitted; verify before deleting source data
phase2_D_bootstrap_mcaux_20260603,20260603,archive+phase2,bootstrap+mc_aux,compressed archive for historical Phase 2 AutoDL runs,archive_only_or_archived,autodl+s9,autodl:/root/autodl-tmp/sagin_marl/runs/phase2/autodl_archive/phase2_D_bootstrap_mcaux_20260603.tgz | s9:D:/sagin_marl/runs/autodl_archive/phase2_D_bootstrap_mcaux_20260603.tgz,runs/autodl_archive/phase2_D_bootstrap_mcaux_20260603.tgz | runs/phase2/autodl_archive/phase2_D_bootstrap_mcaux_20260603.tgz,autodl:mac-python-rollout@b010c5e dirty=1 | s9:mac-python-rollout@63fbdd2 dirty=4,no,no,no,yes,autodl:/root/autodl-tmp/sagin_marl/runs/phase2/autodl_archive/phase2_D_bootstrap_mcaux_20260603.tgz | s9:D:/sagin_marl/runs/autodl_archive/phase2_D_bootstrap_mcaux_20260603.tgz,keep_archive_only,keep_archive_only,archive index row; restore payload only when needed,long-term registry; smoke-only rows omitted; verify before deleting source data
phase2_B_nstep64_autodl_20260604,20260604,archive+phase2,nstep,compressed archive for historical Phase 2 AutoDL runs,archive_only_or_archived,autodl+s9,autodl:/root/autodl-tmp/sagin_marl/runs/phase2/autodl_archive/phase2_B_nstep64_autodl_20260604.tgz | s9:D:/sagin_marl/runs/autodl_archive/phase2_B_nstep64_autodl_20260604.tgz,runs/autodl_archive/phase2_B_nstep64_autodl_20260604.tgz | runs/phase2/autodl_archive/phase2_B_nstep64_autodl_20260604.tgz,autodl:mac-python-rollout@b010c5e dirty=1 | s9:mac-python-rollout@63fbdd2 dirty=4,no,no,no,yes,autodl:/root/autodl-tmp/sagin_marl/runs/phase2/autodl_archive/phase2_B_nstep64_autodl_20260604.tgz | s9:D:/sagin_marl/runs/autodl_archive/phase2_B_nstep64_autodl_20260604.tgz,keep_archive_only,keep_archive_only,archive index row; restore payload only when needed,long-term registry; smoke-only rows omitted; verify before deleting source data
phase2_fixed_tau_causal_u150_u250_autodl_20260604,20260604,archive+phase2,fixed_tau,compressed archive for historical Phase 2 AutoDL runs,archive_only_or_archived,autodl+s9,autodl:/root/autodl-tmp/sagin_marl/runs/phase2/autodl_archive/phase2_fixed_tau_causal_u150_u250_autodl_20260604.tgz | s9:D:/sagin_marl/runs/autodl_archive/phase2_fixed_tau_causal_u150_u250_autodl_20260604.tgz,runs/autodl_archive/phase2_fixed_tau_causal_u150_u250_autodl_20260604.tgz | runs/phase2/autodl_archive/phase2_fixed_tau_causal_u150_u250_autodl_20260604.tgz,autodl:mac-python-rollout@b010c5e dirty=1 | s9:mac-python-rollout@63fbdd2 dirty=4,no,no,no,yes,autodl:/root/autodl-tmp/sagin_marl/runs/phase2/autodl_archive/phase2_fixed_tau_causal_u150_u250_autodl_20260604.tgz | s9:D:/sagin_marl/runs/autodl_archive/phase2_fixed_tau_causal_u150_u250_autodl_20260604.tgz,keep_archive_only,keep_archive_only,archive index row; restore payload only when needed,long-term registry; smoke-only rows omitted; verify before deleting source data
phase2_bootstrap_bw_autodl_20260605,20260605,archive+phase2,bootstrap,compressed archive for historical Phase 2 AutoDL runs,archive_only_or_archived,autodl+s9,autodl:/root/autodl-tmp/sagin_marl/runs/phase2/autodl_archive/phase2_bootstrap_bw_autodl_20260605.tgz | s9:D:/sagin_marl/runs/autodl_archive/phase2_bootstrap_bw_autodl_20260605.tgz,runs/autodl_archive/phase2_bootstrap_bw_autodl_20260605.tgz | runs/phase2/autodl_archive/phase2_bootstrap_bw_autodl_20260605.tgz,autodl:mac-python-rollout@b010c5e dirty=1 | s9:mac-python-rollout@63fbdd2 dirty=4,no,no,no,yes,autodl:/root/autodl-tmp/sagin_marl/runs/phase2/autodl_archive/phase2_bootstrap_bw_autodl_20260605.tgz | s9:D:/sagin_marl/runs/autodl_archive/phase2_bootstrap_bw_autodl_20260605.tgz,keep_archive_only,keep_archive_only,archive index row; restore payload only when needed,long-term registry; smoke-only rows omitted; verify before deleting source data
mc_vs_bootstrap_short_20260531_1732,20260531_1732,phase2,mc_vs_bootstrap+bootstrap,Phase 2 run; purpose needs manual confirmation,observed_outputs,s9,s9:D:/sagin_marl/runs/phase2/mc_vs_bootstrap_short_20260531_1732,runs/phase2/mc_vs_bootstrap_short_20260531_1732,s9:mac-python-rollout@63fbdd2 dirty=4,yes,no,yes,no,,review,review_before_migration,has metrics but not yet classified as canonical,long-term registry; smoke-only rows omitted; verify before deleting source data
mc_vs_bootstrap_medium_20260531_1745,20260531_1745,phase2,mc_vs_bootstrap+bootstrap,Phase 2 run; purpose needs manual confirmation,observed_outputs,s9,s9:D:/sagin_marl/runs/phase2/mc_vs_bootstrap_medium_20260531_1745,runs/phase2/mc_vs_bootstrap_medium_20260531_1745,s9:mac-python-rollout@63fbdd2 dirty=4,yes,no,yes,no,,review,review_before_migration,has metrics but not yet classified as canonical,long-term registry; smoke-only rows omitted; verify before deleting source data
bootstrap_microbatch_probe_20260602_2336,20260602_2336,phase2,bootstrap,Phase 2 run; purpose needs manual confirmation,observed_outputs,s9,s9:D:/sagin_marl/runs/phase2/bootstrap_microbatch_probe_20260602_2336,runs/phase2/bootstrap_microbatch_probe_20260602_2336,s9:mac-python-rollout@63fbdd2 dirty=4,yes,no,yes,no,,review,review_before_migration,has metrics but not yet classified as canonical,long-term registry; smoke-only rows omitted; verify before deleting source data
bootstrap150_credit_probe_u151_20260604,20260604,phase2,bootstrap+credit_probe,per-update credit-direction diagnostic,observed_outputs,s9,s9:D:/sagin_marl/runs/phase2/bootstrap150_credit_probe_u151_20260604,runs/phase2/bootstrap150_credit_probe_u151_20260604,s9:mac-python-rollout@63fbdd2 dirty=4,yes,no,yes,no,,review,review_before_migration,has metrics but not yet classified as canonical,long-term registry; smoke-only rows omitted; verify before deleting source data
bootstrap250_credit_probe_u251_20260604,20260604,phase2,bootstrap+credit_probe,per-update credit-direction diagnostic,observed_outputs,s9,s9:D:/sagin_marl/runs/phase2/bootstrap250_credit_probe_u251_20260604,runs/phase2/bootstrap250_credit_probe_u251_20260604,s9:mac-python-rollout@63fbdd2 dirty=4,yes,no,yes,no,,review,review_before_migration,has metrics but not yet classified as canonical,long-term registry; smoke-only rows omitted; verify before deleting source data
s9_adv_filter_actor1_u240_control_20260605_advfilter,20260605,phase2,,advantage-filter actor-update diagnostic,observed_outputs,s9,s9:D:/sagin_marl/runs/phase2/s9_adv_filter_actor1_u240_control_20260605_advfilter,runs/phase2/s9_adv_filter_actor1_u240_control_20260605_advfilter,s9:mac-python-rollout@63fbdd2 dirty=4,yes,no,yes,no,,review,review_before_migration,has metrics but not yet classified as canonical,long-term registry; smoke-only rows omitted; verify before deleting source data
s9_adv_filter_pos_reset_tinylr_actor1_u240_control_20260605,20260605,phase2,,advantage-filter actor-update diagnostic,observed_outputs,s9,s9:D:/sagin_marl/runs/phase2/s9_adv_filter_pos_reset_tinylr_actor1_u240_control_20260605,runs/phase2/s9_adv_filter_pos_reset_tinylr_actor1_u240_control_20260605,s9:mac-python-rollout@63fbdd2 dirty=4,yes,no,yes,no,,review,review_before_migration,has metrics but not yet classified as canonical,long-term registry; smoke-only rows omitted; verify before deleting source data
s9_adv_filter_reset_actor1_u240_control_20260605,20260605,phase2,,advantage-filter actor-update diagnostic,observed_outputs,s9,s9:D:/sagin_marl/runs/phase2/s9_adv_filter_reset_actor1_u240_control_20260605,runs/phase2/s9_adv_filter_reset_actor1_u240_control_20260605,s9:mac-python-rollout@63fbdd2 dirty=4,yes,no,yes,no,,review,review_before_migration,has metrics but not yet classified as canonical,long-term registry; smoke-only rows omitted; verify before deleting source data
guarded_bw_soft_formal_py_20260605_43770,20260605_43770,phase2,guarded_bw,guarded BW update prototype/check,observed_outputs,s9,s9:D:/sagin_marl/runs/phase2/guarded_bw_soft_formal_py_20260605_43770,runs/phase2/guarded_bw_soft_formal_py_20260605_43770,s9:mac-python-rollout@63fbdd2 dirty=4,yes,no,yes,no,,review,review_before_migration,has metrics but not yet classified as canonical,long-term registry; smoke-only rows omitted; verify before deleting source data
guarded_bw_soft_formal_py_20260605_91754,20260605_91754,phase2,guarded_bw,guarded BW update prototype/check,observed_outputs,s9,s9:D:/sagin_marl/runs/phase2/guarded_bw_soft_formal_py_20260605_91754,runs/phase2/guarded_bw_soft_formal_py_20260605_91754,s9:mac-python-rollout@63fbdd2 dirty=4,yes,no,yes,no,,review,review_before_migration,has metrics but not yet classified as canonical,long-term registry; smoke-only rows omitted; verify before deleting source data
s9_bw_lr_sweep_u250_to_u251_lr0_20260606,20260606,phase2,,BW learning-rate sensitivity diagnostic,observed_outputs,s9,s9:D:/sagin_marl/runs/phase2/s9_bw_lr_sweep_u250_to_u251_lr0_20260606,runs/phase2/s9_bw_lr_sweep_u250_to_u251_lr0_20260606,s9:mac-python-rollout@63fbdd2 dirty=4,yes,no,yes,no,,review,review_before_migration,has metrics but not yet classified as canonical,long-term registry; smoke-only rows omitted; verify before deleting source data
s9_bw_lr_sweep_u250_to_u251_lr1e4_20260606,20260606,phase2,,BW learning-rate sensitivity diagnostic,observed_outputs,s9,s9:D:/sagin_marl/runs/phase2/s9_bw_lr_sweep_u250_to_u251_lr1e4_20260606,runs/phase2/s9_bw_lr_sweep_u250_to_u251_lr1e4_20260606,s9:mac-python-rollout@63fbdd2 dirty=4,yes,no,yes,no,,review,review_before_migration,has metrics but not yet classified as canonical,long-term registry; smoke-only rows omitted; verify before deleting source data
s9_bw_lr_sweep_u250_to_u251_lr1e5_20260606,20260606,phase2,,BW learning-rate sensitivity diagnostic,observed_outputs,s9,s9:D:/sagin_marl/runs/phase2/s9_bw_lr_sweep_u250_to_u251_lr1e5_20260606,runs/phase2/s9_bw_lr_sweep_u250_to_u251_lr1e5_20260606,s9:mac-python-rollout@63fbdd2 dirty=4,yes,no,yes,no,,review,review_before_migration,has metrics but not yet classified as canonical,long-term registry; smoke-only rows omitted; verify before deleting source data
s9_bw_lr_sweep_u250_to_u251_lr3e4_20260606,20260606,phase2,,BW learning-rate sensitivity diagnostic,observed_outputs,s9,s9:D:/sagin_marl/runs/phase2/s9_bw_lr_sweep_u250_to_u251_lr3e4_20260606,runs/phase2/s9_bw_lr_sweep_u250_to_u251_lr3e4_20260606,s9:mac-python-rollout@63fbdd2 dirty=4,yes,no,yes,no,,review,review_before_migration,has metrics but not yet classified as canonical,long-term registry; smoke-only rows omitted; verify before deleting source data
s9_bw_lr_sweep_u250_to_u251_lr3e5_20260606,20260606,phase2,,BW learning-rate sensitivity diagnostic,observed_outputs,s9,s9:D:/sagin_marl/runs/phase2/s9_bw_lr_sweep_u250_to_u251_lr3e5_20260606,runs/phase2/s9_bw_lr_sweep_u250_to_u251_lr3e5_20260606,s9:mac-python-rollout@63fbdd2 dirty=4,yes,no,yes,no,,review,review_before_migration,has metrics but not yet classified as canonical,long-term registry; smoke-only rows omitted; verify before deleting source data
lyapunov,,legacy_or_misc,,legacy miscellaneous output; review only if referenced,directory_only,local,local:/Users/erik/Documents/GitHub/sagin_marl/runs/lyapunov,runs/lyapunov,local:phase2-bw-degradation@ff32886,no,no,no,no,,ignore_or_delete_candidate,do_not_migrate,not a long-term experiment record,long-term registry; smoke-only rows omitted; verify before deleting source data
stage1_accel,,legacy_or_misc,,legacy miscellaneous output; review only if referenced,directory_only,local,local:/Users/erik/Documents/GitHub/sagin_marl/runs/stage1_accel,runs/stage1_accel,local:phase2-bw-degradation@ff32886,no,no,no,no,,ignore_or_delete_candidate,do_not_migrate,not a long-term experiment record,long-term registry; smoke-only rows omitted; verify before deleting source data
test,,legacy_or_misc,,legacy miscellaneous output; review only if referenced,directory_only,local,local:/Users/erik/Documents/GitHub/sagin_marl/runs/test,runs/test,local:phase2-bw-degradation@ff32886,no,no,no,no,,ignore_or_delete_candidate,do_not_migrate,not a long-term experiment record,long-term registry; smoke-only rows omitted; verify before deleting source data
autodl_debug_4env20step_3upd_20260524_143141,20260524_143141,legacy_or_misc,env_record,temporary debug/smoke support artifact,debug_or_failed_observed,s9,s9:D:/sagin_marl/runs/autodl_debug_4env20step_3upd_20260524_143141,runs/autodl_debug_4env20step_3upd_20260524_143141,s9:mac-python-rollout@63fbdd2 dirty=4,yes,no,yes,no,,ignore_or_delete_candidate,do_not_migrate,temporary smoke/debug/support artifact,long-term registry; smoke-only rows omitted; verify before deleting source data
autodl_debug_16env100step_10upd_20260524_143713,20260524_143713,legacy_or_misc,env_record,temporary debug/smoke support artifact,debug_or_failed_observed,s9,s9:D:/sagin_marl/runs/autodl_debug_16env100step_10upd_20260524_143713,runs/autodl_debug_16env100step_10upd_20260524_143713,s9:mac-python-rollout@63fbdd2 dirty=4,yes,no,yes,no,,ignore_or_delete_candidate,do_not_migrate,temporary smoke/debug/support artifact,long-term registry; smoke-only rows omitted; verify before deleting source data
_drivers,,phase2,,temporary debug/smoke support artifact,directory_only,s9,s9:D:/sagin_marl/runs/phase2/_drivers,runs/phase2/_drivers,s9:mac-python-rollout@63fbdd2 dirty=4,no,no,no,no,,ignore_or_delete_candidate,do_not_migrate,temporary smoke/debug/support artifact,long-term registry; smoke-only rows omitted; verify before deleting source data
s9_credit_probe_currentcode_debug_resume_u240_noop,,phase2,credit_probe,per-update credit-direction diagnostic,debug_or_failed_observed,s9,s9:D:/sagin_marl/runs/phase2/s9_credit_probe_currentcode_debug_resume_u240_noop,runs/phase2/s9_credit_probe_currentcode_debug_resume_u240_noop,s9:mac-python-rollout@63fbdd2 dirty=4,no,no,yes,no,,ignore_or_delete_candidate,do_not_migrate,temporary smoke/debug/support artifact,long-term registry; smoke-only rows omitted; verify before deleting source data
bootstrap_gae_entry_smoke_20260531_1638,20260531_1638,phase2,bootstrap+smoke,temporary debug/smoke support artifact,directory_only,s9,s9:D:/sagin_marl/runs/phase2/bootstrap_gae_entry_smoke_20260531_1638,runs/phase2/bootstrap_gae_entry_smoke_20260531_1638,s9:mac-python-rollout@63fbdd2 dirty=4,no,no,no,no,,ignore_or_delete_candidate,do_not_migrate,temporary smoke/debug/support artifact,long-term registry; smoke-only rows omitted; verify before deleting source data
bootstrap_gae_entry_smoke_20260531_1652,20260531_1652,phase2,bootstrap+smoke,temporary debug/smoke support artifact,observed_outputs,s9,s9:D:/sagin_marl/runs/phase2/bootstrap_gae_entry_smoke_20260531_1652,runs/phase2/bootstrap_gae_entry_smoke_20260531_1652,s9:mac-python-rollout@63fbdd2 dirty=4,yes,no,yes,no,,ignore_or_delete_candidate,do_not_migrate,temporary smoke/debug/support artifact,long-term registry; smoke-only rows omitted; verify before deleting source data
mc_vs_bootstrap_short_20260531_1715,20260531_1715,phase2,mc_vs_bootstrap+bootstrap,Phase 2 run; purpose needs manual confirmation,directory_only,s9,s9:D:/sagin_marl/runs/phase2/mc_vs_bootstrap_short_20260531_1715,runs/phase2/mc_vs_bootstrap_short_20260531_1715,s9:mac-python-rollout@63fbdd2 dirty=4,no,no,no,no,,ignore_or_delete_candidate,do_not_migrate,directory-only or low-value historical artifact,long-term registry; smoke-only rows omitted; verify before deleting source data
mc_vs_bootstrap_medium_20260531_1740,20260531_1740,phase2,mc_vs_bootstrap+bootstrap,Phase 2 run; purpose needs manual confirmation,directory_only,s9,s9:D:/sagin_marl/runs/phase2/mc_vs_bootstrap_medium_20260531_1740,runs/phase2/mc_vs_bootstrap_medium_20260531_1740,s9:mac-python-rollout@63fbdd2 dirty=4,no,no,no,no,,ignore_or_delete_candidate,do_not_migrate,directory-only or low-value historical artifact,long-term registry; smoke-only rows omitted; verify before deleting source data
bootstrap_entry_debug_20260602_025457,20260602_025457,phase2,bootstrap,temporary debug/smoke support artifact,debug_or_failed_observed,s9,s9:D:/sagin_marl/runs/phase2/bootstrap_entry_debug_20260602_025457,runs/phase2/bootstrap_entry_debug_20260602_025457,s9:mac-python-rollout@63fbdd2 dirty=4,yes,no,yes,no,,ignore_or_delete_candidate,do_not_migrate,temporary smoke/debug/support artifact,long-term registry; smoke-only rows omitted; verify before deleting source data
bootstrap_entry_debug_20260602_025951,20260602_025951,phase2,bootstrap,temporary debug/smoke support artifact,debug_or_failed_observed,s9,s9:D:/sagin_marl/runs/phase2/bootstrap_entry_debug_20260602_025951,runs/phase2/bootstrap_entry_debug_20260602_025951,s9:mac-python-rollout@63fbdd2 dirty=4,yes,no,yes,no,,ignore_or_delete_candidate,do_not_migrate,temporary smoke/debug/support artifact,long-term registry; smoke-only rows omitted; verify before deleting source data
hybrid_schedule_smoke_s9_20260603,20260603,phase2,hybrid+smoke,temporary debug/smoke support artifact,observed_outputs,s9,s9:D:/sagin_marl/runs/phase2/hybrid_schedule_smoke_s9_20260603,runs/phase2/hybrid_schedule_smoke_s9_20260603,s9:mac-python-rollout@63fbdd2 dirty=4,yes,no,yes,no,,ignore_or_delete_candidate,do_not_migrate,temporary smoke/debug/support artifact,long-term registry; smoke-only rows omitted; verify before deleting source data
s9_validation_d_multiseed_20260603,20260603,phase2,,Phase 2 run; purpose needs manual confirmation,observed_outputs,s9,s9:D:/sagin_marl/runs/phase2/s9_validation_d_multiseed_20260603,runs/phase2/s9_validation_d_multiseed_20260603,s9:mac-python-rollout@63fbdd2 dirty=4,no,yes,no,no,,ignore_or_delete_candidate,do_not_migrate,directory-only or low-value historical artifact,long-term registry; smoke-only rows omitted; verify before deleting source data
smoke_b_nstep_20260603_s9,20260603,phase2,nstep+smoke,temporary debug/smoke support artifact,observed_outputs,s9,s9:D:/sagin_marl/runs/phase2/smoke_b_nstep_20260603_s9,runs/phase2/smoke_b_nstep_20260603_s9,s9:mac-python-rollout@63fbdd2 dirty=4,yes,no,yes,no,,ignore_or_delete_candidate,do_not_migrate,temporary smoke/debug/support artifact,long-term registry; smoke-only rows omitted; verify before deleting source data
smoke_c_mixed_20260603_s9,20260603,phase2,smoke,temporary debug/smoke support artifact,observed_outputs,s9,s9:D:/sagin_marl/runs/phase2/smoke_c_mixed_20260603_s9,runs/phase2/smoke_c_mixed_20260603_s9,s9:mac-python-rollout@63fbdd2 dirty=4,yes,no,yes,no,,ignore_or_delete_candidate,do_not_migrate,temporary smoke/debug/support artifact,long-term registry; smoke-only rows omitted; verify before deleting source data
smoke_d_bootstrap_mc_aux_20260603_s9,20260603,phase2,bootstrap+smoke,temporary debug/smoke support artifact,observed_outputs,s9,s9:D:/sagin_marl/runs/phase2/smoke_d_bootstrap_mc_aux_20260603_s9,runs/phase2/smoke_d_bootstrap_mc_aux_20260603_s9,s9:mac-python-rollout@63fbdd2 dirty=4,yes,no,yes,no,,ignore_or_delete_candidate,do_not_migrate,temporary smoke/debug/support artifact,long-term registry; smoke-only rows omitted; verify before deleting source data
s9_bootstrap150_head_ablation_20260604,20260604,phase2,bootstrap,action-head ablation diagnostic,directory_only,s9,s9:D:/sagin_marl/runs/phase2/s9_bootstrap150_head_ablation_20260604,runs/phase2/s9_bootstrap150_head_ablation_20260604,s9:mac-python-rollout@63fbdd2 dirty=4,no,no,no,no,,ignore_or_delete_candidate,do_not_migrate,directory-only or low-value historical artifact,long-term registry; smoke-only rows omitted; verify before deleting source data
guarded_bw_soft_formal_20260605,20260605,phase2,guarded_bw,guarded BW update prototype/check,directory_only,s9,s9:D:/sagin_marl/runs/phase2/guarded_bw_soft_formal_20260605,runs/phase2/guarded_bw_soft_formal_20260605,s9:mac-python-rollout@63fbdd2 dirty=4,no,no,no,no,,ignore_or_delete_candidate,do_not_migrate,directory-only or low-value historical artifact,long-term registry; smoke-only rows omitted; verify before deleting source data
guarded_bw_soft_formal_ps_20260605,20260605,phase2,guarded_bw,guarded BW update prototype/check,directory_only,s9,s9:D:/sagin_marl/runs/phase2/guarded_bw_soft_formal_ps_20260605,runs/phase2/guarded_bw_soft_formal_ps_20260605,s9:mac-python-rollout@63fbdd2 dirty=4,no,no,no,no,,ignore_or_delete_candidate,do_not_migrate,directory-only or low-value historical artifact,long-term registry; smoke-only rows omitted; verify before deleting source data
guarded_bw_soft_formal_py_20260605,20260605,phase2,guarded_bw,guarded BW update prototype/check,directory_only,s9,s9:D:/sagin_marl/runs/phase2/guarded_bw_soft_formal_py_20260605,runs/phase2/guarded_bw_soft_formal_py_20260605,s9:mac-python-rollout@63fbdd2 dirty=4,no,no,no,no,,ignore_or_delete_candidate,do_not_migrate,directory-only or low-value historical artifact,long-term registry; smoke-only rows omitted; verify before deleting source data
s9_guarded_bw_smoke_u240_to_u241_20260605,20260605,phase2,guarded_bw+smoke,guarded BW update prototype/check,observed_outputs,s9,s9:D:/sagin_marl/runs/phase2/s9_guarded_bw_smoke_u240_to_u241_20260605,runs/phase2/s9_guarded_bw_smoke_u240_to_u241_20260605,s9:mac-python-rollout@63fbdd2 dirty=4,yes,no,yes,no,,ignore_or_delete_candidate,do_not_migrate,temporary smoke/debug/support artifact,long-term registry; smoke-only rows omitted; verify before deleting source data
s9_guarded_bw_soft_smoke_u240_to_u241_20260605,20260605,phase2,guarded_bw+smoke,guarded BW update prototype/check,observed_outputs,s9,s9:D:/sagin_marl/runs/phase2/s9_guarded_bw_soft_smoke_u240_to_u241_20260605,runs/phase2/s9_guarded_bw_soft_smoke_u240_to_u241_20260605,s9:mac-python-rollout@63fbdd2 dirty=4,yes,no,yes,no,,ignore_or_delete_candidate,do_not_migrate,temporary smoke/debug/support artifact,long-term registry; smoke-only rows omitted; verify before deleting source data
s9_clean_7e539ce_u150_u250_control_fixedtau_20260605_000248,20260605_000248,phase2,fixed_tau,Phase 2 run; purpose needs manual confirmation,directory_only,s9,s9:D:/sagin_marl/runs/phase2/s9_clean_7e539ce_u150_u250_control_fixedtau_20260605_000248,runs/phase2/s9_clean_7e539ce_u150_u250_control_fixedtau_20260605_000248,s9:mac-python-rollout@63fbdd2 dirty=4,no,no,no,no,,ignore_or_delete_candidate,do_not_migrate,directory-only or low-value historical artifact,long-term registry; smoke-only rows omitted; verify before deleting source data
s9_clean_7e539ce_u150_u250_control_fixedtau_20260605_000411,20260605_000411,phase2,fixed_tau,Phase 2 run; purpose needs manual confirmation,directory_only,s9,s9:D:/sagin_marl/runs/phase2/s9_clean_7e539ce_u150_u250_control_fixedtau_20260605_000411,runs/phase2/s9_clean_7e539ce_u150_u250_control_fixedtau_20260605_000411,s9:mac-python-rollout@63fbdd2 dirty=4,no,no,no,no,,ignore_or_delete_candidate,do_not_migrate,directory-only or low-value historical artifact,long-term registry; smoke-only rows omitted; verify before deleting source data
s9_clean_7e539ce_u150_u250_control_fixedtau_20260605_000534,20260605_000534,phase2,fixed_tau,Phase 2 run; purpose needs manual confirmation,directory_only,s9,s9:D:/sagin_marl/runs/phase2/s9_clean_7e539ce_u150_u250_control_fixedtau_20260605_000534,runs/phase2/s9_clean_7e539ce_u150_u250_control_fixedtau_20260605_000534,s9:mac-python-rollout@63fbdd2 dirty=4,no,no,no,no,,ignore_or_delete_candidate,do_not_migrate,directory-only or low-value historical artifact,long-term registry; smoke-only rows omitted; verify before deleting source data
s9_credit_probe_currentcode_u200_u240_control_fixedtau_20260605_121637,20260605_121637,phase2,fixed_tau+credit_probe,per-update credit-direction diagnostic,directory_only,s9,s9:D:/sagin_marl/runs/phase2/s9_credit_probe_currentcode_u200_u240_control_fixedtau_20260605_121637,runs/phase2/s9_credit_probe_currentcode_u200_u240_control_fixedtau_20260605_121637,s9:mac-python-rollout@63fbdd2 dirty=4,no,no,no,no,,ignore_or_delete_candidate,do_not_migrate,directory-only or low-value historical artifact,long-term registry; smoke-only rows omitted; verify before deleting source data
s9_credit_probe_currentcode_u200_u240_control_fixedtau_20260605_121833,20260605_121833,phase2,fixed_tau+credit_probe,per-update credit-direction diagnostic,directory_only,s9,s9:D:/sagin_marl/runs/phase2/s9_credit_probe_currentcode_u200_u240_control_fixedtau_20260605_121833,runs/phase2/s9_credit_probe_currentcode_u200_u240_control_fixedtau_20260605_121833,s9:mac-python-rollout@63fbdd2 dirty=4,no,no,no,no,,ignore_or_delete_candidate,do_not_migrate,directory-only or low-value historical artifact,long-term registry; smoke-only rows omitted; verify before deleting source data
s9_credit_probe_currentcode_u200_u240_control_fixedtau_20260605_121927,20260605_121927,phase2,fixed_tau+credit_probe,per-update credit-direction diagnostic,directory_only,s9,s9:D:/sagin_marl/runs/phase2/s9_credit_probe_currentcode_u200_u240_control_fixedtau_20260605_121927,runs/phase2/s9_credit_probe_currentcode_u200_u240_control_fixedtau_20260605_121927,s9:mac-python-rollout@63fbdd2 dirty=4,no,no,no,no,,ignore_or_delete_candidate,do_not_migrate,directory-only or low-value historical artifact,long-term registry; smoke-only rows omitted; verify before deleting source data
guarded_bw_soft_formal_py_20260605_71737,20260605_71737,phase2,guarded_bw,guarded BW update prototype/check,directory_only,s9,s9:D:/sagin_marl/runs/phase2/guarded_bw_soft_formal_py_20260605_71737,runs/phase2/guarded_bw_soft_formal_py_20260605_71737,s9:mac-python-rollout@63fbdd2 dirty=4,no,no,no,no,,ignore_or_delete_candidate,do_not_migrate,directory-only or low-value historical artifact,long-term registry; smoke-only rows omitted; verify before deleting source data
guarded_bw_soft_formal_ps_20260605_93163,20260605_93163,phase2,guarded_bw,guarded BW update prototype/check,directory_only,s9,s9:D:/sagin_marl/runs/phase2/guarded_bw_soft_formal_ps_20260605_93163,runs/phase2/guarded_bw_soft_formal_ps_20260605_93163,s9:mac-python-rollout@63fbdd2 dirty=4,no,no,no,no,,ignore_or_delete_candidate,do_not_migrate,directory-only or low-value historical artifact,long-term registry; smoke-only rows omitted; verify before deleting source data
s9_bw_alignment_probe_native_branch_smoke_u250_to_u251_20260606,20260606,phase2,smoke,BW branch/alignment diagnostic,directory_only,s9,s9:D:/sagin_marl/runs/phase2/s9_bw_alignment_probe_native_branch_smoke_u250_to_u251_20260606,runs/phase2/s9_bw_alignment_probe_native_branch_smoke_u250_to_u251_20260606,s9:mac-python-rollout@63fbdd2 dirty=4,no,no,no,no,,ignore_or_delete_candidate,do_not_migrate,temporary smoke/debug/support artifact,long-term registry; smoke-only rows omitted; verify before deleting source data
s9_bw_alignment_probe_native_branch_smoke_u250_to_u251_20260606_v2,20260606,phase2,smoke,BW branch/alignment diagnostic,observed_outputs,s9,s9:D:/sagin_marl/runs/phase2/s9_bw_alignment_probe_native_branch_smoke_u250_to_u251_20260606_v2,runs/phase2/s9_bw_alignment_probe_native_branch_smoke_u250_to_u251_20260606_v2,s9:mac-python-rollout@63fbdd2 dirty=4,yes,no,yes,no,,ignore_or_delete_candidate,do_not_migrate,temporary smoke/debug/support artifact,long-term registry; smoke-only rows omitted; verify before deleting source data
s9_bw_alignment_probe_smoke_python_u250_to_u251_20260606,20260606,phase2,smoke,BW branch/alignment diagnostic,directory_only,s9,s9:D:/sagin_marl/runs/phase2/s9_bw_alignment_probe_smoke_python_u250_to_u251_20260606,runs/phase2/s9_bw_alignment_probe_smoke_python_u250_to_u251_20260606,s9:mac-python-rollout@63fbdd2 dirty=4,no,no,no,no,,ignore_or_delete_candidate,do_not_migrate,temporary smoke/debug/support artifact,long-term registry; smoke-only rows omitted; verify before deleting source data
s9_bw_alignment_probe_smoke_u250_to_u251_20260606,20260606,phase2,smoke,BW branch/alignment diagnostic,directory_only,s9,s9:D:/sagin_marl/runs/phase2/s9_bw_alignment_probe_smoke_u250_to_u251_20260606,runs/phase2/s9_bw_alignment_probe_smoke_u250_to_u251_20260606,s9:mac-python-rollout@63fbdd2 dirty=4,no,no,no,no,,ignore_or_delete_candidate,do_not_migrate,temporary smoke/debug/support artifact,long-term registry; smoke-only rows omitted; verify before deleting source data
s9_bw_alignment_probe_smoke_u250_to_u251_20260606_v2,20260606,phase2,smoke,BW branch/alignment diagnostic,directory_only,s9,s9:D:/sagin_marl/runs/phase2/s9_bw_alignment_probe_smoke_u250_to_u251_20260606_v2,runs/phase2/s9_bw_alignment_probe_smoke_u250_to_u251_20260606_v2,s9:mac-python-rollout@63fbdd2 dirty=4,no,no,no,no,,ignore_or_delete_candidate,do_not_migrate,temporary smoke/debug/support artifact,long-term registry; smoke-only rows omitted; verify before deleting source data
s9_bw_alignment_probe_smoke_u250_to_u251_20260606_v3,20260606,phase2,smoke,BW branch/alignment diagnostic,observed_outputs,s9,s9:D:/sagin_marl/runs/phase2/s9_bw_alignment_probe_smoke_u250_to_u251_20260606_v3,runs/phase2/s9_bw_alignment_probe_smoke_u250_to_u251_20260606_v3,s9:mac-python-rollout@63fbdd2 dirty=4,yes,no,yes,no,,ignore_or_delete_candidate,do_not_migrate,temporary smoke/debug/support artifact,long-term registry; smoke-only rows omitted; verify before deleting source data
s9_branch_guard_smoke_u250_to_u251_20260607_codex,20260607,phase2,smoke,temporary debug/smoke support artifact,observed_outputs,s9,s9:D:/sagin_marl/runs/phase2/s9_branch_guard_smoke_u250_to_u251_20260607_codex,runs/phase2/s9_branch_guard_smoke_u250_to_u251_20260607_codex,s9:mac-python-rollout@63fbdd2 dirty=4,yes,no,yes,no,,ignore_or_delete_candidate,do_not_migrate,temporary smoke/debug/support artifact,long-term registry; smoke-only rows omitted; verify before deleting source data
s9_branch_guard_smoke_u250_to_u251_20260607_codex_fullrollout,20260607,phase2,smoke,temporary debug/smoke support artifact,observed_outputs,s9,s9:D:/sagin_marl/runs/phase2/s9_branch_guard_smoke_u250_to_u251_20260607_codex_fullrollout,runs/phase2/s9_branch_guard_smoke_u250_to_u251_20260607_codex_fullrollout,s9:mac-python-rollout@63fbdd2 dirty=4,yes,no,yes,no,,ignore_or_delete_candidate,do_not_migrate,temporary smoke/debug/support artifact,long-term registry; smoke-only rows omitted; verify before deleting source data
s9_bw_alignment_probe_multih_smoke_u250_to_u251_20260607,20260607,phase2,smoke,BW branch/alignment diagnostic,observed_outputs,s9,s9:D:/sagin_marl/runs/phase2/s9_bw_alignment_probe_multih_smoke_u250_to_u251_20260607,runs/phase2/s9_bw_alignment_probe_multih_smoke_u250_to_u251_20260607,s9:mac-python-rollout@63fbdd2 dirty=4,yes,no,yes,no,,ignore_or_delete_candidate,do_not_migrate,temporary smoke/debug/support artifact,long-term registry; smoke-only rows omitted; verify before deleting source data
s9_bw_alignment_probe_multih_u200_to_u201_20260607,20260607,phase2,,BW branch/alignment diagnostic,directory_only,s9,s9:D:/sagin_marl/runs/phase2/s9_bw_alignment_probe_multih_u200_to_u201_20260607,runs/phase2/s9_bw_alignment_probe_multih_u200_to_u201_20260607,s9:mac-python-rollout@63fbdd2 dirty=4,no,no,no,no,,ignore_or_delete_candidate,do_not_migrate,directory-only or low-value historical artifact,long-term registry; smoke-only rows omitted; verify before deleting source data
matrix_4090_20260608_204151,20260608_204151,phase2,matrix_sweep,4090 control mitigation matrix sweep,directory_only,local,local:/Users/erik/Documents/GitHub/sagin_marl/runs/phase2/matrix_4090_20260608_204151,runs/phase2/matrix_4090_20260608_204151,local:phase2-bw-degradation@ff32886,no,no,no,no,,ignore_or_delete_candidate,do_not_migrate,directory-only or low-value historical artifact,long-term registry; smoke-only rows omitted; verify before deleting source data
matrix_4090_20260608_204227,20260608_204227,phase2,matrix_sweep,4090 control mitigation matrix sweep,directory_only,local,local:/Users/erik/Documents/GitHub/sagin_marl/runs/phase2/matrix_4090_20260608_204227,runs/phase2/matrix_4090_20260608_204227,local:phase2-bw-degradation@ff32886,no,no,no,no,,ignore_or_delete_candidate,do_not_migrate,directory-only or low-value historical artifact,long-term registry; smoke-only rows omitted; verify before deleting source data
heldout_eval_matrix_20260609_smoke,20260609,phase2,matrix_sweep+evaluation+smoke,temporary debug/smoke support artifact,directory_only,s9,s9:D:/sagin_marl/runs/phase2/heldout_eval_matrix_20260609_smoke,runs/phase2/heldout_eval_matrix_20260609_smoke,s9:mac-python-rollout@63fbdd2 dirty=4,no,no,no,no,,ignore_or_delete_candidate,do_not_migrate,temporary smoke/debug/support artifact,long-term registry; smoke-only rows omitted; verify before deleting source data
debug_bootstrap_collect_crash_20260609_013216,20260609_013216,phase2,bootstrap,temporary debug/smoke support artifact,debug_or_failed_observed,autodl,autodl:/root/autodl-tmp/sagin_marl/runs/phase2/debug_bootstrap_collect_crash_20260609_013216,runs/phase2/debug_bootstrap_collect_crash_20260609_013216,autodl:mac-python-rollout@b010c5e dirty=1,no,no,no,no,,ignore_or_delete_candidate,do_not_migrate,temporary smoke/debug/support artifact,long-term registry; smoke-only rows omitted; verify before deleting source data
debug_bootstrap_nocompile_20260609_013629,20260609_013629,phase2,bootstrap,temporary debug/smoke support artifact,debug_or_failed_observed,autodl,autodl:/root/autodl-tmp/sagin_marl/runs/phase2/debug_bootstrap_nocompile_20260609_013629,runs/phase2/debug_bootstrap_nocompile_20260609_013629,autodl:mac-python-rollout@b010c5e dirty=1,yes,no,yes,no,,ignore_or_delete_candidate,do_not_migrate,temporary smoke/debug/support artifact,long-term registry; smoke-only rows omitted; verify before deleting source data
h2_probe_4090_smoke_20260610_000744,20260610_000744,phase2,h2_probe+smoke,temporary debug/smoke support artifact,observed_outputs,autodl,autodl:/root/autodl-tmp/sagin_marl/runs/phase2/h2_probe_4090_smoke_20260610_000744,runs/phase2/h2_probe_4090_smoke_20260610_000744,autodl:mac-python-rollout@b010c5e dirty=1,yes,no,yes,no,,ignore_or_delete_candidate,do_not_migrate,temporary smoke/debug/support artifact,long-term registry; smoke-only rows omitted; verify before deleting source data
